Data Date (UTC), LATITUDE, LONGITUDE, FMTID, YEAR, MONTH, DAY, HOUR, MIN, SST, RANGE, VBAT, GPSDELAY, SNR, TTFF, SBDTIME, Report Body
2020-10-06 15:00:00, 49.211800, -64.965200, 0, 2020, 10, 6, 15, 0, 7.19, 2, 15.6, 0, 48, 24, 7, 0029433C0FFE987FF0B507FF000A9EFB463630CC
2020-10-06 14:00:00, 49.211800, -64.965200, 0, 2020, 10, 6, 14, 0, 7.06, 1, 15.6, 0, 48, 24, 11, 002943380FFE96DFF0750BFF000A9EFB463630CC
2020-10-06 13:00:00, 49.211800, -64.965200, 0, 2020, 10, 6, 13, 0, 7.03, 1, 15.6, 0, 44, 24, 6, 002943340FFE967FF07506FF000A9EFB463630CB
2020-10-06 12:00:00, 49.211800, -64.965200, 0, 2020, 10, 6, 12, 0, 7.07, 1, 15.6, 0, 48, 24, 7, 002943300FFE96FFF07507FF000A9EFB463630CC
2020-10-06 11:00:00, 49.211800, -64.965200, 0, 2020, 10, 6, 11, 0, 7.10, 1, 15.6, 0, 48, 24, 7, 0029432C0FFE975FF07507FF000A9EFB463630CC
2020-10-06 10:00:00, 49.211800, -64.965200, 0, 2020, 10, 6, 10, 0, 7.10, 1, 15.6, 0, 44, 24, 11, 002943280FFE975FF0750BFF000A9EFB463630CB
2020-10-06 09:00:00, 49.211800, -64.965200, 0, 2020, 10, 6, 9, 0, 7.13, 1, 15.6, 0, 44, 24, 7, 002943240FFE97BFF07507FF000A9EFB463630CB
2020-10-06 08:00:00, 49.211800, -64.965200, 0, 2020, 10, 6, 8, 0, 7.10, 2, 15.6, 0, 48, 24, 11, 002943200FFE975FF0B50BFF000A9EFB463630CC
2020-10-06 07:00:00, 49.211800, -64.965200, 0, 2020, 10, 6, 7, 0, 7.08, 1, 15.6, 0, 44, 24, 10, 0029431C0FFE971FF0750AFF000A9EFB463630CB
2020-10-06 06:00:00, 49.211800, -64.965200, 0, 2020, 10, 6, 6, 0, 7.17, 1, 15.6, 0, 48, 24, 9, 002943180FFE983FF07509FF000A9EFB463630CC
2020-10-06 05:00:00, 49.211800, -64.965200, 0, 2020, 10, 6, 5, 0, 7.15, 2, 15.6, 0, 48, 24, 7, 002943140FFE97FFF0B507FF000A9EFB463630CC
2020-10-06 04:00:00, 49.211800, -64.965200, 0, 2020, 10, 6, 4, 0, 7.09, 2, 15.6, 0, 44, 24, 7, 002943100FFE973FF0B507FF000A9EFB463630CB
2020-10-06 03:00:00, 49.211800, -64.965200, 0, 2020, 10, 6, 3, 0, 7.04, 2, 15.6, 0, 44, 24, 7, 0029430C0FFE969FF0B507FF000A9EFB463630CB
2020-10-06 02:00:00, 49.211800, -64.965200, 0, 2020, 10, 6, 2, 0, 7.03, 2, 15.6, 0, 48, 24, 11, 002943080FFE967FF0B50BFF000A9EFB463630CC
2020-10-06 01:00:00, 49.211800, -64.965200, 0, 2020, 10, 6, 1, 0, 7.08, 2, 15.6, 0, 44, 24, 10, 002943040FFE971FF0B50AFF000A9EFB463630CB
2020-10-06 00:00:00, 49.211800, -64.965200, 0, 2020, 10, 6, 0, 0, 7.10, 2, 15.6, 0, 48, 24, 7, 002943000FFE975FF0B507FF000A9EFB463630CC
2020-10-05 23:00:00, 49.211800, -64.965200, 0, 2020, 10, 5, 23, 0, 7.11, 2, 15.6, 0, 48, 24, 10, 002942DC0FFE977FF0B50AFF000A9EFB463630CC
2020-10-05 22:00:00, 49.211800, -64.965200, 0, 2020, 10, 5, 22, 0, 7.29, 2, 15.6, 0, 48, 24, 10, 002942D80FFE99BFF0B50AFF000A9EFB463630CC
2020-10-05 21:00:00, 49.211800, -64.965200, 0, 2020, 10, 5, 21, 0, 7.23, 3, 15.6, 0, 48, 24, 9, 002942D40FFE98FFF0F509FF000A9EFB463630CC
2020-10-05 20:00:00, 49.211800, -64.965200, 0, 2020, 10, 5, 20, 0, 7.19, 4, 15.6, 0, 48, 22, 9, 002942D00FFE987FF13509FF000A9EFB463630BC
2020-10-05 19:00:00, 49.211800, -64.965200, 0, 2020, 10, 5, 19, 0, 7.46, 1, 15.6, 0, 44, 24, 7, 002942CC0FFE9BDFF07507FF000A9EFB463630CB
2020-10-05 18:00:00, 49.211800, -64.965200, 0, 2020, 10, 5, 18, 0, 7.19, 5, 15.6, 0, 48, 24, 6, 002942C80FFE987FF17506FF000A9EFB463630CC
2020-10-05 17:00:00, 49.211800, -64.965200, 0, 2020, 10, 5, 17, 0, 7.27, 1, 15.6, 0, 44, 24, 14, 002942C40FFE997FF0750EFF000A9EFB463630CB
2020-10-05 16:00:00, 49.211800, -64.965200, 0, 2020, 10, 5, 16, 0, 7.14, 3, 15.6, 0, 44, 24, 9, 002942C00FFE97DFF0F509FF000A9EFB463630CB
2020-10-05 15:00:00, 49.211800, -64.965400, 0, 2020, 10, 5, 15, 0, 7.06, 2, 15.6, 0, 48, 24, 11, 002942BC0FFE96DFF0B50BFF000A9EFB463628CC
2020-10-05 14:00:00, 49.211800, -64.965200, 0, 2020, 10, 5, 14, 0, 6.99, 2, 15.6, 0, 48, 24, 11, 002942B80FFE95FFF0B50BFF000A9EFB463630CC
2020-10-05 13:00:00, 49.211800, -64.965200, 0, 2020, 10, 5, 13, 0, 6.97, 1, 15.6, 0, 44, 24, 8, 002942B40FFE95BFF07508FF000A9EFB463630CB
2020-10-05 12:00:00, 49.211800, -64.965200, 0, 2020, 10, 5, 12, 0, 6.95, 1, 15.6, 0, 48, 24, 7, 002942B00FFE957FF07507FF000A9EFB463630CC
2020-10-05 11:00:00, 49.211800, -64.965200, 0, 2020, 10, 5, 11, 0, 6.96, 1, 15.6, 0, 48, 24, 7, 002942AC0FFE959FF07507FF000A9EFB463630CC
2020-10-05 10:00:00, 49.211800, -64.965200, 0, 2020, 10, 5, 10, 0, 6.97, 1, 15.6, 0, 44, 22, 9, 002942A80FFE95BFF07509FF000A9EFB463630BB
2020-10-05 09:00:00, 49.211800, -64.965200, 0, 2020, 10, 5, 9, 0, 6.97, 2, 15.6, 0, 44, 24, 7, 002942A40FFE95BFF0B507FF000A9EFB463630CB
2020-10-05 08:00:00, 49.211800, -64.965200, 0, 2020, 10, 5, 8, 0, 6.97, 2, 15.6, 0, 44, 24, 8, 002942A00FFE95BFF0B508FF000A9EFB463630CB
2020-10-05 07:00:00, 49.211800, -64.965200, 0, 2020, 10, 5, 7, 0, 6.97, 1, 15.6, 0, 44, 24, 7, 0029429C0FFE95BFF07507FF000A9EFB463630CB
2020-10-05 06:00:00, 49.211800, -64.965200, 0, 2020, 10, 5, 6, 0, 6.97, 1, 15.6, 0, 48, 24, 7, 002942980FFE95BFF07507FF000A9EFB463630CC
2020-10-05 05:00:00, 49.211800, -64.965200, 0, 2020, 10, 5, 5, 0, 7.00, 1, 15.6, 0, 44, 24, 8, 002942940FFE961FF07508FF000A9EFB463630CB
2020-10-05 04:00:00, 49.211800, -64.965200, 0, 2020, 10, 5, 4, 0, 7.04, 1, 15.6, 0, 44, 24, 9, 002942900FFE969FF07509FF000A9EFB463630CB
2020-10-05 03:00:00, 49.211800, -64.965200, 0, 2020, 10, 5, 3, 0, 7.05, 1, 15.6, 0, 44, 24, 7, 0029428C0FFE96BFF07507FF000A9EFB463630CB
2020-10-05 02:00:00, 49.211800, -64.965200, 0, 2020, 10, 5, 2, 0, 7.07, 1, 15.6, 0, 48, 22, 7, 002942880FFE96FFF07507FF000A9EFB463630BC
2020-10-05 01:00:00, 49.211800, -64.965200, 0, 2020, 10, 5, 1, 0, 7.10, 2, 15.6, 0, 44, 24, 8, 002942840FFE975FF0B508FF000A9EFB463630CB
2020-10-05 00:00:00, 49.211800, -64.965200, 0, 2020, 10, 5, 0, 0, 7.08, 2, 15.6, 0, 48, 24, 6, 002942800FFE971FF0B506FF000A9EFB463630CC
2020-10-04 23:00:00, 49.211800, -64.965200, 0, 2020, 10, 4, 23, 0, 7.04, 2, 15.6, 0, 48, 24, 8, 0029425C0FFE969FF0B508FF000A9EFB463630CC
2020-10-04 22:00:00, 49.211800, -64.965200, 0, 2020, 10, 4, 22, 0, 7.06, 3, 15.6, 0, 48, 24, 10, 002942580FFE96DFF0F50AFF000A9EFB463630CC
2020-10-04 21:00:00, 49.211800, -64.965200, 0, 2020, 10, 4, 21, 0, 7.07, 2, 15.6, 0, 48, 24, 7, 002942540FFE96FFF0B507FF000A9EFB463630CC
2020-10-04 20:00:00, 49.211800, -64.965200, 0, 2020, 10, 4, 20, 0, 7.05, 2, 15.6, 0, 48, 24, 7, 002942500FFE96BFF0B507FF000A9EFB463630CC
2020-10-04 19:00:00, 49.211800, -64.965200, 0, 2020, 10, 4, 19, 0, 7.05, 2, 15.6, 0, 44, 24, 10, 0029424C0FFE96BFF0B50AFF000A9EFB463630CB
2020-10-04 18:00:00, 49.211800, -64.965200, 0, 2020, 10, 4, 18, 0, 7.03, 2, 15.6, 0, 48, 24, 13, 002942480FFE967FF0B50DFF000A9EFB463630CC
2020-10-04 17:00:00, 49.211800, -64.965200, 0, 2020, 10, 4, 17, 0, 7.01, 2, 15.6, 0, 44, 28, 11, 002942440FFE963FF0B50BFF000A9EFB463630EB
2020-10-04 16:00:00, 49.211800, -64.965200, 0, 2020, 10, 4, 16, 0, 6.98, 1, 15.6, 0, 44, 24, 7, 002942400FFE95DFF07507FF000A9EFB463630CB
2020-10-04 15:00:00, 49.211800, -64.965200, 0, 2020, 10, 4, 15, 0, 6.97, 1, 15.6, 0, 48, 24, 7, 0029423C0FFE95BFF07507FF000A9EFB463630CC
2020-10-04 14:00:00, 49.211800, -64.965200, 0, 2020, 10, 4, 14, 0, 6.95, 1, 15.6, 0, 48, 24, 10, 002942380FFE957FF0750AFF000A9EFB463630CC
2020-10-04 13:00:00, 49.211800, -64.965200, 0, 2020, 10, 4, 13, 0, 6.93, 2, 15.6, 0, 44, 24, 10, 002942340FFE953FF0B50AFF000A9EFB463630CB
2020-10-04 12:00:00, 49.211800, -64.965200, 0, 2020, 10, 4, 12, 0, 6.83, 1, 15.6, 0, 48, 24, 6, 002942300FFE93FFF07506FF000A9EFB463630CC
2020-10-04 11:00:00, 49.211800, -64.965200, 0, 2020, 10, 4, 11, 0, 6.81, 2, 15.6, 0, 48, 24, 12, 0029422C0FFE93BFF0B50CFF000A9EFB463630CC
2020-10-04 10:00:00, 49.211800, -64.965200, 0, 2020, 10, 4, 10, 0, 6.84, 2, 15.6, 0, 44, 24, 13, 002942280FFE941FF0B50DFF000A9EFB463630CB
2020-10-04 09:00:00, 49.211800, -64.965200, 0, 2020, 10, 4, 9, 0, 6.89, 2, 15.6, 0, 44, 24, 8, 002942240FFE94BFF0B508FF000A9EFB463630CB
2020-10-04 08:00:00, 49.211800, -64.965200, 0, 2020, 10, 4, 8, 0, 6.93, 2, 15.6, 0, 44, 24, 7, 002942200FFE953FF0B507FF000A9EFB463630CB
2020-10-04 07:00:00, 49.211800, -64.965200, 0, 2020, 10, 4, 7, 0, 6.98, 2, 15.6, 0, 44, 24, 7, 0029421C0FFE95DFF0B507FF000A9EFB463630CB
2020-10-04 06:00:00, 49.211800, -64.965200, 0, 2020, 10, 4, 6, 0, 6.98, 2, 15.6, 0, 48, 24, 9, 002942180FFE95DFF0B509FF000A9EFB463630CC
2020-10-04 05:00:00, 49.211800, -64.965200, 0, 2020, 10, 4, 5, 0, 7.04, 2, 15.6, 0, 48, 24, 11, 002942140FFE969FF0B50BFF000A9EFB463630CC
2020-10-04 04:00:00, 49.211800, -64.965200, 0, 2020, 10, 4, 4, 0, 7.14, 1, 15.6, 0, 44, 24, 10, 002942100FFE97DFF0750AFF000A9EFB463630CB
2020-10-04 03:00:00, 49.211800, -64.965200, 0, 2020, 10, 4, 3, 0, 7.14, 2, 15.6, 0, 44, 24, 6, 0029420C0FFE97DFF0B506FF000A9EFB463630CB
2020-10-04 02:00:00, 49.211800, -64.965200, 0, 2020, 10, 4, 2, 0, 7.24, 1, 15.6, 0, 48, 24, 8, 002942080FFE991FF07508FF000A9EFB463630CC
2020-10-04 01:00:00, 49.211800, -64.965200, 0, 2020, 10, 4, 1, 0, 7.39, 2, 15.6, 0, 44, 24, 8, 002942040FFE9AFFF0B508FF000A9EFB463630CB
2020-10-04 00:00:00, 49.211800, -64.965200, 0, 2020, 10, 4, 0, 0, 7.49, 2, 15.6, 0, 48, 24, 7, 002942000FFE9C3FF0B507FF000A9EFB463630CC
2020-10-03 23:00:00, 49.211800, -64.965200, 0, 2020, 10, 3, 23, 0, 7.49, 3, 15.6, 0, 48, 24, 7, 002941DC0FFE9C3FF0F507FF000A9EFB463630CC
2020-10-03 22:00:00, 49.212000, -64.966000, 0, 2020, 10, 3, 22, 0, 7.69, 3, 15.6, 0, 48, 24, 12, 002941D80FFE9EBFF0F50CFF000A9EFC463610CC
2020-10-03 21:00:00, 49.212000, -64.967000, 0, 2020, 10, 3, 21, 0, 7.95, 2, 15.6, 0, 48, 24, 7, 002941D40FFEA1FFF0B507FF000A9EFC4635E8CC
2020-10-03 20:00:00, 49.212200, -64.967400, 0, 2020, 10, 3, 20, 0, 7.81, 4, 15.6, 0, 48, 28, 8, 002941D00FFEA03FF13508FF000A9EFD4635D8EC
2020-10-03 19:00:00, 49.212400, -64.968400, 0, 2020, 10, 3, 19, 0, 7.76, 2, 15.6, 0, 44, 54, 10, 002941CC0FFE9F9FF0B50AFF000A9EFE4635B1BB
2020-10-03 18:00:00, 49.212800, -64.970200, 0, 2020, 10, 3, 18, 0, 7.86, 3, 15.6, 0, 48, 48, 7, 002941C80FFEA0DFF0F507FF000A9F004635698C
2020-10-03 17:00:00, 49.213000, -64.970400, 0, 2020, 10, 3, 17, 0, 7.70, 3, 15.6, 0, 44, 48, 7, 002941C40FFE9EDFF0F507FF000A9F014635618B
2020-10-03 16:00:00, 49.213000, -64.969400, 0, 2020, 10, 3, 16, 0, 7.86, 3, 15.6, 0, 44, 54, 9, 002941C00FFEA0DFF0F509FF000A9F01463589BB
2020-10-03 15:00:00, 49.213600, -64.965600, 0, 2020, 10, 3, 15, 0, 8.02, 3, 15.6, 0, 48, 78, 9, 002941BC0FFEA2DFF0F509FF000A9F044636227C
2020-10-03 14:00:00, 49.215600, -64.966800, 0, 2020, 10, 3, 14, 0, 8.11, 4, 15.6, 0, 48, 48, 20, 002941B80FFEA3FFF13514FF000A9F0E4635F18C
2020-10-03 13:00:00, 49.218000, -64.974000, 0, 2020, 10, 3, 13, 0, 7.65, 3, 15.6, 0, 44, 58, 9, 002941B40FFE9E3FF0F509FF000A9F1A4634D1DB
2020-10-03 12:00:00, 49.220400, -64.982800, 0, 2020, 10, 3, 12, 0, 7.83, 4, 15.6, 0, 48, 58, 7, 002941B00FFEA07FF13507FF000A9F26463371DC
2020-10-03 11:00:00, 49.221000, -64.991200, 0, 2020, 10, 3, 11, 0, 8.17, 3, 15.6, 0, 48, 28, 14, 002941AC0FFEA4BFF0F50EFF000A9F29463220EC
2020-10-03 10:00:00, 49.220600, -65.000600, 0, 2020, 10, 3, 10, 0, 8.26, 2, 15.6, 0, 44, 24, 8, 002941A80FFEA5DFF0B508FF000A9F274630A8CB
2020-10-03 09:00:00, 49.221000, -65.011600, 0, 2020, 10, 3, 9, 0, 8.28, 2, 15.6, 0, 44, 46, 9, 002941A40FFEA61FF0B509FF000A9F29462EF17B
2020-10-03 08:00:00, 49.222200, -65.021600, 0, 2020, 10, 3, 8, 0, 8.29, 2, 15.6, 0, 44, 46, 10, 002941A00FFEA63FF0B50AFF000A9F2F462D617B
2020-10-03 07:00:00, 49.224600, -65.027000, 0, 2020, 10, 3, 7, 0, 8.28, 2, 15.6, 0, 44, 54, 11, 0029419C0FFEA61FF0B50BFF000A9F3B462C89BB
2020-10-03 06:00:00, 49.225800, -65.028200, 0, 2020, 10, 3, 6, 0, 8.33, 2, 15.6, 0, 48, 24, 8, 002941980FFEA6BFF0B508FF000A9F41462C58CC
2020-10-03 05:00:00, 49.225200, -65.026600, 0, 2020, 10, 3, 5, 0, 8.37, 2, 15.6, 0, 48, 24, 10, 002941940FFEA73FF0B50AFF000A9F3E462C98CC
2020-10-03 04:00:00, 49.223400, -65.020400, 0, 2020, 10, 3, 4, 0, 8.38, 2, 15.6, 0, 44, 24, 10, 002941900FFEA75FF0B50AFF000A9F35462D90CB
2020-10-03 03:00:00, 49.223200, -65.013200, 0, 2020, 10, 3, 3, 0, 8.38, 1, 15.6, 0, 44, 24, 7, 0029418C0FFEA75FF07507FF000A9F34462EB0CB
2020-10-03 02:00:00, 49.223400, -65.011800, 0, 2020, 10, 3, 2, 0, 8.33, 1, 15.6, 0, 48, 24, 11, 002941880FFEA6BFF0750BFF000A9F35462EE8CC
2020-10-03 01:00:00, 49.223000, -65.015000, 0, 2020, 10, 3, 1, 0, 8.37, 2, 15.6, 0, 44, 24, 10, 002941840FFEA73FF0B50AFF000A9F33462E68CB
2020-10-03 00:00:00, 49.224400, -65.024400, 0, 2020, 10, 3, 0, 0, 8.37, 1, 15.6, 0, 48, 24, 6, 002941800FFEA73FF07506FF000A9F3A462CF0CC
2020-10-02 23:00:00, 49.226600, -65.035400, 0, 2020, 10, 2, 23, 0, 8.37, 2, 15.6, 0, 48, 28, 10, 0029415C0FFEA73FF0B50AFF000A9F45462B38EC
2020-10-02 22:00:00, 49.226800, -65.037400, 0, 2020, 10, 2, 22, 0, 8.41, 3, 15.6, 0, 48, 24, 8, 002941580FFEA7BFF0F508FF000A9F46462AE8CC
2020-10-02 21:00:00, 49.228800, -65.047600, 0, 2020, 10, 2, 21, 0, 8.43, 2, 15.6, 0, 48, 24, 6, 002941540FFEA7FFF0B506FF000A9F50462950CC
2020-10-02 20:00:00, 49.230800, -65.067200, 0, 2020, 10, 2, 20, 0, 8.43, 2, 15.6, 0, 48, 24, 7, 002941500FFEA7FFF0B507FF000A9F5A462640CC
2020-10-02 19:00:00, 49.232600, -65.082400, 0, 2020, 10, 2, 19, 0, 8.51, 2, 15.6, 0, 44, 24, 9, 0029414C0FFEA8FFF0B509FF000A9F634623E0CB
2020-10-02 18:00:00, 49.234600, -65.094600, 0, 2020, 10, 2, 18, 0, 8.48, 2, 15.6, 0, 48, 24, 7, 002941480FFEA89FF0B507FF000A9F6D4621F8CC
2020-10-02 17:00:00, 49.235600, -65.104200, 0, 2020, 10, 2, 17, 0, 8.50, 2, 15.6, 0, 44, 24, 7, 002941440FFEA8DFF0B507FF000A9F72462078CB
2020-10-02 16:00:00, 49.238200, -65.113200, 0, 2020, 10, 2, 16, 0, 8.48, 3, 15.6, 0, 44, 48, 7, 002941400FFEA89FF0F507FF000A9F7F461F118B
2020-10-02 15:00:00, 49.240400, -65.125400, 0, 2020, 10, 2, 15, 0, 8.59, 3, 15.6, 0, 48, 28, 10, 0029413C0FFEA9FFF0F50AFF000A9F8A461D28EC
2020-10-02 14:00:00, 49.242000, -65.140800, 0, 2020, 10, 2, 14, 0, 8.66, 1, 15.6, 0, 48, 24, 13, 002941380FFEAADFF0750DFF000A9F92461AC0CC
2020-10-02 13:00:00, 49.243400, -65.160800, 0, 2020, 10, 2, 13, 0, 8.58, 1, 15.6, 0, 44, 24, 9, 002941340FFEA9DFF07509FF000A9F994617A0CB
2020-10-02 12:00:00, 49.244600, -65.183400, 0, 2020, 10, 2, 12, 0, 8.45, 1, 15.6, 0, 48, 24, 8, 002941300FFEA83FF07508FF000A9F9F461418CC
2020-10-02 11:00:00, 49.246600, -65.210600, 0, 2020, 10, 2, 11, 0, 8.46, 2, 15.6, 0, 48, 24, 12, 0029412C0FFEA85FF0B50CFF000A9FA9460FD8CC
2020-10-02 10:00:00, 49.251800, -65.240800, 0, 2020, 10, 2, 10, 0, 8.38, 2, 15.6, 0, 44, 24, 10, 002941280FFEA75FF0B50AFF000A9FC3460B20CB
2020-10-02 09:00:00, 49.257200, -65.266200, 0, 2020, 10, 2, 9, 0, 8.42, 2, 15.6, 0, 44, 24, 10, 002941240FFEA7DFF0B50AFF000A9FDE460728CB
2020-10-02 08:00:00, 49.263000, -65.293400, 0, 2020, 10, 2, 8, 0, 8.48, 2, 15.6, 0, 44, 24, 7, 002941200FFEA89FF0B507FF000A9FFB4602E8CB
2020-10-02 07:00:00, 49.267800, -65.318600, 0, 2020, 10, 2, 7, 0, 8.58, 1, 15.6, 0, 44, 24, 9, 0029411C0FFEA9DFF07509FF000AA01345FEF8CB
2020-10-02 06:00:00, 49.272200, -65.337800, 0, 2020, 10, 2, 6, 0, 8.63, 1, 15.6, 0, 48, 24, 8, 002941180FFEAA7FF07508FF000AA02945FBF8CC
2020-10-02 05:00:00, 49.276400, -65.355000, 0, 2020, 10, 2, 5, 0, 8.57, 1, 15.6, 0, 48, 34, 8, 002941140FFEA9BFF07508FF000AA03E45F9491C
2020-10-02 04:00:00, 49.280000, -65.370200, 0, 2020, 10, 2, 4, 0, 8.55, 2, 15.6, 0, 44, 24, 10, 002941100FFEA97FF0B50AFF000AA05045F6E8CB
2020-10-02 03:00:00, 49.282000, -65.385400, 0, 2020, 10, 2, 3, 0, 8.64, 2, 15.6, 0, 44, 22, 7, 0029410C0FFEAA9FF0B507FF000AA05A45F488BB
2020-10-02 02:00:00, 49.284800, -65.402400, 0, 2020, 10, 2, 2, 0, 8.66, 2, 15.6, 0, 48, 24, 6, 002941080FFEAADFF0B506FF000AA06845F1E0CC
2020-10-02 01:00:00, 49.289000, -65.424400, 0, 2020, 10, 2, 1, 0, 8.62, 2, 15.6, 0, 44, 24, 8, 002941040FFEAA5FF0B508FF000AA07D45EE70CB
2020-10-02 00:00:00, 49.294000, -65.451600, 0, 2020, 10, 2, 0, 0, 8.59, 2, 15.6, 0, 48, 24, 7, 002941000FFEA9FFF0B507FF000AA09645EA30CC
2020-10-01 23:00:00, 49.297600, -65.481800, 0, 2020, 10, 1, 23, 0, 8.57, 3, 15.6, 0, 48, 24, 7, 002940DC0FFEA9BFF0F507FF000AA0A845E578CC
2020-10-01 22:00:00, 49.299400, -65.511200, 0, 2020, 10, 1, 22, 0, 8.58, 2, 15.6, 0, 44, 24, 11, 002940D80FFEA9DFF0B50BFF000AA0B145E0E0CB
2020-10-01 21:00:00, 49.303000, -65.537200, 0, 2020, 10, 1, 21, 0, 8.55, 2, 15.6, 0, 48, 22, 6, 002940D40FFEA97FF0B506FF000AA0C345DCD0BC
2020-10-01 20:00:00, 49.308600, -65.558400, 0, 2020, 10, 1, 20, 0, 8.57, 2, 15.6, 0, 48, 24, 12, 002940D00FFEA9BFF0B50CFF000AA0DF45D980CC
2020-10-01 19:00:00, 49.313800, -65.575800, 0, 2020, 10, 1, 19, 0, 8.68, 3, 15.6, 0, 44, 24, 12, 002940CC0FFEAB1FF0F50CFF000AA0F945D6C8CB
2020-10-01 18:00:00, 49.320400, -65.589400, 0, 2020, 10, 1, 18, 0, 9.22, 3, 15.6, 0, 48, 24, 8, 002940C80FFEB1DFF0F508FF000AA11A45D4A8CC
2020-10-01 17:00:00, 49.327800, -65.600800, 0, 2020, 10, 1, 17, 0, 8.75, 3, 15.6, 0, 44, 24, 7, 002940C40FFEABFFF0F507FF000AA13F45D2E0CB
2020-10-01 16:00:00, 49.335000, -65.611000, 0, 2020, 10, 1, 16, 0, 8.85, 2, 15.6, 0, 48, 24, 8, 002940C00FFEAD3FF0B508FF000AA16345D148CC
2020-10-01 15:00:00, 49.337800, -65.623200, 0, 2020, 10, 1, 15, 0, 8.55, 2, 15.6, 0, 44, 24, 6, 002940BC0FFEA97FF0B506FF000AA17145CF60CB
2020-10-01 14:00:00, 49.339800, -65.637400, 0, 2020, 10, 1, 14, 0, 8.29, 2, 15.6, 0, 48, 24, 8, 002940B80FFEA63FF0B508FF000AA17B45CD28CC
2020-10-01 13:00:00, 49.340600, -65.654600, 0, 2020, 10, 1, 13, 0, 7.77, 2, 15.6, 0, 48, 54, 19, 002940B40FFE9FBFF0B513FF000AA17F45CA79BC
2020-10-01 12:00:00, 49.339400, -65.675400, 0, 2020, 10, 1, 12, 0, 7.16, 3, 15.6, 0, 48, 24, 7, 002940B00FFE981FF0F507FF000AA17945C738CC
2020-10-01 11:00:00, 49.337400, -65.695400, 0, 2020, 10, 1, 11, 0, 7.01, 2, 15.6, 0, 48, 24, 7, 002940AC0FFE963FF0B507FF000AA16F45C418CC
2020-10-01 10:00:00, 49.334200, -65.713000, 0, 2020, 10, 1, 10, 0, 6.99, 3, 15.6, 0, 44, 54, 10, 002940A80FFE95FFF0F50AFF000AA15F45C159BB
2020-10-01 09:00:00, 49.330800, -65.728600, 0, 2020, 10, 1, 9, 0, 6.96, 3, 15.6, 0, 44, 24, 8, 002940A40FFE959FF0F508FF000AA14E45BEE8CB
2020-10-01 08:00:00, 49.328000, -65.739200, 0, 2020, 10, 1, 8, 0, 6.94, 4, 15.6, 0, 44, 48, 7, 002940A00FFE955FF13507FF000AA14045BD418B
2020-10-01 07:00:00, 49.326600, -65.741400, 0, 2020, 10, 1, 7, 0, 6.94, 3, 15.6, 0, 44, 46, 8, 0029409C0FFE955FF0F508FF000AA13945BCE97B
2020-10-01 06:00:00, 49.329400, -65.737000, 0, 2020, 10, 1, 6, 0, 6.93, 4, 15.6, 0, 48, 54, 9, 002940980FFE953FF13509FF000AA14745BD99BC
2020-10-01 05:00:00, 49.336400, -65.732200, 0, 2020, 10, 1, 5, 0, 6.97, 5, 15.6, 0, 44, 166, 7, 002940940FFE95BFF17507FF000AA16A45BE5D3B
2020-10-01 04:00:00, 49.347800, -65.728800, 0, 2020, 10, 1, 4, 0, 6.93, 4, 15.6, 0, 44, 114, 7, 002940900FFE953FF13507FF000AA1A345BEE39B
2020-10-01 03:00:00, 49.366600, -65.728000, 0, 2020, 10, 1, 3, 0, 6.97, 4, 15.6, 0, 44, 114, 6, 0029408C0FFE95BFF13506FF000AA20145BF039B
2020-10-01 02:00:00, 49.387200, -65.733800, 0, 2020, 10, 1, 2, 0, 7.00, 6, 15.6, 0, 48, 78, 11, 002940880FFE961FF1B50BFF000AA26845BE1A7C
2020-10-01 01:00:00, 49.405400, -65.750400, 0, 2020, 10, 1, 1, 0, 7.09, 4, 15.6, 0, 44, 118, 11, 002940840FFE973FF1350BFF000AA2C345BB83BB
2020-10-01 00:00:00, 49.418800, -65.777400, 0, 2020, 10, 1, 0, 0, 7.27, 4, 15.6, 0, 44, 202, 7, 002940800FFE997FF13507FF000AA30645B74E5B
2020-09-30 23:00:00, 49.427400, -65.810600, 0, 2020, 9, 30, 23, 0, 7.63, 7, 15.8, 0, 48, 136, 11, 00292F5C0FFE9DFFF1F60BFF000AA33145B21C4C
2020-09-30 22:00:00, 49.432000, -65.844600, 0, 2020, 9, 30, 22, 0, 8.46, 5, 15.8, 0, 44, 142, 7, 00292F580FFEA85FF17607FF000AA34845ACCC7B
2020-09-30 21:00:00, 49.431800, -65.878000, 0, 2020, 9, 30, 21, 0, 8.80, 4, 15.8, 0, 48, 46, 7, 00292F540FFEAC9FF13607FF000AA34745A7917C
2020-09-30 20:00:00, 49.430200, -65.901200, 0, 2020, 9, 30, 20, 0, 8.68, 3, 15.8, 0, 44, 52, 8, 00292F500FFEAB1FF0F608FF000AA33F45A3F1AB
2020-09-30 19:00:00, 49.428000, -65.915600, 0, 2020, 9, 30, 19, 0, 8.87, 3, 15.8, 0, 44, 108, 21, 00292F4C0FFEAD7FF0F615FF000AA33445A1B36B
2020-09-30 18:00:00, 49.426000, -65.922000, 0, 2020, 9, 30, 18, 0, 9.09, 4, 15.8, 0, 48, 78, 10, 00292F480FFEB03FF1360AFF000AA32A45A0B27C
2020-09-30 17:00:00, 49.424400, -65.922800, 0, 2020, 9, 30, 17, 0, 9.40, 3, 15.8, 0, 44, 102, 7, 00292F440FFEB41FF0F607FF000AA32245A0933B
2020-09-30 16:00:00, 49.423000, -65.920600, 0, 2020, 9, 30, 16, 0, 9.37, 4, 15.8, 0, 44, 108, 10, 00292F400FFEB3BFF1360AFF000AA31B45A0EB6B
2020-09-30 15:00:00, 49.423200, -65.917200, 0, 2020, 9, 30, 15, 0, 9.33, 4, 15.8, 0, 44, 58, 10, 00292F3C0FFEB33FF1360AFF000AA31C45A171DB
2020-09-30 14:00:00, 49.424000, -65.915600, 0, 2020, 9, 30, 14, 0, 9.32, 4, 15.8, 0, 48, 24, 7, 00292F380FFEB31FF13607FF000AA32045A1B0CC
2020-09-30 13:00:00, 49.424400, -65.917600, 0, 2020, 9, 30, 13, 0, 9.33, 3, 15.8, 0, 44, 54, 10, 00292F340FFEB33FF0F60AFF000AA32245A161BB
2020-09-30 12:00:00, 49.423400, -65.924000, 0, 2020, 9, 30, 12, 0, 9.37, 3, 15.8, 0, 48, 24, 9, 00292F300FFEB3BFF0F609FF000AA31D45A060CC
2020-09-30 11:00:00, 49.421200, -65.934600, 0, 2020, 9, 30, 11, 0, 9.32, 2, 15.8, 0, 48, 24, 11, 00292F2C0FFEB31FF0B60BFF000AA312459EB8CC
2020-09-30 10:00:00, 49.418400, -65.946800, 0, 2020, 9, 30, 10, 0, 9.35, 2, 15.8, 0, 44, 24, 11, 00292F280FFEB37FF0B60BFF000AA304459CD0CB
2020-09-30 09:00:00, 49.415200, -65.960000, 0, 2020, 9, 30, 9, 0, 9.26, 2, 15.8, 0, 44, 54, 7, 00292F240FFEB25FF0B607FF000AA2F4459AC1BB
2020-09-30 08:00:00, 49.411800, -65.972000, 0, 2020, 9, 30, 8, 0, 9.18, 2, 15.8, 0, 44, 24, 10, 00292F200FFEB15FF0B60AFF000AA2E34598E0CB
2020-09-30 07:00:00, 49.408600, -65.979400, 0, 2020, 9, 30, 7, 0, 9.17, 2, 15.8, 0, 44, 24, 13, 00292F1C0FFEB13FF0B60DFF000AA2D34597B8CB
2020-09-30 06:00:00, 49.406400, -65.981400, 0, 2020, 9, 30, 6, 0, 9.28, 2, 15.8, 0, 48, 24, 7, 00292F180FFEB29FF0B607FF000AA2C8459768CC
2020-09-30 05:00:00, 49.404600, -65.978600, 0, 2020, 9, 30, 5, 0, 9.70, 3, 15.8, 0, 48, 54, 10, 00292F140FFEB7DFF0F60AFF000AA2BF4597D9BC
2020-09-30 04:00:00, 49.403000, -65.973400, 0, 2020, 9, 30, 4, 0, 10.08, 3, 15.8, 0, 44, 24, 7, 00292F100FFEBC9FF0F607FF000AA2B74598A8CB
2020-09-30 03:00:00, 49.402400, -65.969400, 0, 2020, 9, 30, 3, 0, 10.17, 3, 15.8, 0, 44, 28, 8, 00292F0C0FFEBDBFF0F608FF000AA2B4459948EB
2020-09-30 02:00:00, 49.401400, -65.968200, 0, 2020, 9, 30, 2, 0, 10.67, 2, 15.8, 0, 48, 24, 7, 00292F080FFEC3FFF0B607FF000AA2AF459978CC
2020-09-30 01:00:00, 49.399600, -65.970800, 0, 2020, 9, 30, 1, 0, 10.90, 2, 15.8, 0, 48, 24, 11, 00292F040FFEC6DFF0B60BFF000AA2A6459910CC
2020-09-30 00:00:00, 49.397000, -65.977200, 0, 2020, 9, 30, 0, 0, 10.84, 2, 15.8, 0, 44, 22, 7, 00292F000FFEC61FF0B607FF000AA299459810BB
2020-09-29 23:00:00, 49.394000, -65.986200, 0, 2020, 9, 29, 23, 0, 11.14, 2, 15.8, 0, 48, 24, 11, 00292EDC0FFEC9DFF0B60BFF000AA28A4596A8CC
2020-09-29 22:00:00, 49.390800, -65.996200, 0, 2020, 9, 29, 22, 0, 11.23, 3, 15.8, 0, 44, 22, 6, 00292ED80FFECAFFF0F606FF000AA27A459518BB
2020-09-29 21:00:00, 49.387600, -66.008200, 0, 2020, 9, 29, 21, 0, 11.21, 1, 15.8, 0, 48, 24, 7, 00292ED40FFECABFF07607FF000AA26A459338CC
2020-09-29 20:00:00, 49.384000, -66.021000, 0, 2020, 9, 29, 20, 0, 11.11, 1, 15.8, 0, 48, 24, 12, 00292ED00FFEC97FF0760CFF000AA258459138CC
2020-09-29 19:00:00, 49.379800, -66.031200, 0, 2020, 9, 29, 19, 0, 10.71, 3, 15.8, 0, 44, 22, 8, 00292ECC0FFEC47FF0F608FF000AA243458FA0BB
2020-09-29 18:00:00, 49.375400, -66.037200, 0, 2020, 9, 29, 18, 0, 10.83, 2, 15.8, 0, 48, 24, 7, 00292EC80FFEC5FFF0B607FF000AA22D458EB0CC
2020-09-29 17:00:00, 49.371400, -66.039000, 0, 2020, 9, 29, 17, 0, 11.07, 3, 15.8, 0, 44, 24, 6, 00292EC40FFEC8FFF0F606FF000AA219458E68CB
2020-09-29 16:00:00, 49.367400, -66.037600, 0, 2020, 9, 29, 16, 0, 10.44, 3, 15.8, 0, 48, 24, 9, 00292EC00FFEC11FF0F609FF000AA205458EA0CC
2020-09-29 15:00:00, 49.363600, -66.034800, 0, 2020, 9, 29, 15, 0, 9.83, 3, 15.8, 0, 44, 22, 6, 00292EBC0FFEB97FF0F606FF000AA1F2458F10BB
2020-09-29 14:00:00, 49.359600, -66.032000, 0, 2020, 9, 29, 14, 0, 9.35, 3, 15.8, 0, 48, 24, 9, 00292EB80FFEB37FF0F609FF000AA1DE458F80CC
2020-09-29 13:00:00, 49.354800, -66.031000, 0, 2020, 9, 29, 13, 0, 9.33, 1, 15.8, 0, 48, 24, 11, 00292EB40FFEB33FF0760BFF000AA1C6458FA8CC
2020-09-29 12:00:00, 49.349600, -66.034000, 0, 2020, 9, 29, 12, 0, 9.20, 1, 15.8, 0, 48, 24, 8, 00292EB00FFEB19FF07608FF000AA1AC458F30CC
2020-09-29 11:00:00, 49.343800, -66.039800, 0, 2020, 9, 29, 11, 0, 9.13, 2, 15.8, 0, 48, 24, 10, 00292EAC0FFEB0BFF0B60AFF000AA18F458E48CC
2020-09-29 10:00:00, 49.337800, -66.047000, 0, 2020, 9, 29, 10, 0, 8.99, 2, 15.8, 0, 44, 24, 12, 00292EA80FFEAEFFF0B60CFF000AA171458D28CB
2020-09-29 09:00:00, 49.331400, -66.054400, 0, 2020, 9, 29, 9, 0, 8.97, 2, 15.8, 0, 44, 24, 7, 00292EA40FFEAEBFF0B607FF000AA151458C00CB
2020-09-29 08:00:00, 49.324600, -66.061800, 0, 2020, 9, 29, 8, 0, 8.93, 2, 15.8, 0, 44, 24, 7, 00292EA00FFEAE3FF0B607FF000AA12F458AD8CB
2020-09-29 07:00:00, 49.318200, -66.067600, 0, 2020, 9, 29, 7, 0, 8.95, 2, 15.8, 0, 44, 28, 8, 00292E9C0FFEAE7FF0B608FF000AA10F4589F0EB
2020-09-29 06:00:00, 49.312400, -66.071600, 0, 2020, 9, 29, 6, 0, 9.02, 2, 15.8, 0, 48, 28, 11, 00292E980FFEAF5FF0B60BFF000AA0F2458950EC
2020-09-29 05:00:00, 49.307200, -66.072800, 0, 2020, 9, 29, 5, 0, 9.06, 2, 15.8, 0, 48, 72, 6, 00292E940FFEAFDFF0B606FF000AA0D84589224C
2020-09-29 04:00:00, 49.302200, -66.070600, 0, 2020, 9, 29, 4, 0, 8.95, 3, 15.8, 0, 44, 24, 9, 00292E900FFEAE7FF0F609FF000AA0BF458978CB
2020-09-29 03:00:00, 49.298200, -66.066000, 0, 2020, 9, 29, 3, 0, 9.07, 2, 15.8, 0, 44, 78, 7, 00292E8C0FFEAFFFF0B607FF000AA0AB458A327B
2020-09-29 02:00:00, 49.295800, -66.059800, 0, 2020, 9, 29, 2, 0, 9.13, 2, 15.8, 0, 48, 24, 7, 00292E880FFEB0BFF0B607FF000AA09F458B28CC
2020-09-29 01:00:00, 49.293600, -66.051000, 0, 2020, 9, 29, 1, 0, 9.10, 2, 15.8, 0, 48, 24, 7, 00292E840FFEB05FF0B607FF000AA094458C88CC
2020-09-29 00:00:00, 49.291600, -66.039600, 0, 2020, 9, 29, 0, 0, 9.01, 3, 15.8, 0, 48, 24, 9, 00292E800FFEAF3FF0F609FF000AA08A458E50CC
2020-09-28 23:00:00, 49.290200, -66.031400, 0, 2020, 9, 28, 23, 0, 8.89, 2, 15.8, 0, 48, 24, 11, 00292E5C0FFEADBFF0B60BFF000AA083458F98CC
2020-09-28 22:00:00, 49.289000, -66.026000, 0, 2020, 9, 28, 22, 0, 9.29, 2, 15.8, 0, 48, 24, 9, 00292E580FFEB2BFF0B609FF000AA07D459070CC
2020-09-28 21:00:00, 49.287200, -66.024600, 0, 2020, 9, 28, 21, 0, 9.68, 2, 15.8, 0, 48, 24, 6, 00292E540FFEB79FF0B606FF000AA0744590A8CC
2020-09-28 20:00:00, 49.284400, -66.025200, 0, 2020, 9, 28, 20, 0, 9.67, 3, 15.8, 0, 48, 24, 9, 00292E500FFEB77FF0F609FF000AA066459090CC
2020-09-28 19:00:00, 49.282200, -66.026000, 0, 2020, 9, 28, 19, 0, 9.90, 5, 15.8, 0, 44, 24, 7, 00292E4C0FFEBA5FF17607FF000AA05B459070CB
2020-09-28 18:00:00, 49.280400, -66.026400, 0, 2020, 9, 28, 18, 0, 10.72, 1, 15.8, 0, 48, 24, 6, 00292E480FFEC49FF07606FF000AA052459060CC
2020-09-28 17:00:00, 49.279000, -66.024400, 0, 2020, 9, 28, 17, 0, 10.04, 1, 15.8, 0, 44, 24, 6, 00292E440FFEBC1FF07606FF000AA04B4590B0CB
2020-09-28 16:00:00, 49.279000, -66.018200, 0, 2020, 9, 28, 16, 0, 9.27, 2, 15.8, 0, 48, 24, 7, 00292E400FFEB27FF0B607FF000AA04B4591A8CC
2020-09-28 15:00:00, 49.280000, -66.011000, 0, 2020, 9, 28, 15, 0, 8.91, 2, 15.8, 0, 48, 24, 6, 00292E3C0FFEADFFF0B606FF000AA0504592C8CC
2020-09-28 14:00:00, 49.280600, -66.003400, 0, 2020, 9, 28, 14, 0, 8.73, 2, 15.8, 0, 48, 24, 12, 00292E380FFEABBFF0B60CFF000AA0534593F8CC
2020-09-28 13:00:00, 49.280400, -65.996000, 0, 2020, 9, 28, 13, 0, 8.42, 2, 15.8, 0, 48, 24, 11, 00292E340FFEA7DFF0B60BFF000AA052459520CC
2020-09-28 12:00:00, 49.280200, -65.990000, 0, 2020, 9, 28, 12, 0, 8.30, 2, 15.8, 0, 48, 24, 7, 00292E300FFEA65FF0B607FF000AA051459610CC
2020-09-28 11:00:00, 49.280800, -65.986200, 0, 2020, 9, 28, 11, 0, 8.24, 2, 15.8, 0, 48, 24, 7, 00292E2C0FFEA59FF0B607FF000AA0544596A8CC
2020-09-28 10:00:00, 49.281400, -65.985800, 0, 2020, 9, 28, 10, 0, 8.35, 2, 15.8, 0, 44, 24, 10, 00292E280FFEA6FFF0B60AFF000AA0574596B8CB
2020-09-28 09:00:00, 49.282800, -65.989400, 0, 2020, 9, 28, 9, 0, 8.41, 2, 15.8, 0, 44, 24, 8, 00292E240FFEA7BFF0B608FF000AA05E459628CB
2020-09-28 08:00:00, 49.284800, -65.996000, 0, 2020, 9, 28, 8, 0, 8.31, 2, 15.8, 0, 44, 24, 7, 00292E200FFEA67FF0B607FF000AA068459520CB
2020-09-28 07:00:00, 49.286400, -66.005200, 0, 2020, 9, 28, 7, 0, 8.31, 2, 15.8, 0, 44, 24, 11, 00292E1C0FFEA67FF0B60BFF000AA0704593B0CB
2020-09-28 06:00:00, 49.286800, -66.015600, 0, 2020, 9, 28, 6, 0, 8.52, 2, 15.8, 0, 48, 24, 10, 00292E180FFEA91FF0B60AFF000AA072459210CC
2020-09-28 05:00:00, 49.286600, -66.025400, 0, 2020, 9, 28, 5, 0, 8.82, 2, 15.8, 0, 48, 22, 12, 00292E140FFEACDFF0B60CFF000AA071459088BC
2020-09-28 04:00:00, 49.287000, -66.033200, 0, 2020, 9, 28, 4, 0, 8.92, 2, 15.8, 0, 44, 24, 10, 00292E100FFEAE1FF0B60AFF000AA073458F50CB
2020-09-28 03:00:00, 49.288200, -66.038000, 0, 2020, 9, 28, 3, 0, 8.88, 2, 15.8, 0, 44, 24, 7, 00292E0C0FFEAD9FF0B607FF000AA079458E90CB
2020-09-28 02:00:00, 49.290200, -66.041000, 0, 2020, 9, 28, 2, 0, 8.86, 2, 15.8, 0, 48, 24, 9, 00292E080FFEAD5FF0B609FF000AA083458E18CC
2020-09-28 01:00:00, 49.292200, -66.044200, 0, 2020, 9, 28, 1, 0, 8.92, 2, 15.8, 0, 48, 24, 9, 00292E040FFEAE1FF0B609FF000AA08D458D98CC
2020-09-28 00:00:00, 49.293400, -66.049800, 0, 2020, 9, 28, 0, 0, 8.97, 2, 15.8, 0, 48, 24, 7, 00292E000FFEAEBFF0B607FF000AA093458CB8CC
2020-09-27 23:00:00, 49.293200, -66.058400, 0, 2020, 9, 27, 23, 0, 9.03, 2, 15.8, 0, 48, 24, 7, 00292DDC0FFEAF7FF0B607FF000AA092458B60CC
2020-09-27 22:00:00, 49.291600, -66.070200, 0, 2020, 9, 27, 22, 0, 9.24, 2, 15.8, 0, 44, 24, 11, 00292DD80FFEB21FF0B60BFF000AA08A458988CB
2020-09-27 21:00:00, 49.290000, -66.083400, 0, 2020, 9, 27, 21, 0, 9.20, 3, 15.8, 0, 48, 24, 7, 00292DD40FFEB19FF0F607FF000AA082458778CC
2020-09-27 20:00:00, 49.287400, -66.098400, 0, 2020, 9, 27, 20, 0, 9.35, 1, 15.8, 0, 44, 24, 7, 00292DD00FFEB37FF07607FF000AA075458520CB
2020-09-27 19:00:00, 49.284800, -66.113800, 0, 2020, 9, 27, 19, 0, 9.11, 2, 15.8, 0, 44, 22, 9, 00292DCC0FFEB07FF0B609FF000AA0684582B8BB
2020-09-27 18:00:00, 49.281800, -66.128800, 0, 2020, 9, 27, 18, 0, 8.91, 2, 15.8, 0, 48, 24, 11, 00292DC80FFEADFFF0B60BFF000AA059458060CC
2020-09-27 17:00:00, 49.278600, -66.143200, 0, 2020, 9, 27, 17, 0, 8.90, 2, 15.8, 0, 44, 24, 6, 00292DC40FFEADDFF0B606FF000AA049457E20CB
2020-09-27 16:00:00, 49.275200, -66.155600, 0, 2020, 9, 27, 16, 0, 8.83, 2, 15.8, 0, 48, 24, 12, 00292DC00FFEACFFF0B60CFF000AA038457C30CC
2020-09-27 15:00:00, 49.270600, -66.166400, 0, 2020, 9, 27, 15, 0, 8.74, 2, 15.8, 0, 48, 24, 9, 00292DBC0FFEABDFF0B609FF000AA021457A80CC
2020-09-27 14:00:00, 49.265600, -66.174800, 0, 2020, 9, 27, 14, 0, 8.66, 2, 15.8, 0, 44, 24, 7, 00292DB80FFEAADFF0B607FF000AA008457930CB
2020-09-27 13:00:00, 49.260800, -66.182800, 0, 2020, 9, 27, 13, 0, 8.59, 2, 15.8, 0, 48, 24, 11, 00292DB40FFEA9FFF0B60BFF000A9FF04577F0CC
2020-09-27 12:00:00, 49.255600, -66.192200, 0, 2020, 9, 27, 12, 0, 8.49, 2, 15.8, 0, 48, 24, 7, 00292DB00FFEA8BFF0B607FF000A9FD6457678CC
2020-09-27 11:00:00, 49.250800, -66.206800, 0, 2020, 9, 27, 11, 0, 8.37, 2, 15.8, 0, 48, 24, 7, 00292DAC0FFEA73FF0B607FF000A9FBE457430CC
2020-09-27 10:00:00, 49.246000, -66.225200, 0, 2020, 9, 27, 10, 0, 8.20, 2, 15.8, 0, 44, 24, 9, 00292DA80FFEA51FF0B609FF000A9FA6457150CB
2020-09-27 09:00:00, 49.240400, -66.245800, 0, 2020, 9, 27, 9, 0, 8.15, 2, 15.8, 0, 44, 34, 9, 00292DA40FFEA47FF0B609FF000A9F8A456E191B
2020-09-27 08:00:00, 49.234600, -66.266200, 0, 2020, 9, 27, 8, 0, 8.15, 2, 15.8, 0, 44, 24, 11, 00292DA00FFEA47FF0B60BFF000A9F6D456AE8CB
2020-09-27 07:00:00, 49.228600, -66.286000, 0, 2020, 9, 27, 7, 0, 8.08, 2, 15.8, 0, 44, 24, 7, 00292D9C0FFEA39FF0B607FF000A9F4F4567D0CB
2020-09-27 06:00:00, 49.222600, -66.305600, 0, 2020, 9, 27, 6, 0, 8.01, 2, 15.8, 0, 48, 24, 8, 00292D980FFEA2BFF0B608FF000A9F314564C0CC
2020-09-27 05:00:00, 49.217000, -66.324000, 0, 2020, 9, 27, 5, 0, 7.96, 1, 15.8, 0, 48, 24, 12, 00292D940FFEA21FF0760CFF000A9F154561E0CC
2020-09-27 04:00:00, 49.211600, -66.339400, 0, 2020, 9, 27, 4, 0, 8.07, 1, 15.8, 0, 44, 24, 10, 00292D900FFEA37FF0760AFF000A9EFA455F78CB
2020-09-27 03:00:00, 49.206800, -66.353800, 0, 2020, 9, 27, 3, 0, 7.99, 2, 15.8, 0, 44, 24, 9, 00292D8C0FFEA27FF0B609FF000A9EE2455D38CB
2020-09-27 02:00:00, 49.203200, -66.366600, 0, 2020, 9, 27, 2, 0, 8.00, 2, 15.8, 0, 48, 24, 10, 00292D880FFEA29FF0B60AFF000A9ED0455B38CC
2020-09-27 01:00:00, 49.200400, -66.377200, 0, 2020, 9, 27, 1, 0, 8.04, 2, 15.8, 0, 48, 24, 11, 00292D840FFEA31FF0B60BFF000A9EC2455990CC
2020-09-27 00:00:00, 49.196000, -66.383400, 0, 2020, 9, 27, 0, 0, 8.11, 2, 15.8, 0, 48, 24, 7, 00292D800FFEA3FFF0B607FF000A9EAC455898CC
2020-09-26 23:00:00, 49.191600, -66.387800, 0, 2020, 9, 26, 23, 0, 8.19, 2, 15.8, 0, 48, 22, 10, 00292D5C0FFEA4FFF0B60AFF000A9E964557E8BC
2020-09-26 22:00:00, 49.187400, -66.394800, 0, 2020, 9, 26, 22, 0, 8.10, 3, 15.8, 0, 48, 24, 9, 00292D580FFEA3DFF0F609FF000A9E814556D0CC
2020-09-26 21:00:00, 49.183800, -66.403600, 0, 2020, 9, 26, 21, 0, 8.33, 2, 15.8, 0, 48, 24, 10, 00292D540FFEA6BFF0B60AFF000A9E6F455570CC
2020-09-26 20:00:00, 49.180600, -66.414200, 0, 2020, 9, 26, 20, 0, 8.39, 1, 15.8, 0, 44, 36, 11, 00292D500FFEA77FF0760BFF000A9E5F4553C92B
2020-09-26 19:00:00, 49.177800, -66.427800, 0, 2020, 9, 26, 19, 0, 8.29, 2, 15.8, 0, 44, 24, 10, 00292D4C0FFEA63FF0B60AFF000A9E514551A8CB
2020-09-26 18:00:00, 49.175000, -66.443600, 0, 2020, 9, 26, 18, 0, 8.28, 2, 15.8, 0, 48, 24, 8, 00292D480FFEA61FF0B608FF000A9E43454F30CC
2020-09-26 17:00:00, 49.171800, -66.459400, 0, 2020, 9, 26, 17, 0, 8.05, 1, 15.8, 0, 44, 24, 11, 00292D440FFEA33FF0760BFF000A9E33454CB8CB
2020-09-26 16:00:00, 49.168200, -66.478200, 0, 2020, 9, 26, 16, 0, 7.81, 1, 15.8, 0, 48, 24, 8, 00292D400FFEA03FF07608FF000A9E214549C8CC
2020-09-26 15:00:00, 49.165400, -66.500400, 0, 2020, 9, 26, 15, 0, 7.82, 2, 15.8, 0, 48, 24, 7, 00292D3C0FFEA05FF0B607FF000A9E13454650CC
2020-09-26 14:00:00, 49.163600, -66.525600, 0, 2020, 9, 26, 14, 0, 7.96, 2, 15.8, 0, 44, 24, 8, 00292D380FFEA21FF0B608FF000A9E0A454260CB
2020-09-26 13:00:00, 49.161600, -66.550600, 0, 2020, 9, 26, 13, 0, 7.93, 1, 15.8, 0, 48, 24, 10, 00292D340FFEA1BFF0760AFF000A9E00453E78CC
2020-09-26 12:00:00, 49.158800, -66.575200, 0, 2020, 9, 26, 12, 0, 7.92, 2, 15.8, 0, 48, 24, 8, 00292D300FFEA19FF0B608FF000A9DF2453AA0CC
2020-09-26 11:00:00, 49.155000, -66.605200, 0, 2020, 9, 26, 11, 0, 7.89, 2, 15.8, 0, 48, 48, 8, 00292D2C0FFEA13FF0B608FF000A9DDF4535F18C
2020-09-26 10:00:00, 49.148600, -66.641000, 0, 2020, 9, 26, 10, 0, 7.79, 2, 15.8, 0, 44, 24, 7, 00292D280FFE9FFFF0B607FF000A9DBF453058CB
2020-09-26 09:00:00, 49.141800, -66.682400, 0, 2020, 9, 26, 9, 0, 7.82, 2, 15.8, 0, 44, 24, 7, 00292D240FFEA05FF0B607FF000A9D9D4529E0CB
2020-09-26 08:00:00, 49.132800, -66.728200, 0, 2020, 9, 26, 8, 0, 7.79, 2, 15.8, 0, 44, 24, 7, 00292D200FFE9FFFF0B607FF000A9D704522B8CB
2020-09-26 07:00:00, 49.118600, -66.776000, 0, 2020, 9, 26, 7, 0, 7.74, 2, 15.8, 0, 44, 24, 6, 00292D1C0FFE9F5FF0B606FF000A9D29451B40CB
2020-09-26 06:00:00, 49.103600, -66.824800, 0, 2020, 9, 26, 6, 0, 7.71, 2, 15.8, 0, 48, 24, 9, 00292D180FFE9EFFF0B609FF000A9CDE4513A0CC
2020-09-26 05:00:00, 49.090400, -66.871200, 0, 2020, 9, 26, 5, 0, 7.76, 2, 15.8, 0, 48, 22, 11, 00292D140FFE9F9FF0B60BFF000A9C9C450C60BC
2020-09-26 04:00:00, 49.081000, -66.911800, 0, 2020, 9, 26, 4, 0, 7.82, 2, 15.8, 0, 44, 24, 9, 00292D100FFEA05FF0B609FF000A9C6D450608CB
2020-09-26 03:00:00, 49.073800, -66.945600, 0, 2020, 9, 26, 3, 0, 7.97, 2, 15.8, 0, 44, 24, 8, 00292D0C0FFEA23FF0B608FF000A9C494500C0CB
2020-09-26 02:00:00, 49.071000, -66.974800, 0, 2020, 9, 26, 2, 0, 8.06, 2, 15.8, 0, 48, 24, 8, 00292D080FFEA35FF0B608FF000A9C3B44FC30CC
2020-09-26 01:00:00, 49.071200, -66.999800, 0, 2020, 9, 26, 1, 0, 8.10, 3, 15.8, 0, 48, 24, 8, 00292D040FFEA3DFF0F608FF000A9C3C44F848CC
2020-09-26 00:00:00, 49.076200, -67.020600, 0, 2020, 9, 26, 0, 0, 8.14, 2, 15.8, 0, 48, 40, 11, 00292D000FFEA45FF0B60BFF000A9C5544F5094C
2020-09-25 23:00:00, 49.084600, -67.040600, 0, 2020, 9, 25, 23, 0, 8.13, 4, 15.8, 0, 48, 72, 10, 00292CDC0FFEA43FF1360AFF000A9C7F44F1EA4C
2020-09-25 22:00:00, 49.093400, -67.060600, 0, 2020, 9, 25, 22, 0, 8.18, 3, 15.8, 0, 44, 114, 10, 00292CD80FFEA4DFF0F60AFF000A9CAB44EECB9B
2020-09-25 21:00:00, 49.105600, -67.083400, 0, 2020, 9, 25, 21, 0, 8.15, 3, 15.8, 0, 48, 72, 11, 00292CD40FFEA47FF0F60BFF000A9CE844EB3A4C
2020-09-25 20:00:00, 49.120000, -67.109000, 0, 2020, 9, 25, 20, 0, 8.12, 4, 15.8, 0, 44, 78, 6, 00292CD00FFEA41FF13606FF000A9D3044E73A7B
2020-09-25 19:00:00, 49.135200, -67.136600, 0, 2020, 9, 25, 19, 0, 8.11, 4, 15.8, 0, 44, 102, 10, 00292CCC0FFEA3FFF1360AFF000A9D7C44E2EB3B
2020-09-25 18:00:00, 49.149600, -67.167000, 0, 2020, 9, 25, 18, 0, 8.09, 4, 15.8, 0, 44, 78, 10, 00292CC80FFEA3BFF1360AFF000A9DC444DE2A7B
2020-09-25 17:00:00, 49.163400, -67.199800, 0, 2020, 9, 25, 17, 0, 8.17, 4, 15.8, 0, 44, 72, 10, 00292CC40FFEA4BFF1360AFF000A9E0944D90A4B
2020-09-25 16:00:00, 49.176200, -67.231800, 0, 2020, 9, 25, 16, 0, 8.17, 3, 15.8, 0, 48, 78, 11, 00292CC00FFEA4BFF0F60BFF000A9E4944D40A7C
2020-09-25 15:00:00, 49.187600, -67.262400, 0, 2020, 9, 25, 15, 0, 8.17, 4, 15.8, 0, 48, 84, 8, 00292CBC0FFEA4BFF13608FF000A9E8244CF42AC
2020-09-25 14:00:00, 49.197600, -67.295000, 0, 2020, 9, 25, 14, 0, 8.10, 4, 15.8, 0, 44, 46, 9, 00292CB80FFEA3DFF13609FF000A9EB444CA297B
2020-09-25 13:00:00, 49.204600, -67.324200, 0, 2020, 9, 25, 13, 0, 8.03, 4, 15.8, 0, 44, 52, 10, 00292CB40FFEA2FFF1360AFF000A9ED744C599AB
2020-09-25 12:00:00, 49.210400, -67.348400, 0, 2020, 9, 25, 12, 0, 8.00, 3, 15.8, 0, 48, 84, 8, 00292CB00FFEA29FF0F608FF000A9EF444C1D2AC
2020-09-25 11:00:00, 49.213600, -67.370600, 0, 2020, 9, 25, 11, 0, 7.95, 3, 15.8, 0, 48, 42, 7, 00292CAC0FFEA1FFF0F607FF000A9F0444BE595C
2020-09-25 10:00:00, 49.213600, -67.390800, 0, 2020, 9, 25, 10, 0, 7.96, 3, 15.8, 0, 44, 54, 7, 00292CA80FFEA21FF0F607FF000A9F0444BB31BB
2020-09-25 09:00:00, 49.210000, -67.409400, 0, 2020, 9, 25, 9, 0, 7.92, 3, 15.8, 0, 44, 24, 8, 00292CA40FFEA19FF0F608FF000A9EF244B848CB
2020-09-25 08:00:00, 49.205200, -67.428000, 0, 2020, 9, 25, 8, 0, 7.90, 3, 15.8, 0, 44, 78, 10, 00292CA00FFEA15FF0F60AFF000A9EDA44B5627B
2020-09-25 07:00:00, 49.199600, -67.448800, 0, 2020, 9, 25, 7, 0, 7.96, 3, 15.8, 0, 44, 52, 7, 00292C9C0FFEA21FF0F607FF000A9EBE44B221AB
2020-09-25 06:00:00, 49.193200, -67.470200, 0, 2020, 9, 25, 6, 0, 7.98, 3, 15.8, 0, 48, 42, 7, 00292C980FFEA25FF0F607FF000A9E9E44AEC95C
2020-09-25 05:00:00, 49.187200, -67.490600, 0, 2020, 9, 25, 5, 0, 8.11, 3, 15.8, 0, 48, 24, 10, 00292C940FFEA3FFF0F60AFF000A9E8044AB98CC
2020-09-25 04:00:00, 49.182200, -67.509600, 0, 2020, 9, 25, 4, 0, 8.20, 3, 15.8, 0, 44, 84, 12, 00292C900FFEA51FF0F60CFF000A9E6744A8A2AB
2020-09-25 03:00:00, 49.176400, -67.527400, 0, 2020, 9, 25, 3, 0, 8.27, 3, 15.8, 0, 44, 26, 7, 00292C8C0FFEA5FFF0F607FF000A9E4A44A5D8DB
2020-09-25 02:00:00, 49.170200, -67.540400, 0, 2020, 9, 25, 2, 0, 8.33, 4, 15.8, 0, 44, 78, 7, 00292C880FFEA6BFF13607FF000A9E2B44A3D27B
2020-09-25 01:00:00, 49.163400, -67.548000, 0, 2020, 9, 25, 1, 0, 8.39, 2, 15.8, 0, 48, 24, 10, 00292C840FFEA77FF0B60AFF000A9E0944A2A0CC
2020-09-25 00:00:00, 49.156800, -67.552400, 0, 2020, 9, 25, 0, 0, 8.40, 3, 15.8, 0, 48, 84, 9, 00292C800FFEA79FF0F609FF000A9DE844A1F2AC
2020-09-24 23:00:00, 49.149200, -67.553600, 0, 2020, 9, 24, 23, 0, 8.42, 3, 15.8, 0, 48, 24, 8, 00292C5C0FFEA7DFF0F608FF000A9DC244A1C0CC
2020-09-24 22:00:00, 49.140600, -67.551600, 0, 2020, 9, 24, 22, 0, 8.44, 3, 15.8, 0, 48, 46, 6, 00292C580FFEA81FF0F606FF000A9D9744A2117C
2020-09-24 21:00:00, 49.131400, -67.547000, 0, 2020, 9, 24, 21, 0, 8.50, 3, 15.8, 0, 44, 88, 10, 00292C540FFEA8DFF0F60AFF000A9D6944A2CACB
2020-09-24 20:00:00, 49.119200, -67.543200, 0, 2020, 9, 24, 20, 0, 8.53, 3, 15.8, 0, 44, 72, 9, 00292C500FFEA93FF0F609FF000A9D2C44A3624B
2020-09-24 19:00:00, 49.105800, -67.540000, 0, 2020, 9, 24, 19, 0, 8.50, 3, 15.8, 0, 44, 54, 6, 00292C4C0FFEA8DFF0F606FF000A9CE944A3E1BB
2020-09-24 18:00:00, 49.091600, -67.536400, 0, 2020, 9, 24, 18, 0, 8.37, 3, 15.8, 0, 44, 54, 9, 00292C480FFEA73FF0F609FF000A9CA244A471BB
2020-09-24 17:00:00, 49.074600, -67.530600, 0, 2020, 9, 24, 17, 0, 8.25, 3, 15.8, 0, 44, 74, 10, 00292C440FFEA5BFF0F60AFF000A9C4D44A55A5B
2020-09-24 16:00:00, 49.057800, -67.522600, 0, 2020, 9, 24, 16, 0, 8.16, 3, 15.8, 0, 48, 84, 8, 00292C400FFEA49FF0F608FF000A9BF944A69AAC
2020-09-24 15:00:00, 49.040400, -67.511800, 0, 2020, 9, 24, 15, 0, 8.11, 2, 15.8, 0, 48, 42, 8, 00292C3C0FFEA3FFF0B608FF000A9BA244A8495C
2020-09-24 14:00:00, 49.023200, -67.497000, 0, 2020, 9, 24, 14, 0, 8.13, 3, 15.8, 0, 44, 102, 9, 00292C380FFEA43FF0F609FF000A9B4C44AA9B3B
2020-09-24 13:00:00, 49.008600, -67.478400, 0, 2020, 9, 24, 13, 0, 8.13, 3, 15.8, 0, 48, 84, 6, 00292C340FFEA43FF0F606FF000A9B0344AD82AC
2020-09-24 12:00:00, 48.998800, -67.455800, 0, 2020, 9, 24, 12, 0, 8.10, 3, 15.8, 0, 48, 30, 7, 00292C300FFEA3DFF0F607FF000A9AD244B108FC
2020-09-24 11:00:00, 48.993400, -67.433400, 0, 2020, 9, 24, 11, 0, 8.07, 3, 15.8, 0, 48, 48, 17, 00292C2C0FFEA37FF0F611FF000A9AB744B4898C
2020-09-24 10:00:00, 48.991000, -67.410600, 0, 2020, 9, 24, 10, 0, 8.09, 3, 15.8, 0, 44, 114, 9, 00292C280FFEA3BFF0F609FF000A9AAB44B81B9B
2020-09-24 09:00:00, 48.988800, -67.392200, 0, 2020, 9, 24, 9, 0, 8.15, 3, 15.8, 0, 44, 112, 7, 00292C240FFEA47FF0F607FF000A9AA044BAFB8B
2020-09-24 08:00:00, 48.985000, -67.377200, 0, 2020, 9, 24, 8, 0, 8.17, 3, 15.8, 0, 44, 54, 7, 00292C200FFEA4BFF0F607FF000A9A8D44BD51BB
2020-09-24 07:00:00, 48.979400, -67.364000, 0, 2020, 9, 24, 7, 0, 8.14, 2, 15.8, 0, 44, 24, 10, 00292C1C0FFEA45FF0B60AFF000A9A7144BF60CB
2020-09-24 06:00:00, 48.974000, -67.349800, 0, 2020, 9, 24, 6, 0, 8.14, 2, 15.8, 0, 48, 24, 11, 00292C180FFEA45FF0B60BFF000A9A5644C198CC
2020-09-24 05:00:00, 48.970200, -67.337200, 0, 2020, 9, 24, 5, 0, 8.20, 3, 15.8, 0, 44, 52, 7, 00292C140FFEA51FF0F607FF000A9A4344C391AB
2020-09-24 04:00:00, 48.967000, -67.325800, 0, 2020, 9, 24, 4, 0, 8.24, 3, 15.8, 0, 44, 24, 7, 00292C100FFEA59FF0F607FF000A9A3344C558CB
2020-09-24 03:00:00, 48.963400, -67.314800, 0, 2020, 9, 24, 3, 0, 8.30, 3, 15.8, 0, 44, 72, 7, 00292C0C0FFEA65FF0F607FF000A9A2144C7124B
2020-09-24 02:00:00, 48.960400, -67.304400, 0, 2020, 9, 24, 2, 0, 8.29, 2, 15.8, 0, 44, 108, 7, 00292C080FFEA63FF0B607FF000A9A1244C8B36B
2020-09-24 01:00:00, 48.958200, -67.291800, 0, 2020, 9, 24, 1, 0, 8.26, 2, 15.8, 0, 48, 28, 7, 00292C040FFEA5DFF0B607FF000A9A0744CAA8EC
2020-09-24 00:00:00, 48.956600, -67.278000, 0, 2020, 9, 24, 0, 0, 8.25, 3, 15.8, 0, 48, 52, 11, 00292C000FFEA5BFF0F60BFF000A99FF44CCD1AC
2020-09-23 23:00:00, 48.959200, -67.260600, 0, 2020, 9, 23, 23, 0, 8.31, 3, 15.8, 0, 48, 54, 21, 00292BDC0FFEA67FF0F615FF000A9A0C44CF89BC
2020-09-23 22:00:00, 48.965600, -67.240200, 0, 2020, 9, 23, 22, 0, 8.26, 3, 15.8, 0, 48, 86, 8, 00292BD80FFEA5DFF0F608FF000A9A2C44D2BABC
2020-09-23 21:00:00, 48.971400, -67.212600, 0, 2020, 9, 23, 21, 0, 8.28, 3, 15.8, 0, 48, 138, 7, 00292BD40FFEA61FF0F607FF000A9A4944D70C5C
2020-09-23 20:00:00, 48.976600, -67.183400, 0, 2020, 9, 23, 20, 0, 8.25, 3, 15.8, 0, 44, 54, 10, 00292BD00FFEA5BFF0F60AFF000A9A6344DB99BB
2020-09-23 19:00:00, 48.982600, -67.160200, 0, 2020, 9, 23, 19, 0, 8.19, 3, 15.8, 0, 48, 78, 7, 00292BCC0FFEA4FFF0F607FF000A9A8144DF3A7C
2020-09-23 18:00:00, 48.989400, -67.143400, 0, 2020, 9, 23, 18, 0, 7.54, 3, 15.8, 0, 44, 52, 11, 00292BC80FFE9CDFF0F60BFF000A9AA344E1D9AB
2020-09-23 17:00:00, 48.995600, -67.134200, 0, 2020, 9, 23, 17, 0, 7.24, 3, 15.8, 0, 44, 54, 12, 00292BC40FFE991FF0F60CFF000A9AC244E349BB
2020-09-23 16:00:00, 49.001000, -67.131400, 0, 2020, 9, 23, 16, 0, 7.22, 4, 15.8, 0, 48, 24, 10, 00292BC00FFE98DFF1360AFF000A9ADD44E3B8CC
2020-09-23 15:00:00, 49.006800, -67.133400, 0, 2020, 9, 23, 15, 0, 7.22, 3, 15.8, 0, 48, 24, 7, 00292BBC0FFE98DFF0F607FF000A9AFA44E368CC
2020-09-23 14:00:00, 49.014200, -67.136600, 0, 2020, 9, 23, 14, 0, 7.16, 2, 15.8, 0, 44, 24, 11, 00292BB80FFE981FF0B60BFF000A9B1F44E2E8CB
2020-09-23 13:00:00, 49.023400, -67.139000, 0, 2020, 9, 23, 13, 0, 7.21, 2, 15.8, 0, 48, 22, 10, 00292BB40FFE98BFF0B60AFF000A9B4D44E288BC
2020-09-23 12:00:00, 49.034200, -67.141600, 0, 2020, 9, 23, 12, 0, 7.26, 3, 15.8, 0, 48, 24, 11, 00292BB00FFE995FF0F60BFF000A9B8344E220CC
2020-09-23 11:00:00, 49.046600, -67.143600, 0, 2020, 9, 23, 11, 0, 7.66, 2, 15.8, 0, 48, 24, 11, 00292BAC0FFE9E5FF0B60BFF000A9BC144E1D0CC
2020-09-23 10:00:00, 49.059800, -67.144400, 0, 2020, 9, 23, 10, 0, 8.12, 3, 15.8, 0, 44, 24, 9, 00292BA80FFEA41FF0F609FF000A9C0344E1B0CB
2020-09-23 09:00:00, 49.073800, -67.145200, 0, 2020, 9, 23, 9, 0, 8.13, 2, 15.8, 0, 44, 24, 8, 00292BA40FFEA43FF0B608FF000A9C4944E190CB
2020-09-23 08:00:00, 49.087000, -67.148800, 0, 2020, 9, 23, 8, 0, 8.13, 2, 15.8, 0, 44, 24, 10, 00292BA00FFEA43FF0B60AFF000A9C8B44E100CB
2020-09-23 07:00:00, 49.098400, -67.156200, 0, 2020, 9, 23, 7, 0, 8.16, 2, 15.8, 0, 44, 24, 11, 00292B9C0FFEA49FF0B60BFF000A9CC444DFD8CB
2020-09-23 06:00:00, 49.109000, -67.168600, 0, 2020, 9, 23, 6, 0, 8.19, 2, 15.8, 0, 48, 24, 8, 00292B980FFEA4FFF0B608FF000A9CF944DDE8CC
2020-09-23 05:00:00, 49.119400, -67.187200, 0, 2020, 9, 23, 5, 0, 8.23, 2, 15.8, 0, 44, 54, 17, 00292B940FFEA57FF0B611FF000A9D2D44DB01BB
2020-09-23 04:00:00, 49.128400, -67.214000, 0, 2020, 9, 23, 4, 0, 8.24, 2, 15.8, 0, 44, 46, 10, 00292B900FFEA59FF0B60AFF000A9D5A44D6D17B
2020-09-23 03:00:00, 49.135800, -67.246600, 0, 2020, 9, 23, 3, 0, 8.26, 2, 15.8, 0, 48, 102, 10, 00292B8C0FFEA5DFF0B60AFF000A9D7F44D1BB3C
2020-09-23 02:00:00, 49.141600, -67.282600, 0, 2020, 9, 23, 2, 0, 8.24, 3, 15.8, 0, 44, 106, 10, 00292B880FFEA59FF0F60AFF000A9D9C44CC1B5B
2020-09-23 01:00:00, 49.145200, -67.318000, 0, 2020, 9, 23, 1, 0, 8.28, 3, 15.8, 0, 48, 52, 8, 00292B840FFEA61FF0F608FF000A9DAE44C691AC
2020-09-23 00:00:00, 49.147800, -67.350000, 0, 2020, 9, 23, 0, 0, 8.31, 2, 15.8, 0, 48, 58, 9, 00292B800FFEA67FF0B609FF000A9DBB44C191DC
2020-09-22 23:00:00, 49.148400, -67.377600, 0, 2020, 9, 22, 23, 0, 8.34, 2, 15.8, 0, 48, 22, 12, 00292B5C0FFEA6DFF0B60CFF000A9DBE44BD40BC
2020-09-22 22:00:00, 49.146200, -67.400600, 0, 2020, 9, 22, 22, 0, 8.36, 3, 15.8, 0, 48, 22, 13, 00292B580FFEA71FF0F60DFF000A9DB344B9A8BC
2020-09-22 21:00:00, 49.144000, -67.419000, 0, 2020, 9, 22, 21, 0, 8.45, 2, 15.8, 0, 44, 24, 7, 00292B540FFEA83FF0B607FF000A9DA844B6C8CB
2020-09-22 20:00:00, 49.138600, -67.434800, 0, 2020, 9, 22, 20, 0, 8.60, 2, 15.8, 0, 44, 24, 6, 00292B500FFEAA1FF0B606FF000A9D8D44B450CB
2020-09-22 19:00:00, 49.129600, -67.446200, 0, 2020, 9, 22, 19, 0, 8.44, 1, 15.8, 0, 48, 24, 13, 00292B4C0FFEA81FF0760DFF000A9D6044B288CC
2020-09-22 18:00:00, 49.117200, -67.456400, 0, 2020, 9, 22, 18, 0, 8.34, 1, 15.8, 0, 44, 24, 19, 00292B480FFEA6DFF07613FF000A9D2244B0F0CB
2020-09-22 17:00:00, 49.103400, -67.464200, 0, 2020, 9, 22, 17, 0, 8.36, 1, 15.8, 0, 44, 24, 11, 00292B440FFEA71FF0760BFF000A9CDD44AFB8CB
2020-09-22 16:00:00, 49.088200, -67.472400, 0, 2020, 9, 22, 16, 0, 8.35, 2, 15.8, 0, 48, 24, 7, 00292B400FFEA6FFF0B607FF000A9C9144AE70CC
2020-09-22 15:00:00, 49.071000, -67.481800, 0, 2020, 9, 22, 15, 0, 8.26, 2, 15.8, 0, 48, 30, 10, 00292B3C0FFEA5DFF0B60AFF000A9C3B44ACF8FC
2020-09-22 14:00:00, 49.053600, -67.491000, 0, 2020, 9, 22, 14, 0, 8.30, 1, 15.8, 0, 44, 24, 7, 00292B380FFEA65FF07607FF000A9BE444AB88CB
2020-09-22 13:00:00, 49.037400, -67.496800, 0, 2020, 9, 22, 13, 0, 8.21, 2, 15.8, 0, 48, 28, 10, 00292B340FFEA53FF0B60AFF000A9B9344AAA0EC
2020-09-22 12:00:00, 49.023800, -67.501000, 0, 2020, 9, 22, 12, 0, 8.25, 2, 15.8, 0, 48, 24, 7, 00292B300FFEA5BFF0B607FF000A9B4F44A9F8CC
2020-09-22 11:00:00, 49.012600, -67.500400, 0, 2020, 9, 22, 11, 0, 8.25, 2, 15.8, 0, 48, 22, 12, 00292B2C0FFEA5BFF0B60CFF000A9B1744AA10BC
2020-09-22 10:00:00, 49.003600, -67.490400, 0, 2020, 9, 22, 10, 0, 8.17, 2, 15.8, 0, 44, 24, 7, 00292B280FFEA4BFF0B607FF000A9AEA44ABA0CB
2020-09-22 09:00:00, 48.997000, -67.471400, 0, 2020, 9, 22, 9, 0, 8.16, 2, 15.8, 0, 44, 34, 7, 00292B240FFEA49FF0B607FF000A9AC944AE991B
2020-09-22 08:00:00, 48.992000, -67.448600, 0, 2020, 9, 22, 8, 0, 8.16, 2, 15.8, 0, 44, 24, 8, 00292B200FFEA49FF0B608FF000A9AB044B228CB
2020-09-22 07:00:00, 48.987600, -67.422800, 0, 2020, 9, 22, 7, 0, 8.16, 2, 15.8, 0, 48, 28, 10, 00292B1C0FFEA49FF0B60AFF000A9A9A44B630EC
2020-09-22 06:00:00, 48.981600, -67.398600, 0, 2020, 9, 22, 6, 0, 8.16, 3, 15.8, 0, 44, 24, 7, 00292B180FFEA49FF0F607FF000A9A7C44B9F8CB
2020-09-22 05:00:00, 48.974400, -67.378200, 0, 2020, 9, 22, 5, 0, 8.19, 2, 15.8, 0, 44, 24, 11, 00292B140FFEA4FFF0B60BFF000A9A5844BD28CB
2020-09-22 04:00:00, 48.966000, -67.360800, 0, 2020, 9, 22, 4, 0, 8.19, 2, 15.8, 0, 44, 28, 8, 00292B100FFEA4FFF0B608FF000A9A2E44BFE0EB
2020-09-22 03:00:00, 48.959000, -67.346000, 0, 2020, 9, 22, 3, 0, 8.22, 2, 15.8, 0, 48, 24, 8, 00292B0C0FFEA55FF0B608FF000A9A0B44C230CC
2020-09-22 02:00:00, 48.953200, -67.329400, 0, 2020, 9, 22, 2, 0, 8.25, 2, 15.8, 0, 44, 24, 9, 00292B080FFEA5BFF0B609FF000A99EE44C4C8CB
2020-09-22 01:00:00, 48.950200, -67.309600, 0, 2020, 9, 22, 1, 0, 8.28, 2, 15.8, 0, 48, 54, 10, 00292B040FFEA61FF0B60AFF000A99DF44C7E1BC
2020-09-22 00:00:00, 48.950600, -67.286800, 0, 2020, 9, 22, 0, 0, 8.24, 2, 15.8, 0, 48, 34, 10, 00292B000FFEA59FF0B60AFF000A99E144CB711C
2020-09-21 23:00:00, 48.953200, -67.266400, 0, 2020, 9, 21, 23, 0, 8.19, 2, 15.8, 0, 48, 24, 12, 00292ADC0FFEA4FFF0B60CFF000A99EE44CEA0CC
2020-09-21 22:00:00, 48.957400, -67.244400, 0, 2020, 9, 21, 22, 0, 8.22, 2, 15.8, 0, 48, 24, 12, 00292AD80FFEA55FF0B60CFF000A9A0344D210CC
2020-09-21 21:00:00, 48.963200, -67.218200, 0, 2020, 9, 21, 21, 0, 8.25, 4, 15.8, 0, 48, 24, 11, 00292AD40FFEA5BFF1360BFF000A9A2044D628CC
2020-09-21 20:00:00, 48.970800, -67.191600, 0, 2020, 9, 21, 20, 0, 8.30, 2, 15.8, 0, 44, 30, 9, 00292AD00FFEA65FF0B609FF000A9A4644DA50FB
2020-09-21 19:00:00, 48.979800, -67.163400, 0, 2020, 9, 21, 19, 0, 8.29, 2, 15.8, 0, 48, 58, 12, 00292ACC0FFEA63FF0B60CFF000A9A7344DEB9DC
2020-09-21 18:00:00, 48.989200, -67.133800, 0, 2020, 9, 21, 18, 0, 8.25, 3, 15.8, 0, 44, 28, 8, 00292AC80FFEA5BFF0F608FF000A9AA244E358EB
2020-09-21 17:00:00, 48.999800, -67.113400, 0, 2020, 9, 21, 17, 0, 8.19, 3, 15.8, 0, 44, 24, 6, 00292AC40FFEA4FFF0F606FF000A9AD744E688CB
2020-09-21 16:00:00, 49.007600, -67.101200, 0, 2020, 9, 21, 16, 0, 8.15, 3, 15.8, 0, 48, 102, 8, 00292AC00FFEA47FF0F608FF000A9AFE44E8733C
2020-09-21 15:00:00, 49.013600, -67.095200, 0, 2020, 9, 21, 15, 0, 8.13, 2, 15.8, 0, 48, 76, 7, 00292ABC0FFEA43FF0B607FF000A9B1C44E9626C
2020-09-21 14:00:00, 49.014600, -67.095800, 0, 2020, 9, 21, 14, 0, 8.08, 3, 15.8, 0, 44, 84, 9, 00292AB80FFEA39FF0F609FF000A9B2144E94AAB
2020-09-21 13:00:00, 49.012600, -67.100600, 0, 2020, 9, 21, 13, 0, 8.04, 4, 15.8, 0, 48, 54, 18, 00292AB40FFEA31FF13612FF000A9B1744E889BC
2020-09-21 12:00:00, 49.009800, -67.106000, 0, 2020, 9, 21, 12, 0, 8.02, 3, 15.8, 0, 48, 24, 8, 00292AB00FFEA2DFF0F608FF000A9B0944E7B0CC
2020-09-21 11:00:00, 49.007800, -67.108200, 0, 2020, 9, 21, 11, 0, 8.02, 3, 15.8, 0, 44, 42, 12, 00292AAC0FFEA2DFF0F60CFF000A9AFF44E7595B
2020-09-21 10:00:00, 49.009000, -67.106800, 0, 2020, 9, 21, 10, 0, 8.02, 3, 15.8, 0, 44, 78, 7, 00292AA80FFEA2DFF0F607FF000A9B0544E7927B
2020-09-21 09:00:00, 49.011800, -67.100600, 0, 2020, 9, 21, 9, 0, 8.01, 3, 15.8, 0, 44, 56, 10, 00292AA40FFEA2BFF0F60AFF000A9B1344E889CB
2020-09-21 08:00:00, 49.016400, -67.090400, 0, 2020, 9, 21, 8, 0, 8.01, 2, 15.8, 0, 44, 54, 7, 00292AA00FFEA2BFF0B607FF000A9B2A44EA21BB
2020-09-21 07:00:00, 49.023400, -67.078000, 0, 2020, 9, 21, 7, 0, 8.10, 2, 15.8, 0, 48, 54, 8, 00292A9C0FFEA3DFF0B608FF000A9B4D44EC11BC
2020-09-21 06:00:00, 49.032000, -67.066800, 0, 2020, 9, 21, 6, 0, 8.07, 2, 15.8, 0, 44, 24, 7, 00292A980FFEA37FF0B607FF000A9B7844EDD0CB
2020-09-21 05:00:00, 49.038800, -67.061400, 0, 2020, 9, 21, 5, 0, 8.04, 2, 15.8, 0, 44, 24, 7, 00292A940FFEA31FF0B607FF000A9B9A44EEA8CB
2020-09-21 04:00:00, 49.043400, -67.063800, 0, 2020, 9, 21, 4, 0, 8.13, 2, 15.8, 0, 44, 46, 7, 00292A900FFEA43FF0B607FF000A9BB144EE497B
2020-09-21 03:00:00, 49.046000, -67.073200, 0, 2020, 9, 21, 3, 0, 8.16, 3, 15.8, 0, 48, 54, 7, 00292A8C0FFEA49FF0F607FF000A9BBE44ECD1BC
2020-09-21 02:00:00, 49.046200, -67.086600, 0, 2020, 9, 21, 2, 0, 8.16, 2, 15.8, 0, 44, 24, 6, 00292A880FFEA49FF0B606FF000A9BBF44EAB8CB
2020-09-21 01:00:00, 49.046800, -67.102000, 0, 2020, 9, 21, 1, 0, 8.16, 3, 15.8, 0, 48, 54, 10, 00292A840FFEA49FF0F60AFF000A9BC244E851BC
2020-09-21 00:00:00, 49.049800, -67.120200, 0, 2020, 9, 21, 0, 0, 8.15, 2, 15.8, 0, 48, 28, 11, 00292A800FFEA47FF0B60BFF000A9BD144E578EC
2020-09-20 23:00:00, 49.056200, -67.139400, 0, 2020, 9, 20, 23, 0, 8.21, 3, 15.8, 0, 48, 48, 10, 00292A5C0FFEA53FF0F60AFF000A9BF144E2798C
2020-09-20 22:00:00, 49.067200, -67.159400, 0, 2020, 9, 20, 22, 0, 8.27, 3, 15.8, 0, 48, 42, 7, 00292A580FFEA5FFF0F607FF000A9C2844DF595C
2020-09-20 21:00:00, 49.081000, -67.179600, 0, 2020, 9, 20, 21, 0, 8.37, 3, 15.8, 0, 48, 54, 8, 00292A540FFEA73FF0F608FF000A9C6D44DC31BC
2020-09-20 20:00:00, 49.098000, -67.198000, 0, 2020, 9, 20, 20, 0, 8.44, 3, 15.8, 0, 44, 84, 10, 00292A500FFEA81FF0F60AFF000A9CC244D952AB
2020-09-20 19:00:00, 49.115800, -67.216200, 0, 2020, 9, 20, 19, 0, 8.47, 3, 15.8, 0, 48, 58, 7, 00292A4C0FFEA87FF0F607FF000A9D1B44D679DC
2020-09-20 18:00:00, 49.130400, -67.234800, 0, 2020, 9, 20, 18, 0, 8.46, 3, 15.8, 0, 44, 82, 8, 00292A480FFEA85FF0F608FF000A9D6444D3929B
2020-09-20 17:00:00, 49.143800, -67.255200, 0, 2020, 9, 20, 17, 0, 8.42, 3, 15.8, 0, 44, 78, 10, 00292A440FFEA7DFF0F60AFF000A9DA744D0627B
2020-09-20 16:00:00, 49.155400, -67.280000, 0, 2020, 9, 20, 16, 0, 8.37, 3, 15.8, 0, 48, 28, 10, 00292A400FFEA73FF0F60AFF000A9DE144CC80EC
2020-09-20 15:00:00, 49.165000, -67.309400, 0, 2020, 9, 20, 15, 0, 8.28, 2, 15.8, 0, 48, 84, 9, 00292A3C0FFEA61FF0B609FF000A9E1144C7EAAC
2020-09-20 14:00:00, 49.171400, -67.346800, 0, 2020, 9, 20, 14, 0, 8.16, 2, 15.8, 0, 44, 42, 10, 00292A380FFEA49FF0B60AFF000A9E3144C2115B
2020-09-20 13:00:00, 49.174200, -67.388000, 0, 2020, 9, 20, 13, 0, 8.07, 2, 15.8, 0, 48, 24, 7, 00292A340FFEA37FF0B607FF000A9E3F44BBA0CC
2020-09-20 12:00:00, 49.175600, -67.429600, 0, 2020, 9, 20, 12, 0, 8.02, 3, 15.8, 0, 48, 54, 9, 00292A300FFEA2DFF0F609FF000A9E4644B521BC
2020-09-20 11:00:00, 49.177200, -67.470400, 0, 2020, 9, 20, 11, 0, 7.96, 2, 15.8, 0, 44, 24, 7, 00292A2C0FFEA21FF0B607FF000A9E4E44AEC0CB
2020-09-20 10:00:00, 49.176800, -67.510000, 0, 2020, 9, 20, 10, 0, 7.90, 2, 15.8, 0, 44, 24, 10, 00292A280FFEA15FF0B60AFF000A9E4C44A890CB
2020-09-20 09:00:00, 49.175800, -67.543000, 0, 2020, 9, 20, 9, 0, 7.92, 2, 15.8, 0, 44, 24, 10, 00292A240FFEA19FF0B60AFF000A9E4744A368CB
2020-09-20 08:00:00, 49.174000, -67.566400, 0, 2020, 9, 20, 8, 0, 7.92, 3, 15.8, 0, 44, 24, 11, 00292A200FFEA19FF0F60BFF000A9E3E449FC0CB
2020-09-20 07:00:00, 49.170400, -67.582600, 0, 2020, 9, 20, 7, 0, 7.94, 2, 15.8, 0, 48, 24, 7, 00292A1C0FFEA1DFF0B607FF000A9E2C449D38CC
2020-09-20 06:00:00, 49.167000, -67.591600, 0, 2020, 9, 20, 6, 0, 7.93, 3, 15.8, 0, 44, 28, 7, 00292A180FFEA1BFF0F607FF000A9E1B449BD0EB
2020-09-20 05:00:00, 49.162400, -67.597600, 0, 2020, 9, 20, 5, 0, 7.97, 2, 15.8, 0, 44, 42, 7, 00292A140FFEA23FF0B607FF000A9E04449AE15B
2020-09-20 04:00:00, 49.156200, -67.606400, 0, 2020, 9, 20, 4, 0, 8.08, 2, 15.8, 0, 44, 28, 7, 00292A100FFEA39FF0B607FF000A9DE5449980EB
2020-09-20 03:00:00, 49.145400, -67.620000, 0, 2020, 9, 20, 3, 0, 8.19, 2, 15.8, 0, 48, 52, 9, 00292A0C0FFEA4FFF0B609FF000A9DAF449761AC
2020-09-20 02:00:00, 49.130000, -67.635800, 0, 2020, 9, 20, 2, 0, 8.27, 3, 15.8, 0, 44, 28, 9, 00292A080FFEA5FFF0F609FF000A9D624494E8EB
2020-09-20 01:00:00, 49.113000, -67.652400, 0, 2020, 9, 20, 1, 0, 8.29, 3, 15.8, 0, 48, 54, 9, 00292A040FFEA63FF0F609FF000A9D0D449251BC
2020-09-20 00:00:00, 49.096200, -67.667200, 0, 2020, 9, 20, 0, 0, 8.30, 3, 15.8, 0, 48, 24, 9, 00292A000FFEA65FF0F609FF000A9CB9449000CC
2020-09-19 23:00:00, 49.078600, -67.678600, 0, 2020, 9, 19, 23, 0, 8.35, 2, 15.8, 0, 48, 28, 7, 002929DC0FFEA6FFF0B607FF000A9C61448E38EC
2020-09-19 22:00:00, 49.061200, -67.682800, 0, 2020, 9, 19, 22, 0, 8.37, 2, 15.8, 0, 48, 30, 19, 002929D80FFEA73FF0B613FF000A9C0A448D90FC
2020-09-19 21:00:00, 49.046800, -67.680600, 0, 2020, 9, 19, 21, 0, 8.44, 2, 15.8, 0, 48, 24, 10, 002929D40FFEA81FF0B60AFF000A9BC2448DE8CC
2020-09-19 20:00:00, 49.036800, -67.671400, 0, 2020, 9, 19, 20, 0, 8.42, 3, 15.8, 0, 44, 28, 6, 002929D00FFEA7DFF0F606FF000A9B90448F58EB
2020-09-19 19:00:00, 49.030200, -67.658000, 0, 2020, 9, 19, 19, 0, 8.35, 4, 15.8, 0, 48, 22, 7, 002929CC0FFEA6FFF13607FF000A9B6F449170BC
2020-09-19 18:00:00, 49.023400, -67.641400, 0, 2020, 9, 19, 18, 0, 8.32, 2, 15.8, 0, 44, 72, 10, 002929C80FFEA69FF0B60AFF000A9B4D44940A4B
2020-09-19 17:00:00, 49.016200, -67.620600, 0, 2020, 9, 19, 17, 0, 8.30, 2, 15.8, 0, 44, 24, 7, 002929C40FFEA65FF0B607FF000A9B29449748CB
2020-09-19 16:00:00, 49.009200, -67.600600, 0, 2020, 9, 19, 16, 0, 8.25, 2, 15.8, 0, 48, 28, 10, 002929C00FFEA5BFF0B60AFF000A9B06449A68EC
2020-09-19 15:00:00, 49.001000, -67.583600, 0, 2020, 9, 19, 15, 0, 8.10, 3, 15.8, 0, 48, 24, 10, 002929BC0FFEA3DFF0F60AFF000A9ADD449D10CC
2020-09-19 14:00:00, 48.991600, -67.569200, 0, 2020, 9, 19, 14, 0, 7.96, 4, 15.8, 0, 44, 24, 7, 002929B80FFEA21FF13607FF000A9AAE449F50CB
2020-09-19 13:00:00, 48.980600, -67.558400, 0, 2020, 9, 19, 13, 0, 7.93, 2, 15.8, 0, 48, 46, 11, 002929B40FFEA1BFF0B60BFF000A9A7744A1017C
2020-09-19 12:00:00, 48.969400, -67.547400, 0, 2020, 9, 19, 12, 0, 7.88, 4, 15.8, 0, 48, 88, 10, 002929B00FFEA11FF1360AFF000A9A3F44A2BACC
2020-09-19 11:00:00, 48.959600, -67.536800, 0, 2020, 9, 19, 11, 0, 7.87, 2, 15.8, 0, 44, 24, 7, 002929AC0FFEA0FFF0B607FF000A9A0E44A460CB
2020-09-19 10:00:00, 48.952200, -67.526800, 0, 2020, 9, 19, 10, 0, 7.87, 2, 15.8, 0, 44, 54, 12, 002929A80FFEA0FFF0B60CFF000A99E944A5F1BB
2020-09-19 09:00:00, 48.948600, -67.512800, 0, 2020, 9, 19, 9, 0, 7.98, 3, 15.8, 0, 44, 22, 7, 002929A40FFEA25FF0F607FF000A99D744A820BB
2020-09-19 08:00:00, 48.947200, -67.492400, 0, 2020, 9, 19, 8, 0, 7.98, 2, 15.8, 0, 44, 84, 9, 002929A00FFEA25FF0B609FF000A99D044AB52AB
2020-09-19 07:00:00, 48.949000, -67.463000, 0, 2020, 9, 19, 7, 0, 7.91, 2, 15.8, 0, 48, 54, 7, 0029299C0FFEA17FF0B607FF000A99D944AFE9BC
2020-09-19 06:00:00, 48.955200, -67.427000, 0, 2020, 9, 19, 6, 0, 7.97, 3, 15.8, 0, 44, 46, 8, 002929980FFEA23FF0F608FF000A99F844B5897B
2020-09-19 05:00:00, 48.964600, -67.391600, 0, 2020, 9, 19, 5, 0, 8.01, 2, 15.8, 0, 44, 24, 13, 002929940FFEA2BFF0B60DFF000A9A2744BB10CB
2020-09-19 04:00:00, 48.973600, -67.366200, 0, 2020, 9, 19, 4, 0, 8.02, 2, 15.8, 0, 44, 24, 15, 002929900FFEA2DFF0B60FFF000A9A5444BF08CB
2020-09-19 03:00:00, 48.979600, -67.349200, 0, 2020, 9, 19, 3, 0, 8.02, 2, 15.8, 0, 48, 24, 9, 0029298C0FFEA2DFF0B609FF000A9A7244C1B0CC
2020-09-19 02:00:00, 48.982400, -67.342400, 0, 2020, 9, 19, 2, 0, 8.03, 3, 15.8, 0, 44, 24, 7, 002929880FFEA2FFF0F607FF000A9A8044C2C0CB
2020-09-19 01:00:00, 48.982400, -67.344000, 0, 2020, 9, 19, 1, 0, 8.16, 2, 15.8, 0, 48, 24, 10, 002929840FFEA49FF0B60AFF000A9A8044C280CC
2020-09-19 00:00:00, 48.981400, -67.350800, 0, 2020, 9, 19, 0, 0, 8.22, 2, 15.8, 0, 48, 24, 12, 002929800FFEA55FF0B60CFF000A9A7B44C170CC
2020-09-18 23:00:00, 48.979000, -67.359600, 0, 2020, 9, 18, 23, 0, 8.27, 2, 15.8, 0, 48, 24, 11, 0029295C0FFEA5FFF0B60BFF000A9A6F44C010CC
2020-09-18 22:00:00, 48.976400, -67.366800, 0, 2020, 9, 18, 22, 0, 8.25, 2, 15.8, 0, 48, 24, 10, 002929580FFEA5BFF0B60AFF000A9A6244BEF0CC
2020-09-18 21:00:00, 48.975600, -67.370000, 0, 2020, 9, 18, 21, 0, 8.10, 2, 15.8, 0, 48, 24, 10, 002929540FFEA3DFF0B60AFF000A9A5E44BE70CC
2020-09-18 20:00:00, 48.976400, -67.365200, 0, 2020, 9, 18, 20, 0, 8.06, 2, 15.8, 0, 44, 24, 11, 002929500FFEA35FF0B60BFF000A9A6244BF30CB
2020-09-18 19:00:00, 48.979800, -67.353400, 0, 2020, 9, 18, 19, 0, 7.98, 2, 15.8, 0, 48, 24, 11, 0029294C0FFEA25FF0B60BFF000A9A7344C108CC
2020-09-18 18:00:00, 48.986200, -67.337200, 0, 2020, 9, 18, 18, 0, 7.99, 2, 15.8, 0, 44, 24, 9, 002929480FFEA27FF0B609FF000A9A9344C390CB
2020-09-18 17:00:00, 48.994400, -67.320000, 0, 2020, 9, 18, 17, 0, 7.66, 2, 15.8, 0, 44, 42, 10, 002929440FFE9E5FF0B60AFF000A9ABC44C6415B
2020-09-18 16:00:00, 49.004000, -67.304600, 0, 2020, 9, 18, 16, 0, 7.56, 2, 15.8, 0, 48, 84, 11, 002929400FFE9D1FF0B60BFF000A9AEC44C8AAAC
2020-09-18 15:00:00, 49.013200, -67.294000, 0, 2020, 9, 18, 15, 0, 7.50, 2, 15.8, 0, 48, 84, 6, 0029293C0FFE9C5FF0B606FF000A9B1A44CA52AC
2020-09-18 14:00:00, 49.021000, -67.289600, 0, 2020, 9, 18, 14, 0, 7.72, 2, 15.8, 0, 44, 42, 9, 002929380FFE9F1FF0B609FF000A9B4144CB015B
2020-09-18 13:00:00, 49.027800, -67.292400, 0, 2020, 9, 18, 13, 0, 7.78, 3, 15.8, 0, 48, 48, 7, 002929340FFE9FDFF0F607FF000A9B6344CA918C
2020-09-18 12:00:00, 49.036000, -67.300400, 0, 2020, 9, 18, 12, 0, 7.62, 3, 15.8, 0, 48, 54, 10, 002929300FFE9DDFF0F60AFF000A9B8C44C951BC
2020-09-18 11:00:00, 49.045400, -67.313000, 0, 2020, 9, 18, 11, 0, 7.54, 2, 15.8, 0, 44, 54, 8, 0029292C0FFE9CDFF0B608FF000A9BBB44C759BB
2020-09-18 10:00:00, 49.056400, -67.329400, 0, 2020, 9, 18, 10, 0, 7.52, 3, 15.8, 0, 44, 24, 8, 002929280FFE9C9FF0F608FF000A9BF244C4C8CB
2020-09-18 09:00:00, 49.069600, -67.347800, 0, 2020, 9, 18, 9, 0, 7.54, 2, 15.8, 0, 44, 48, 9, 002929240FFE9CDFF0B609FF000A9C3444C1E98B
2020-09-18 08:00:00, 49.084800, -67.366800, 0, 2020, 9, 18, 8, 0, 7.45, 3, 15.8, 0, 44, 22, 8, 002929200FFE9BBFF0F608FF000A9C8044BEF0BB
2020-09-18 07:00:00, 49.102000, -67.382800, 0, 2020, 9, 18, 7, 0, 7.41, 2, 15.8, 0, 48, 64, 9, 0029291C0FFE9B3FF0B609FF000A9CD644BC720C
2020-09-18 06:00:00, 49.119600, -67.395000, 0, 2020, 9, 18, 6, 0, 7.43, 2, 15.8, 0, 44, 48, 10, 002929180FFE9B7FF0B60AFF000A9D2E44BA898B
2020-09-18 05:00:00, 49.135000, -67.407400, 0, 2020, 9, 18, 5, 0, 7.46, 2, 15.8, 0, 44, 72, 7, 002929140FFE9BDFF0B607FF000A9D7B44B89A4B
2020-09-18 04:00:00, 49.147800, -67.421800, 0, 2020, 9, 18, 4, 0, 7.46, 2, 15.8, 0, 44, 24, 6, 002929100FFE9BDFF0B606FF000A9DBB44B658CB
2020-09-18 03:00:00, 49.158000, -67.437600, 0, 2020, 9, 18, 3, 0, 7.48, 2, 15.8, 0, 48, 24, 8, 0029290C0FFE9C1FF0B608FF000A9DEE44B3E0CC
2020-09-18 02:00:00, 49.166200, -67.457400, 0, 2020, 9, 18, 2, 0, 7.45, 2, 15.8, 0, 44, 24, 12, 002929080FFE9BBFF0B60CFF000A9E1744B0C8CB
2020-09-18 01:00:00, 49.173000, -67.482800, 0, 2020, 9, 18, 1, 0, 7.45, 2, 15.8, 0, 48, 24, 12, 002929040FFE9BBFF0B60CFF000A9E3944ACD0CC
2020-09-18 00:00:00, 49.176400, -67.515800, 0, 2020, 9, 18, 0, 0, 7.48, 3, 15.8, 0, 48, 24, 12, 002929000FFE9C1FF0F60CFF000A9E4A44A7A8CC
2020-09-17 23:00:00, 49.177800, -67.553600, 0, 2020, 9, 17, 23, 0, 7.51, 2, 15.8, 0, 48, 24, 10, 002928DC0FFE9C7FF0B60AFF000A9E5144A1C0CC
2020-09-17 22:00:00, 49.178000, -67.595400, 0, 2020, 9, 17, 22, 0, 7.63, 3, 15.8, 0, 48, 76, 7, 002928D80FFE9DFFF0F607FF000A9E52449B3A6C
2020-09-17 21:00:00, 49.177200, -67.636000, 0, 2020, 9, 17, 21, 0, 7.86, 2, 15.8, 0, 48, 24, 12, 002928D40FFEA0DFF0B60CFF000A9E4E4494E0CC
2020-09-17 20:00:00, 49.175600, -67.672600, 0, 2020, 9, 17, 20, 0, 7.95, 3, 15.8, 0, 44, 54, 7, 002928D00FFEA1FFF0F607FF000A9E46448F29BB
2020-09-17 19:00:00, 49.172800, -67.704000, 0, 2020, 9, 17, 19, 0, 8.00, 2, 15.8, 0, 48, 54, 7, 002928CC0FFEA29FF0B607FF000A9E38448A41BC
2020-09-17 18:00:00, 49.169800, -67.729400, 0, 2020, 9, 17, 18, 0, 7.96, 2, 15.8, 0, 44, 54, 8, 002928C80FFEA21FF0B608FF000A9E29448649BB
2020-09-17 17:00:00, 49.166000, -67.750400, 0, 2020, 9, 17, 17, 0, 7.76, 3, 15.8, 0, 44, 74, 8, 002928C40FFE9F9FF0F608FF000A9E164483025B
2020-09-17 16:00:00, 49.162400, -67.771200, 0, 2020, 9, 17, 16, 0, 7.91, 2, 15.8, 0, 44, 46, 13, 002928C00FFEA17FF0B60DFF000A9E04447FC17B
2020-09-17 15:00:00, 49.157600, -67.789000, 0, 2020, 9, 17, 15, 0, 7.88, 2, 15.8, 0, 48, 24, 9, 002928BC0FFEA11FF0B609FF000A9DEC447CF8CC
2020-09-17 14:00:00, 49.149400, -67.809800, 0, 2020, 9, 17, 14, 0, 7.81, 3, 15.8, 0, 44, 24, 7, 002928B80FFEA03FF0F607FF000A9DC34479B8CB
2020-09-17 13:00:00, 49.136800, -67.832800, 0, 2020, 9, 17, 13, 0, 7.81, 4, 15.8, 0, 48, 116, 7, 002928B40FFEA03FF13607FF000A9D84447623AC
2020-09-17 12:00:00, 49.119800, -67.856400, 0, 2020, 9, 17, 12, 0, 7.94, 3, 15.8, 0, 48, 52, 8, 002928B00FFEA1DFF0F608FF000A9D2F447271AC
2020-09-17 11:00:00, 49.100000, -67.877800, 0, 2020, 9, 17, 11, 0, 7.99, 3, 15.8, 0, 44, 48, 8, 002928AC0FFEA27FF0F608FF000A9CCC446F198B
2020-09-17 10:00:00, 49.078800, -67.896000, 0, 2020, 9, 17, 10, 0, 7.92, 3, 15.8, 0, 44, 78, 12, 002928A80FFEA19FF0F60CFF000A9C62446C427B
2020-09-17 09:00:00, 49.051800, -67.907000, 0, 2020, 9, 17, 9, 0, 7.75, 3, 15.8, 0, 44, 24, 10, 002928A40FFE9F7FF0F60AFF000A9BDB446A88CB
2020-09-17 08:00:00, 49.027200, -67.909000, 0, 2020, 9, 17, 8, 0, 7.80, 3, 15.8, 0, 44, 142, 10, 002928A00FFEA01FF0F60AFF000A9B60446A3C7B
2020-09-17 07:00:00, 49.005000, -67.903200, 0, 2020, 9, 17, 7, 0, 7.80, 2, 15.8, 0, 48, 46, 11, 0029289C0FFEA01FF0B60BFF000A9AF1446B217C
2020-09-17 06:00:00, 48.987600, -67.891800, 0, 2020, 9, 17, 6, 0, 7.67, 3, 15.8, 0, 48, 84, 8, 002928980FFE9E7FF0F608FF000A9A9A446CEAAC
2020-09-17 05:00:00, 48.975000, -67.874800, 0, 2020, 9, 17, 5, 0, 7.65, 2, 15.8, 0, 44, 54, 10, 002928940FFE9E3FF0B60AFF000A9A5B446F91BB
2020-09-17 04:00:00, 48.964400, -67.858000, 0, 2020, 9, 17, 4, 0, 7.58, 3, 15.8, 0, 44, 106, 6, 002928900FFE9D5FF0F606FF000A9A264472335B
2020-09-17 03:00:00, 48.953400, -67.843800, 0, 2020, 9, 17, 3, 0, 7.58, 2, 15.8, 0, 48, 24, 10, 0029288C0FFE9D5FF0B60AFF000A99EF447468CC
2020-09-17 02:00:00, 48.940200, -67.835800, 0, 2020, 9, 17, 2, 0, 7.58, 2, 15.8, 0, 44, 24, 8, 002928880FFE9D5FF0B608FF000A99AD4475A8CB
2020-09-17 01:00:00, 48.924200, -67.833400, 0, 2020, 9, 17, 1, 0, 7.33, 2, 15.8, 0, 48, 54, 7, 002928840FFE9A3FF0B607FF000A995D447609BC
2020-09-17 00:00:00, 48.906600, -67.833800, 0, 2020, 9, 17, 0, 0, 7.70, 2, 15.8, 0, 48, 42, 7, 002928800FFE9EDFF0B607FF000A99054475F95C
2020-09-16 23:00:00, 48.890600, -67.837800, 0, 2020, 9, 16, 23, 0, 7.74, 2, 15.8, 0, 48, 24, 7, 0029285C0FFE9F5FF0B607FF000A98B5447558CC
2020-09-16 22:00:00, 48.875200, -67.846000, 0, 2020, 9, 16, 22, 0, 7.84, 2, 15.8, 0, 48, 54, 11, 002928580FFEA09FF0B60BFF000A9868447411BC
2020-09-16 21:00:00, 48.860400, -67.858000, 0, 2020, 9, 16, 21, 0, 8.05, 2, 15.8, 0, 48, 24, 12, 002928540FFEA33FF0B60CFF000A981E447230CC
2020-09-16 20:00:00, 48.847000, -67.871600, 0, 2020, 9, 16, 20, 0, 8.31, 2, 15.8, 0, 44, 24, 7, 002928500FFEA67FF0B607FF000A97DB447010CB
2020-09-16 19:00:00, 48.838400, -67.883000, 0, 2020, 9, 16, 19, 0, 8.29, 2, 15.8, 0, 48, 54, 11, 0029284C0FFEA63FF0B60BFF000A97B0446E49BC
2020-09-16 18:00:00, 48.833400, -67.891800, 0, 2020, 9, 16, 18, 0, 8.31, 2, 15.8, 0, 44, 46, 9, 002928480FFEA67FF0B609FF000A9797446CE97B
2020-09-16 17:00:00, 48.831600, -67.898800, 0, 2020, 9, 16, 17, 0, 8.25, 3, 15.8, 0, 44, 52, 10, 002928440FFEA5BFF0F60AFF000A978E446BD1AB
2020-09-16 16:00:00, 48.831400, -67.904400, 0, 2020, 9, 16, 16, 0, 8.16, 2, 15.8, 0, 44, 54, 7, 002928400FFEA49FF0B607FF000A978D446AF1BB
2020-09-16 15:00:00, 48.831400, -67.911800, 0, 2020, 9, 16, 15, 0, 8.22, 3, 15.8, 0, 48, 58, 8, 0029283C0FFEA55FF0F608FF000A978D4469C9DC
2020-09-16 14:00:00, 48.829400, -67.920400, 0, 2020, 9, 16, 14, 0, 8.38, 1, 15.8, 0, 44, 24, 8, 002928380FFEA75FF07608FF000A9783446870CB
2020-09-16 13:00:00, 48.825400, -67.929600, 0, 2020, 9, 16, 13, 0, 8.25, 2, 15.8, 0, 48, 24, 7, 002928340FFEA5BFF0B607FF000A976F446700CC
2020-09-16 12:00:00, 48.820000, -67.942000, 0, 2020, 9, 16, 12, 0, 7.95, 2, 15.8, 0, 48, 24, 10, 002928300FFEA1FFF0B60AFF000A9754446510CC
2020-09-16 11:00:00, 48.811800, -67.959400, 0, 2020, 9, 16, 11, 0, 7.93, 2, 15.8, 0, 44, 24, 6, 0029282C0FFEA1BFF0B606FF000A972B446258CB
2020-09-16 10:00:00, 48.802200, -67.981000, 0, 2020, 9, 16, 10, 0, 7.94, 2, 15.8, 0, 44, 24, 7, 002928280FFEA1DFF0B607FF000A96FB445EF8CB
2020-09-16 09:00:00, 48.793000, -68.005800, 0, 2020, 9, 16, 9, 0, 7.84, 1, 15.8, 0, 44, 24, 7, 002928240FFEA09FF07607FF000A96CD445B18CB
2020-09-16 08:00:00, 48.782800, -68.031800, 0, 2020, 9, 16, 8, 0, 7.81, 1, 15.8, 0, 44, 22, 9, 002928200FFEA03FF07609FF000A969A445708BB
2020-09-16 07:00:00, 48.772200, -68.057000, 0, 2020, 9, 16, 7, 0, 7.83, 2, 15.8, 0, 48, 24, 10, 0029281C0FFEA07FF0B60AFF000A9665445318CC
2020-09-16 06:00:00, 48.762400, -68.077400, 0, 2020, 9, 16, 6, 0, 7.86, 2, 15.8, 0, 48, 24, 6, 002928180FFEA0DFF0B606FF000A9634444FE8CC
2020-09-16 05:00:00, 48.753200, -68.095200, 0, 2020, 9, 16, 5, 0, 7.83, 2, 15.8, 0, 44, 24, 11, 002928140FFEA07FF0B60BFF000A9606444D20CB
2020-09-16 04:00:00, 48.745600, -68.109200, 0, 2020, 9, 16, 4, 0, 7.76, 2, 15.8, 0, 44, 24, 13, 002928100FFE9F9FF0B60DFF000A95E0444AF0CB
2020-09-16 03:00:00, 48.740400, -68.121600, 0, 2020, 9, 16, 3, 0, 7.81, 2, 15.8, 0, 48, 24, 8, 0029280C0FFEA03FF0B608FF000A95C6444900CC
2020-09-16 02:00:00, 48.735600, -68.136000, 0, 2020, 9, 16, 2, 0, 7.80, 2, 15.8, 0, 48, 46, 7, 002928080FFEA01FF0B607FF000A95AE4446C17C
2020-09-16 01:00:00, 48.732800, -68.155000, 0, 2020, 9, 16, 1, 0, 7.80, 2, 15.8, 0, 44, 22, 11, 002928040FFEA01FF0B60BFF000A95A04443C8BB
2020-09-16 00:00:00, 48.728200, -68.178800, 0, 2020, 9, 16, 0, 0, 7.76, 2, 15.8, 0, 48, 42, 7, 002928000FFE9F9FF0B607FF000A95894440115C
2020-09-15 23:00:00, 48.722000, -68.204400, 0, 2020, 9, 15, 23, 0, 7.73, 2, 15.8, 0, 44, 54, 10, 002927DC0FFE9F3FF0B60AFF000A956A443C11BB
2020-09-15 22:00:00, 48.715200, -68.231000, 0, 2020, 9, 15, 22, 0, 7.57, 3, 15.8, 0, 48, 84, 9, 002927D80FFE9D3FF0F609FF000A95484437EAAC
2020-09-15 21:00:00, 48.708200, -68.256400, 0, 2020, 9, 15, 21, 0, 7.57, 2, 15.8, 0, 44, 54, 6, 002927D40FFE9D3FF0B606FF000A95254433F1BB
2020-09-15 20:00:00, 48.701400, -68.278800, 0, 2020, 9, 15, 20, 0, 7.67, 2, 15.8, 0, 44, 92, 10, 002927D00FFE9E7FF0B60AFF000A9503443072EB
2020-09-15 19:00:00, 48.697600, -68.298000, 0, 2020, 9, 15, 19, 0, 7.18, 2, 15.8, 0, 48, 28, 8, 002927CC0FFE985FF0B608FF000A94F0442D70EC
2020-09-15 18:00:00, 48.698000, -68.311800, 0, 2020, 9, 15, 18, 0, 6.88, 2, 15.8, 0, 44, 24, 11, 002927C80FFE949FF0B60BFF000A94F2442B48CB
2020-09-15 17:00:00, 48.700600, -68.323600, 0, 2020, 9, 15, 17, 0, 6.42, 3, 15.8, 0, 48, 28, 7, 002927C40FFE8EDFF0F607FF000A94FF442970EC
2020-09-15 16:00:00, 48.703800, -68.327000, 0, 2020, 9, 15, 16, 0, 6.24, 3, 15.8, 0, 48, 28, 7, 002927C00FFE8C9FF0F607FF000A950F4428E8EC
2020-09-15 15:00:00, 48.708200, -68.328000, 0, 2020, 9, 15, 15, 0, 6.22, 3, 15.8, 0, 48, 48, 7, 002927BC0FFE8C5FF0F607FF000A95254428C18C
2020-09-15 14:00:00, 48.713400, -68.329200, 0, 2020, 9, 15, 14, 0, 6.27, 2, 15.8, 0, 44, 24, 11, 002927B80FFE8CFFF0B60BFF000A953F442890CB
2020-09-15 13:00:00, 48.714800, -68.334000, 0, 2020, 9, 15, 13, 0, 6.23, 2, 15.8, 0, 48, 24, 9, 002927B40FFE8C7FF0B609FF000A95464427D0CC
2020-09-15 12:00:00, 48.714400, -68.340800, 0, 2020, 9, 15, 12, 0, 6.19, 2, 15.8, 0, 48, 24, 9, 002927B00FFE8BFFF0B609FF000A95444426C0CC
2020-09-15 11:00:00, 48.712600, -68.349200, 0, 2020, 9, 15, 11, 0, 6.06, 3, 15.8, 0, 44, 48, 7, 002927AC0FFE8A5FF0F607FF000A953B4425718B
2020-09-15 10:00:00, 48.709800, -68.358800, 0, 2020, 9, 15, 10, 0, 6.08, 3, 15.8, 0, 44, 30, 12, 002927A80FFE8A9FF0F60CFF000A952D4423F0FB
2020-09-15 09:00:00, 48.707400, -68.368400, 0, 2020, 9, 15, 9, 0, 6.14, 2, 15.8, 0, 44, 24, 7, 002927A40FFE8B5FF0B607FF000A9521442270CB
2020-09-15 08:00:00, 48.705800, -68.378000, 0, 2020, 9, 15, 8, 0, 6.15, 2, 15.8, 0, 44, 48, 8, 002927A00FFE8B7FF0B608FF000A95194420F18B
2020-09-15 07:00:00, 48.704800, -68.387200, 0, 2020, 9, 15, 7, 0, 6.17, 3, 15.8, 0, 48, 78, 10, 0029279C0FFE8BBFF0F60AFF000A9514441F827C
2020-09-15 06:00:00, 48.703800, -68.395600, 0, 2020, 9, 15, 6, 0, 6.17, 2, 15.8, 0, 48, 38, 10, 002927980FFE8BBFF0B60AFF000A950F441E313C
2020-09-15 05:00:00, 48.704400, -68.401800, 0, 2020, 9, 15, 5, 0, 6.18, 2, 15.8, 0, 44, 78, 9, 002927940FFE8BDFF0B609FF000A9512441D3A7B
2020-09-15 04:00:00, 48.706200, -68.408200, 0, 2020, 9, 15, 4, 0, 6.18, 2, 15.8, 0, 44, 24, 10, 002927900FFE8BDFF0B60AFF000A951B441C38CB
2020-09-15 03:00:00, 48.707800, -68.415400, 0, 2020, 9, 15, 3, 0, 6.18, 2, 15.8, 0, 48, 84, 7, 0029278C0FFE8BDFF0B607FF000A9523441B1AAC
2020-09-15 02:00:00, 48.707200, -68.424800, 0, 2020, 9, 15, 2, 0, 6.18, 3, 15.8, 0, 44, 54, 10, 002927880FFE8BDFF0F60AFF000A95204419A1BB
2020-09-15 01:00:00, 48.703400, -68.433200, 0, 2020, 9, 15, 1, 0, 6.23, 3, 15.8, 0, 48, 72, 7, 002927840FFE8C7FF0F607FF000A950D4418524C
2020-09-15 00:00:00, 48.698400, -68.439200, 0, 2020, 9, 15, 0, 0, 6.41, 3, 15.8, 0, 48, 76, 10, 002927800FFE8EBFF0F60AFF000A94F44417626C
2020-09-14 23:00:00, 48.694400, -68.444400, 0, 2020, 9, 14, 23, 0, 6.24, 3, 15.8, 0, 44, 42, 10, 0029275C0FFE8C9FF0F60AFF000A94E04416915B
2020-09-14 22:00:00, 48.691200, -68.451400, 0, 2020, 9, 14, 22, 0, 6.24, 4, 15.8, 0, 48, 102, 9, 002927580FFE8C9FF13609FF000A94D044157B3C
2020-09-14 21:00:00, 48.689000, -68.460000, 0, 2020, 9, 14, 21, 0, 6.23, 3, 15.8, 0, 44, 46, 7, 002927540FFE8C7FF0F607FF000A94C54414217B
2020-09-14 20:00:00, 48.687800, -68.469200, 0, 2020, 9, 14, 20, 0, 6.40, 3, 15.8, 0, 44, 58, 8, 002927500FFE8E9FF0F608FF000A94BF4412B1DB
2020-09-14 19:00:00, 48.687000, -68.479800, 0, 2020, 9, 14, 19, 0, 6.47, 3, 15.8, 0, 48, 42, 6, 0029274C0FFE8F7FF0F606FF000A94BB4411095C
2020-09-14 18:30:00, 48.686800, -68.484600, 0, 2020, 9, 14, 18, 30, 6.48, 3, 15.8, 0, 44, 166, 19, 00292749EFFE8F9FF0F613FF000A94BA44104D3B
2020-09-14 18:00:00, 48.686200, -68.489600, 0, 2020, 9, 14, 18, 0, 6.45, 2, 15.8, 0, 44, 24, 10, 002927480FFE8F3FF0B60AFF000A94B7440F80CB
2020-09-14 17:30:00, 48.685200, -68.493200, 0, 2020, 9, 14, 17, 30, 6.52, 3, 15.8, 0, 44, 78, 7, 00292745EFFE901FF0F607FF000A94B2440EF27B
2020-09-14 17:00:00, 48.684400, -68.497200, 0, 2020, 9, 14, 17, 0, 6.45, 2, 15.8, 0, 44, 84, 10, 002927440FFE8F3FF0B60AFF000A94AE440E52AB
2020-09-14 16:30:00, 48.683200, -68.502400, 0, 2020, 9, 14, 16, 30, 6.36, 2, 15.8, 0, 48, 48, 8, 00292741EFFE8E1FF0B608FF000A94A8440D818C
2020-09-14 16:00:00, 48.681200, -68.508200, 0, 2020, 9, 14, 16, 0, 6.45, 3, 15.8, 0, 48, 42, 10, 002927400FFE8F3FF0F60AFF000A949E440C995C
2020-09-14 15:30:00, 48.678800, -68.515200, 0, 2020, 9, 14, 15, 30, 6.45, 3, 15.8, 0, 48, 30, 10, 0029273DEFFE8F3FF0F60AFF000A9492440B80FC
2020-09-14 15:00:00, 48.676600, -68.522800, 0, 2020, 9, 14, 15, 0, 6.42, 2, 15.8, 0, 44, 48, 7, 0029273C0FFE8EDFF0B607FF000A9487440A518B
2020-09-14 14:30:00, 48.673800, -68.530600, 0, 2020, 9, 14, 14, 30, 6.40, 3, 15.8, 0, 44, 48, 10, 00292739EFFE8E9FF0F60AFF000A94794409198B
2020-09-14 14:00:00, 48.671000, -68.537800, 0, 2020, 9, 14, 14, 0, 6.39, 3, 15.8, 0, 48, 102, 11, 002927380FFE8E7FF0F60BFF000A946B4407FB3C
2020-09-14 13:30:00, 48.668200, -68.545000, 0, 2020, 9, 14, 13, 30, 6.40, 2, 15.8, 0, 48, 24, 7, 00292735EFFE8E9FF0B607FF000A945D4406D8CC
2020-09-14 13:00:00, 48.666000, -68.551000, 0, 2020, 9, 14, 13, 0, 6.39, 3, 15.8, 0, 48, 54, 9, 002927340FFE8E7FF0F609FF000A94524405E9BC
2020-09-14 12:30:00, 48.664000, -68.556600, 0, 2020, 9, 14, 12, 30, 6.37, 3, 15.8, 0, 48, 54, 12, 00292731EFFE8E3FF0F60CFF000A9448440509BC
2020-09-14 12:00:00, 48.662200, -68.561800, 0, 2020, 9, 14, 12, 0, 6.36, 3, 15.8, 0, 48, 48, 10, 002927300FFE8E1FF0F60AFF000A943F4404398C
2020-09-14 11:30:00, 48.660600, -68.567200, 0, 2020, 9, 14, 11, 30, 6.35, 3, 15.8, 0, 48, 72, 8, 0029272DEFFE8DFFF0F608FF000A94374403624C
2020-09-14 11:00:00, 48.659200, -68.573200, 0, 2020, 9, 14, 11, 0, 6.35, 2, 15.8, 0, 44, 58, 10, 0029272C0FFE8DFFF0B60AFF000A9430440271DB
2020-09-14 10:30:00, 48.658200, -68.580000, 0, 2020, 9, 14, 10, 30, 6.40, 3, 15.8, 0, 44, 24, 10, 00292729EFFE8E9FF0F60AFF000A942B440160CB
2020-09-14 10:00:00, 48.657800, -68.587000, 0, 2020, 9, 14, 10, 0, 6.42, 3, 15.8, 0, 44, 52, 7, 002927280FFE8EDFF0F607FF000A9429440049AB
2020-09-14 09:30:00, 48.658000, -68.593200, 0, 2020, 9, 14, 9, 30, 6.42, 3, 15.8, 0, 44, 112, 6, 00292725EFFE8EDFF0F606FF000A942A43FF538B
2020-09-14 09:00:00, 48.658400, -68.599600, 0, 2020, 9, 14, 9, 0, 6.43, 3, 15.8, 0, 44, 54, 12, 002927240FFE8EFFF0F60CFF000A942C43FE51BB
2020-09-14 08:30:00, 48.659000, -68.606200, 0, 2020, 9, 14, 8, 30, 6.43, 3, 15.8, 0, 44, 40, 7, 00292721EFFE8EFFF0F607FF000A942F43FD494B
2020-09-14 08:00:00, 48.660400, -68.613600, 0, 2020, 9, 14, 8, 0, 6.47, 3, 15.8, 0, 44, 24, 6, 002927200FFE8F7FF0F606FF000A943643FC20CB
2020-09-14 07:30:00, 48.662000, -68.621000, 0, 2020, 9, 14, 7, 30, 6.53, 3, 15.8, 0, 48, 54, 11, 0029271DEFFE903FF0F60BFF000A943E43FAF9BC
2020-09-14 07:00:00, 48.664200, -68.628400, 0, 2020, 9, 14, 7, 0, 6.54, 3, 15.8, 0, 48, 114, 18, 0029271C0FFE905FF0F612FF000A944943F9D39C
2020-09-14 06:30:00, 48.666400, -68.635800, 0, 2020, 9, 14, 6, 30, 6.56, 3, 15.8, 0, 48, 72, 12, 00292719EFFE909FF0F60CFF000A945443F8AA4C
2020-09-14 06:00:00, 48.668400, -68.642800, 0, 2020, 9, 14, 6, 0, 6.60, 4, 15.8, 0, 48, 22, 7, 002927180FFE911FF13607FF000A945E43F790BC
2020-09-14 05:30:00, 48.670400, -68.648200, 0, 2020, 9, 14, 5, 30, 6.65, 4, 15.8, 0, 44, 86, 7, 00292715EFFE91BFF13607FF000A946843F6BABB
2020-09-14 05:00:00, 48.672000, -68.652400, 0, 2020, 9, 14, 5, 0, 6.63, 4, 15.8, 0, 44, 148, 8, 002927140FFE917FF13608FF000A947043F614AB
2020-09-14 04:30:00, 48.673400, -68.656000, 0, 2020, 9, 14, 4, 30, 6.58, 3, 15.8, 0, 44, 54, 10, 00292711EFFE90DFF0F60AFF000A947743F581BB
2020-09-14 04:00:00, 48.674800, -68.658400, 0, 2020, 9, 14, 4, 0, 6.60, 3, 15.8, 0, 44, 84, 7, 002927100FFE911FF0F607FF000A947E43F522AB
2020-09-14 03:30:00, 48.676000, -68.660400, 0, 2020, 9, 14, 3, 30, 6.59, 4, 15.8, 0, 44, 54, 8, 0029270DEFFE90FFF13608FF000A948443F4D1BB
2020-09-14 03:00:00, 48.677200, -68.662200, 0, 2020, 9, 14, 3, 0, 6.55, 3, 15.8, 0, 44, 26, 9, 0029270C0FFE907FF0F609FF000A948A43F488DB
2020-09-14 02:30:00, 48.678400, -68.663800, 0, 2020, 9, 14, 2, 30, 6.57, 3, 15.8, 0, 44, 54, 9, 00292709EFFE90BFF0F609FF000A949043F449BB
2020-09-14 02:00:00, 48.679400, -68.665600, 0, 2020, 9, 14, 2, 0, 6.55, 2, 15.8, 0, 48, 22, 7, 002927080FFE907FF0B607FF000A949543F400BC
2020-09-14 01:30:00, 48.680000, -68.667000, 0, 2020, 9, 14, 1, 30, 6.58, 2, 15.8, 0, 48, 24, 6, 00292705EFFE90DFF0B606FF000A949843F3C8CC
2020-09-14 01:00:00, 48.680000, -68.669600, 0, 2020, 9, 14, 1, 0, 6.59, 2, 15.8, 0, 48, 48, 7, 002927040FFE90FFF0B607FF000A949843F3618C
2020-09-14 00:30:00, 48.679200, -68.673400, 0, 2020, 9, 14, 0, 30, 6.59, 2, 15.8, 0, 48, 34, 7, 00292701EFFE90FFF0B607FF000A949443F2C91C
2020-09-14 00:00:00, 48.677400, -68.678200, 0, 2020, 9, 14, 0, 0, 6.59, 2, 15.8, 0, 48, 42, 7, 002927000FFE90FFF0B607FF000A948B43F2095C
2020-09-13 23:30:00, 48.674800, -68.683000, 0, 2020, 9, 13, 23, 30, 6.58, 2, 15.8, 0, 48, 24, 9, 002926DDEFFE90DFF0B609FF000A947E43F148CC
2020-09-13 23:00:00, 48.671200, -68.687800, 0, 2020, 9, 13, 23, 0, 6.61, 2, 15.8, 0, 48, 24, 10, 002926DC0FFE913FF0B60AFF000A946C43F088CC
2020-09-13 22:30:00, 48.667200, -68.692200, 0, 2020, 9, 13, 22, 30, 6.59, 2, 15.8, 0, 48, 22, 7, 002926D9EFFE90FFF0B607FF000A945843EFD8BC
2020-09-13 22:00:00, 48.663800, -68.695000, 0, 2020, 9, 13, 22, 0, 6.77, 2, 15.8, 0, 48, 24, 6, 002926D80FFE933FF0B606FF000A944743EF68CC
2020-09-13 21:30:00, 48.661000, -68.696400, 0, 2020, 9, 13, 21, 30, 6.78, 2, 15.8, 0, 48, 24, 10, 002926D5EFFE935FF0B60AFF000A943943EF30CC
2020-09-13 21:00:00, 48.659000, -68.697000, 0, 2020, 9, 13, 21, 0, 6.65, 2, 15.8, 0, 48, 24, 10, 002926D40FFE91BFF0B60AFF000A942F43EF18CC
2020-09-13 20:30:00, 48.657600, -68.697400, 0, 2020, 9, 13, 20, 30, 6.61, 2, 15.8, 0, 44, 22, 10, 002926D1EFFE913FF0B60AFF000A942843EF08BB
2020-09-13 20:00:00, 48.656800, -68.697600, 0, 2020, 9, 13, 20, 0, 6.60, 2, 15.8, 0, 44, 24, 7, 002926D00FFE911FF0B607FF000A942443EF00CB
2020-09-13 19:30:00, 48.656800, -68.697600, 0, 2020, 9, 13, 19, 30, 6.65, 2, 15.8, 0, 48, 24, 7, 002926CDEFFE91BFF0B607FF000A942443EF00CC
2020-09-13 19:00:00, 48.657400, -68.698400, 0, 2020, 9, 13, 19, 0, 6.61, 2, 15.8, 0, 48, 56, 7, 002926CC0FFE913FF0B607FF000A942743EEE1CC
2020-09-13 18:30:00, 48.658400, -68.699600, 0, 2020, 9, 13, 18, 30, 6.57, 3, 15.8, 0, 44, 24, 10, 002926C9EFFE90BFF0F60AFF000A942C43EEB0CB
2020-09-13 18:00:00, 48.660400, -68.701000, 0, 2020, 9, 13, 18, 0, 6.63, 2, 15.8, 0, 44, 22, 11, 002926C80FFE917FF0B60BFF000A943643EE78BB
2020-09-13 17:30:00, 48.662200, -68.702200, 0, 2020, 9, 13, 17, 30, 6.54, 2, 15.8, 0, 44, 24, 7, 002926C5EFFE905FF0B607FF000A943F43EE48CB
2020-09-13 17:00:00, 48.664200, -68.703600, 0, 2020, 9, 13, 17, 0, 6.49, 2, 15.8, 0, 48, 22, 10, 002926C40FFE8FBFF0B60AFF000A944943EE10BC
2020-09-13 16:30:00, 48.666200, -68.705000, 0, 2020, 9, 13, 16, 30, 6.48, 2, 15.8, 0, 48, 24, 13, 002926C1EFFE8F9FF0B60DFF000A945343EDD8CC
2020-09-13 16:00:00, 48.668000, -68.705600, 0, 2020, 9, 13, 16, 0, 6.36, 2, 15.8, 0, 44, 22, 8, 002926C00FFE8E1FF0B608FF000A945C43EDC0BB
2020-09-13 15:30:00, 48.669600, -68.705400, 0, 2020, 9, 13, 15, 30, 6.37, 3, 15.8, 0, 48, 24, 8, 002926BDEFFE8E3FF0F608FF000A946443EDC8CC
2020-09-13 15:00:00, 48.671000, -68.704600, 0, 2020, 9, 13, 15, 0, 6.27, 2, 15.8, 0, 48, 24, 6, 002926BC0FFE8CFFF0B606FF000A946B43EDE8CC
2020-09-13 14:30:00, 48.672200, -68.704600, 0, 2020, 9, 13, 14, 30, 6.29, 2, 15.8, 0, 44, 24, 8, 002926B9EFFE8D3FF0B608FF000A947143EDE8CB
2020-09-13 14:00:00, 48.673200, -68.705200, 0, 2020, 9, 13, 14, 0, 6.20, 2, 15.8, 0, 48, 30, 7, 002926B80FFE8C1FF0B607FF000A947643EDD0FC
2020-09-13 13:30:00, 48.674200, -68.706200, 0, 2020, 9, 13, 13, 30, 6.22, 3, 15.8, 0, 48, 28, 10, 002926B5EFFE8C5FF0F60AFF000A947B43EDA8EC
2020-09-13 13:00:00, 48.674600, -68.707800, 0, 2020, 9, 13, 13, 0, 6.20, 2, 15.8, 0, 48, 24, 11, 002926B40FFE8C1FF0B60BFF000A947D43ED68CC
2020-09-13 12:30:00, 48.674600, -68.709200, 0, 2020, 9, 13, 12, 30, 6.22, 1, 15.8, 0, 48, 24, 10, 002926B1EFFE8C5FF0760AFF000A947D43ED30CC
2020-09-13 12:00:00, 48.674400, -68.710400, 0, 2020, 9, 13, 12, 0, 6.19, 2, 15.8, 0, 48, 24, 7, 002926B00FFE8BFFF0B607FF000A947C43ED00CC
2020-09-13 11:30:00, 48.673200, -68.712000, 0, 2020, 9, 13, 11, 30, 6.18, 2, 15.8, 0, 48, 22, 9, 002926ADEFFE8BDFF0B609FF000A947643ECC0BC
2020-09-13 11:00:00, 48.671600, -68.713800, 0, 2020, 9, 13, 11, 0, 6.20, 2, 15.8, 0, 44, 24, 10, 002926AC0FFE8C1FF0B60AFF000A946E43EC78CB
2020-09-13 10:30:00, 48.669600, -68.716000, 0, 2020, 9, 13, 10, 30, 6.19, 2, 15.8, 0, 44, 24, 11, 002926A9EFFE8BFFF0B60BFF000A946443EC20CB
2020-09-13 10:00:00, 48.668000, -68.717800, 0, 2020, 9, 13, 10, 0, 6.15, 1, 15.8, 0, 44, 24, 9, 002926A80FFE8B7FF07609FF000A945C43EBD8CB
2020-09-13 09:30:00, 48.666200, -68.718800, 0, 2020, 9, 13, 9, 30, 6.16, 2, 15.8, 0, 44, 24, 9, 002926A5EFFE8B9FF0B609FF000A945343EBB0CB
2020-09-13 09:00:00, 48.664600, -68.719400, 0, 2020, 9, 13, 9, 0, 6.18, 2, 15.8, 0, 44, 24, 12, 002926A40FFE8BDFF0B60CFF000A944B43EB98CB
2020-09-13 08:30:00, 48.662800, -68.719600, 0, 2020, 9, 13, 8, 30, 6.14, 2, 15.8, 0, 44, 24, 9, 002926A1EFFE8B5FF0B609FF000A944243EB90CB
2020-09-13 08:00:00, 48.661200, -68.719200, 0, 2020, 9, 13, 8, 0, 6.12, 2, 15.8, 0, 44, 24, 9, 002926A00FFE8B1FF0B609FF000A943A43EBA0CB
2020-09-13 07:30:00, 48.659600, -68.718600, 0, 2020, 9, 13, 7, 30, 6.12, 2, 15.8, 0, 48, 24, 8, 0029269DEFFE8B1FF0B608FF000A943243EBB8CC
2020-09-13 07:00:00, 48.658400, -68.717400, 0, 2020, 9, 13, 7, 0, 6.16, 2, 15.8, 0, 48, 24, 9, 0029269C0FFE8B9FF0B609FF000A942C43EBE8CC
2020-09-13 06:30:00, 48.657800, -68.716000, 0, 2020, 9, 13, 6, 30, 6.20, 2, 15.8, 0, 44, 24, 8, 00292699EFFE8C1FF0B608FF000A942943EC20CB
2020-09-13 06:00:00, 48.657600, -68.714800, 0, 2020, 9, 13, 6, 0, 6.23, 2, 15.8, 0, 48, 34, 8, 002926980FFE8C7FF0B608FF000A942843EC511C
2020-09-13 05:30:00, 48.658000, -68.713800, 0, 2020, 9, 13, 5, 30, 6.29, 2, 15.8, 0, 44, 24, 7, 00292695EFFE8D3FF0B607FF000A942A43EC78CB
2020-09-13 05:00:00, 48.658600, -68.712800, 0, 2020, 9, 13, 5, 0, 6.33, 3, 16.0, 0, 44, 24, 10, 002926940FFE8DBFF0F70AFF000A942D43ECA0CB
2020-09-13 04:30:00, 48.659000, -68.712000, 0, 2020, 9, 13, 4, 30, 6.35, 2, 16.0, 0, 44, 24, 7, 00292691EFFE8DFFF0B707FF000A942F43ECC0CB
2020-09-13 04:00:00, 48.659800, -68.710600, 0, 2020, 9, 13, 4, 0, 6.29, 2, 16.0, 0, 44, 28, 8, 002926900FFE8D3FF0B708FF000A943343ECF8EB
2020-09-13 03:30:00, 48.660800, -68.708800, 0, 2020, 9, 13, 3, 30, 6.24, 2, 16.0, 0, 48, 24, 9, 0029268DEFFE8C9FF0B709FF000A943843ED40CC
2020-09-13 03:00:00, 48.662200, -68.707000, 0, 2020, 9, 13, 3, 0, 6.25, 2, 16.0, 0, 48, 24, 12, 0029268C0FFE8CBFF0B70CFF000A943F43ED88CC
2020-09-13 02:30:00, 48.663400, -68.704800, 0, 2020, 9, 13, 2, 30, 6.30, 2, 16.0, 0, 44, 24, 9, 00292689EFFE8D5FF0B709FF000A944543EDE0CB
2020-09-13 02:00:00, 48.664600, -68.702800, 0, 2020, 9, 13, 2, 0, 6.35, 2, 16.0, 0, 48, 24, 8, 002926880FFE8DFFF0B708FF000A944B43EE30CC
2020-09-13 01:30:00, 48.665600, -68.701200, 0, 2020, 9, 13, 1, 30, 6.46, 2, 16.0, 0, 48, 54, 7, 00292685EFFE8F5FF0B707FF000A945043EE71BC
2020-09-13 01:00:00, 48.666400, -68.699800, 0, 2020, 9, 13, 1, 0, 6.65, 2, 16.0, 0, 48, 48, 7, 002926840FFE91BFF0B707FF000A945443EEA98C
2020-09-13 00:30:00, 48.666800, -68.698600, 0, 2020, 9, 13, 0, 30, 6.82, 2, 16.0, 0, 48, 24, 11, 00292681EFFE93DFF0B70BFF000A945643EED8CC
2020-09-13 00:00:00, 48.667200, -68.698200, 0, 2020, 9, 13, 0, 0, 6.98, 2, 16.0, 0, 48, 24, 9, 002926800FFE95DFF0B709FF000A945843EEE8CC
2020-09-12 23:30:00, 48.667200, -68.698400, 0, 2020, 9, 12, 23, 30, 7.04, 3, 16.0, 0, 48, 24, 7, 0029265DEFFE969FF0F707FF000A945843EEE0CC
2020-09-12 23:00:00, 48.666800, -68.699600, 0, 2020, 9, 12, 23, 0, 7.14, 3, 16.0, 0, 48, 24, 8, 0029265C0FFE97DFF0F708FF000A945643EEB0CC
2020-09-12 22:30:00, 48.665600, -68.701600, 0, 2020, 9, 12, 22, 30, 7.16, 2, 16.0, 0, 48, 24, 8, 00292659EFFE981FF0B708FF000A945043EE60CC
2020-09-12 22:00:00, 48.663200, -68.704200, 0, 2020, 9, 12, 22, 0, 7.13, 3, 16.0, 0, 48, 58, 7, 002926580FFE97BFF0F707FF000A944443EDF9DC
2020-09-12 21:30:00, 48.660000, -68.706400, 0, 2020, 9, 12, 21, 30, 7.13, 2, 16.0, 0, 48, 24, 7, 00292655EFFE97BFF0B707FF000A943443EDA0CC
2020-09-12 21:00:00, 48.656200, -68.708000, 0, 2020, 9, 12, 21, 0, 6.98, 2, 16.0, 0, 48, 30, 7, 002926540FFE95DFF0B707FF000A942143ED60FC
2020-09-12 20:30:00, 48.652800, -68.708600, 0, 2020, 9, 12, 20, 30, 6.83, 2, 16.0, 0, 44, 24, 9, 00292651EFFE93FFF0B709FF000A941043ED48CB
2020-09-12 20:00:00, 48.649600, -68.708800, 0, 2020, 9, 12, 20, 0, 6.82, 2, 16.0, 0, 44, 30, 11, 002926500FFE93DFF0B70BFF000A940043ED40FB
2020-09-12 19:30:00, 48.646400, -68.708600, 0, 2020, 9, 12, 19, 30, 6.86, 3, 16.0, 0, 48, 72, 10, 0029264DEFFE945FF0F70AFF000A93F043ED4A4C
2020-09-12 19:00:00, 48.643000, -68.708400, 0, 2020, 9, 12, 19, 0, 6.86, 3, 16.0, 0, 48, 54, 12, 0029264C0FFE945FF0F70CFF000A93DF43ED51BC
2020-09-12 18:30:00, 48.640200, -68.708400, 0, 2020, 9, 12, 18, 30, 6.91, 3, 16.0, 0, 44, 24, 7, 00292649EFFE94FFF0F707FF000A93D143ED50CB
2020-09-12 18:00:00, 48.637800, -68.708600, 0, 2020, 9, 12, 18, 0, 6.93, 3, 16.0, 0, 44, 48, 7, 002926480FFE953FF0F707FF000A93C543ED498B
2020-09-12 17:30:00, 48.635800, -68.709200, 0, 2020, 9, 12, 17, 30, 6.95, 3, 16.0, 0, 44, 42, 6, 00292645EFFE957FF0F706FF000A93BB43ED315B
2020-09-12 17:00:00, 48.633800, -68.710200, 0, 2020, 9, 12, 17, 0, 7.08, 2, 16.0, 0, 48, 60, 8, 002926440FFE971FF0B708FF000A93B143ED09EC
2020-09-12 16:30:00, 48.631800, -68.710400, 0, 2020, 9, 12, 16, 30, 7.07, 2, 16.0, 0, 48, 52, 11, 00292641EFFE96FFF0B70BFF000A93A743ED01AC
2020-09-12 16:00:00, 48.630000, -68.710000, 0, 2020, 9, 12, 16, 0, 6.98, 2, 16.0, 0, 48, 20, 10, 002926400FFE95DFF0B70AFF000A939E43ED10AC
2020-09-12 15:30:00, 48.628800, -68.709000, 0, 2020, 9, 12, 15, 30, 6.81, 2, 16.0, 0, 48, 72, 8, 0029263DEFFE93BFF0B708FF000A939843ED3A4C
2020-09-12 15:00:00, 48.627800, -68.707600, 0, 2020, 9, 12, 15, 0, 6.80, 3, 16.0, 0, 48, 42, 12, 0029263C0FFE939FF0F70CFF000A939343ED715C
2020-09-12 14:30:00, 48.627600, -68.705800, 0, 2020, 9, 12, 14, 30, 6.76, 2, 16.0, 0, 44, 24, 7, 00292639EFFE931FF0B707FF000A939243EDB8CB
2020-09-12 14:00:00, 48.627600, -68.704000, 0, 2020, 9, 12, 14, 0, 6.72, 2, 16.0, 0, 48, 42, 6, 002926380FFE929FF0B706FF000A939243EE015C
2020-09-12 13:30:00, 48.627800, -68.702800, 0, 2020, 9, 12, 13, 30, 6.70, 3, 16.0, 0, 48, 54, 13, 00292635EFFE925FF0F70DFF000A939343EE31BC
2020-09-12 13:00:00, 48.627600, -68.702000, 0, 2020, 9, 12, 13, 0, 6.71, 2, 16.0, 0, 48, 24, 7, 002926340FFE927FF0B707FF000A939243EE50CC
2020-09-12 12:30:00, 48.627400, -68.702000, 0, 2020, 9, 12, 12, 30, 6.76, 2, 16.0, 0, 48, 48, 10, 00292631EFFE931FF0B70AFF000A939143EE518C
2020-09-12 12:00:00, 48.627000, -68.703000, 0, 2020, 9, 12, 12, 0, 6.78, 2, 16.0, 0, 48, 52, 8, 002926300FFE935FF0B708FF000A938F43EE29AC
2020-09-12 11:30:00, 48.626800, -68.705600, 0, 2020, 9, 12, 11, 30, 6.82, 2, 16.0, 0, 44, 24, 8, 0029262DEFFE93DFF0B708FF000A938E43EDC0CB
2020-09-12 11:00:00, 48.626200, -68.708800, 0, 2020, 9, 12, 11, 0, 6.83, 2, 16.0, 0, 44, 72, 12, 0029262C0FFE93FFF0B70CFF000A938B43ED424B
2020-09-12 10:30:00, 48.624800, -68.712800, 0, 2020, 9, 12, 10, 30, 6.82, 3, 16.0, 0, 44, 60, 7, 00292629EFFE93DFF0F707FF000A938443ECA1EB
2020-09-12 10:00:00, 48.622800, -68.718200, 0, 2020, 9, 12, 10, 0, 6.83, 3, 16.0, 0, 40, 28, 7, 002926280FFE93FFF0F707FF000A937A43EBC8EA
2020-09-12 09:30:00, 48.619600, -68.724800, 0, 2020, 9, 12, 9, 30, 6.82, 2, 16.0, 0, 44, 58, 11, 00292625EFFE93DFF0B70BFF000A936A43EAC1DB
2020-09-12 09:00:00, 48.615400, -68.732400, 0, 2020, 9, 12, 9, 0, 6.82, 3, 16.0, 0, 44, 24, 7, 002926240FFE93DFF0F707FF000A935543E990CB
2020-09-12 08:30:00, 48.610600, -68.739200, 0, 2020, 9, 12, 8, 30, 6.81, 3, 16.0, 0, 44, 52, 9, 00292621EFFE93BFF0F709FF000A933D43E881AB
2020-09-12 08:00:00, 48.605000, -68.745200, 0, 2020, 9, 12, 8, 0, 6.80, 2, 16.0, 0, 44, 72, 8, 002926200FFE939FF0B708FF000A932143E7924B
2020-09-12 07:30:00, 48.598600, -68.750400, 0, 2020, 9, 12, 7, 30, 6.80, 2, 16.0, 0, 48, 24, 16, 0029261DEFFE939FF0B710FF000A930143E6C0CC
2020-09-12 07:00:00, 48.593400, -68.753800, 0, 2020, 9, 12, 7, 0, 6.80, 3, 16.0, 0, 48, 108, 8, 0029261C0FFE939FF0F708FF000A92E743E63B6C
2020-09-12 06:30:00, 48.588000, -68.756400, 0, 2020, 9, 12, 6, 30, 6.83, 3, 16.0, 0, 44, 48, 7, 00292619EFFE93FFF0F707FF000A92CC43E5D18B
2020-09-12 06:00:00, 48.583400, -68.758600, 0, 2020, 9, 12, 6, 0, 6.85, 2, 16.0, 0, 44, 38, 10, 002926180FFE943FF0B70AFF000A92B543E5793B
2020-09-12 05:30:00, 48.579200, -68.760600, 0, 2020, 9, 12, 5, 30, 6.87, 2, 16.0, 0, 44, 78, 10, 00292615EFFE947FF0B70AFF000A92A043E52A7B
2020-09-12 05:00:00, 48.575400, -68.762000, 0, 2020, 9, 12, 5, 0, 6.89, 2, 16.0, 0, 44, 48, 8, 002926140FFE94BFF0B708FF000A928D43E4F18B
2020-09-12 04:30:00, 48.572600, -68.763000, 0, 2020, 9, 12, 4, 30, 6.91, 2, 16.0, 0, 44, 76, 9, 00292611EFFE94FFF0B709FF000A927F43E4CA6B
2020-09-12 04:00:00, 48.569800, -68.762800, 0, 2020, 9, 12, 4, 0, 6.93, 2, 16.0, 0, 44, 54, 10, 002926100FFE953FF0B70AFF000A927143E4D1BB
2020-09-12 03:30:00, 48.567200, -68.762000, 0, 2020, 9, 12, 3, 30, 6.95, 2, 16.0, 0, 48, 22, 6, 0029260DEFFE957FF0B706FF000A926443E4F0BC
2020-09-12 03:00:00, 48.565400, -68.760800, 0, 2020, 9, 12, 3, 0, 6.98, 2, 16.0, 0, 48, 76, 7, 0029260C0FFE95DFF0B707FF000A925B43E5226C
2020-09-12 02:30:00, 48.564200, -68.759000, 0, 2020, 9, 12, 2, 30, 7.01, 2, 16.0, 0, 44, 48, 9, 00292609EFFE963FF0B709FF000A925543E5698B
2020-09-12 02:00:00, 48.563600, -68.756800, 0, 2020, 9, 12, 2, 0, 7.05, 2, 16.0, 0, 48, 24, 8, 002926080FFE96BFF0B708FF000A925243E5C0CC
2020-09-12 01:30:00, 48.563200, -68.754200, 0, 2020, 9, 12, 1, 30, 7.12, 2, 16.0, 0, 48, 24, 7, 00292605EFFE979FF0B707FF000A925043E628CC
2020-09-12 01:00:00, 48.562800, -68.751400, 0, 2020, 9, 12, 1, 0, 7.21, 2, 16.0, 0, 48, 22, 7, 002926040FFE98BFF0B707FF000A924E43E698BC
2020-09-12 00:30:00, 48.562600, -68.749000, 0, 2020, 9, 12, 0, 30, 7.28, 2, 16.0, 0, 48, 84, 11, 00292601EFFE999FF0B70BFF000A924D43E6FAAC
2020-09-12 00:00:00, 48.562600, -68.747200, 0, 2020, 9, 12, 0, 0, 7.34, 2, 16.0, 0, 48, 46, 7, 002926000FFE9A5FF0B707FF000A924D43E7417C
2020-09-11 23:30:00, 48.563200, -68.746200, 0, 2020, 9, 11, 23, 30, 7.45, 2, 16.0, 0, 48, 26, 8, 002925DDEFFE9BBFF0B708FF000A925043E768DC
2020-09-11 23:00:00, 48.563600, -68.745800, 0, 2020, 9, 11, 23, 0, 7.53, 2, 16.0, 0, 48, 28, 7, 002925DC0FFE9CBFF0B707FF000A925243E778EC
2020-09-11 22:30:00, 48.563600, -68.747400, 0, 2020, 9, 11, 22, 30, 7.62, 2, 16.0, 0, 48, 54, 7, 002925D9EFFE9DDFF0B707FF000A925243E739BC
2020-09-11 22:00:00, 48.563200, -68.750400, 0, 2020, 9, 11, 22, 0, 7.62, 3, 16.0, 0, 48, 58, 7, 002925D80FFE9DDFF0F707FF000A925043E6C1DC
2020-09-11 21:30:00, 48.562200, -68.755200, 0, 2020, 9, 11, 21, 30, 7.53, 4, 16.0, 0, 44, 28, 9, 002925D5EFFE9CBFF13709FF000A924B43E600EB
2020-09-11 21:00:00, 48.560200, -68.760000, 0, 2020, 9, 11, 21, 0, 7.52, 3, 16.0, 0, 44, 48, 10, 002925D40FFE9C9FF0F70AFF000A924143E5418B
2020-09-11 20:30:00, 48.557600, -68.765000, 0, 2020, 9, 11, 20, 30, 7.44, 3, 16.0, 0, 44, 42, 11, 002925D1EFFE9B9FF0F70BFF000A923443E4795B
2020-09-11 20:00:00, 48.554400, -68.769600, 0, 2020, 9, 11, 20, 0, 7.52, 2, 16.0, 0, 44, 28, 8, 002925D00FFE9C9FF0B708FF000A922443E3C0EB
2020-09-11 19:30:00, 48.550000, -68.774200, 0, 2020, 9, 11, 19, 30, 7.27, 3, 16.0, 0, 48, 42, 8, 002925CDEFFE997FF0F708FF000A920E43E3095C
2020-09-11 19:00:00, 48.544400, -68.780400, 0, 2020, 9, 11, 19, 0, 7.27, 2, 16.0, 0, 48, 54, 8, 002925CC0FFE997FF0B708FF000A91F243E211BC
2020-09-11 18:30:00, 48.537600, -68.786800, 0, 2020, 9, 11, 18, 30, 7.24, 4, 16.0, 0, 44, 24, 9, 002925C9EFFE991FF13709FF000A91D043E110CB
2020-09-11 18:00:00, 48.531200, -68.792400, 0, 2020, 9, 11, 18, 0, 7.24, 2, 16.0, 0, 44, 48, 11, 002925C80FFE991FF0B70BFF000A91B043E0318B
2020-09-11 17:30:00, 48.524400, -68.797400, 0, 2020, 9, 11, 17, 30, 7.23, 2, 16.0, 0, 44, 24, 7, 002925C5EFFE98FFF0B707FF000A918E43DF68CB
2020-09-11 17:00:00, 48.518000, -68.802000, 0, 2020, 9, 11, 17, 0, 7.20, 2, 16.0, 0, 48, 42, 8, 002925C40FFE989FF0B708FF000A916E43DEB15C
2020-09-11 16:30:00, 48.512000, -68.803400, 0, 2020, 9, 11, 16, 30, 7.13, 2, 16.0, 0, 48, 24, 9, 002925C1EFFE97BFF0B709FF000A915043DE78CC
2020-09-11 16:00:00, 48.506600, -68.804200, 0, 2020, 9, 11, 16, 0, 7.04, 2, 16.0, 0, 48, 24, 13, 002925C00FFE969FF0B70DFF000A913543DE58CC
2020-09-11 15:30:00, 48.502400, -68.803800, 0, 2020, 9, 11, 15, 30, 6.98, 2, 16.0, 0, 48, 24, 10, 002925BDEFFE95DFF0B70AFF000A912043DE68CC
2020-09-11 15:00:00, 48.499200, -68.802200, 0, 2020, 9, 11, 15, 0, 6.93, 2, 16.0, 0, 48, 24, 11, 002925BC0FFE953FF0B70BFF000A911043DEA8CC
2020-09-11 14:30:00, 48.497000, -68.800200, 0, 2020, 9, 11, 14, 30, 6.85, 2, 16.0, 0, 44, 24, 7, 002925B9EFFE943FF0B707FF000A910543DEF8CB
2020-09-11 14:00:00, 48.495400, -68.796000, 0, 2020, 9, 11, 14, 0, 6.82, 2, 16.0, 0, 48, 36, 9, 002925B80FFE93DFF0B709FF000A90FD43DFA12C
2020-09-11 13:30:00, 48.494400, -68.791400, 0, 2020, 9, 11, 13, 30, 6.78, 3, 16.0, 0, 48, 24, 7, 002925B5EFFE935FF0F707FF000A90F843E058CC
2020-09-11 13:00:00, 48.494800, -68.787000, 0, 2020, 9, 11, 13, 0, 6.74, 2, 16.0, 0, 48, 24, 7, 002925B40FFE92DFF0B707FF000A90FA43E108CC
2020-09-11 12:30:00, 48.496000, -68.782800, 0, 2020, 9, 11, 12, 30, 6.72, 3, 16.0, 0, 44, 24, 12, 002925B1EFFE929FF0F70CFF000A910043E1B0CB
2020-09-11 12:00:00, 48.498000, -68.779400, 0, 2020, 9, 11, 12, 0, 6.69, 9, 16.0, 0, 48, 24, 16, 002925B00FFE923FF27710FF000A910A43E238CC
2020-09-11 11:19:00, 48.504800, -68.778800, 0, 2020, 9, 11, 11, 19, 14.10, 63, 16.0, 0, 44, 38, 0, 002925AD3FFEEEDFFFF700FF000A912C43E2513B
