Data Date (UTC), LATITUDE, LONGITUDE, YEAR, DAY, HOUR, MIN, GPS_YEAR, GPS_DAY, GPS_HOUR, GPS_MIN, SST, SBDTIME, VBAT, TTFF, FOM, MAXDB, AT, Report Body
2018-11-28 08:00:00, 44.439758, -60.238894, 2018, 332, 8, 0, 2018, 320, 21, 1, 6.1, 15, 14.60, 254, 2, 13, -32.5, 4A98802314A81506FB4EAA9FDDFF8D0FBE5780
2018-11-28 07:00:00, 44.439758, -60.238894, 2018, 332, 7, 0, 2018, 320, 21, 1, 6.1, 8, 14.60, 254, 2, 16, -32.5, 4A98702314A81506FB4EAA9FDDFF9008BE5780
2018-11-28 06:00:00, 44.439758, -60.238894, 2018, 332, 6, 0, 2018, 320, 21, 1, 6.1, 12, 14.60, 254, 2, 14, -32.5, 4A98602314A81506FB4EAA9FDDFF8E0CBE5780
2018-11-28 05:00:00, 44.439758, -60.238894, 2018, 332, 5, 0, 2018, 320, 21, 1, 6.1, 16, 14.60, 254, 2, 14, -32.5, 4A98502314A81506FB4EAA9FDDFF8E10BE5780
2018-11-28 04:00:00, 44.439758, -60.238894, 2018, 332, 4, 0, 2018, 320, 21, 1, 6.1, 19, 14.60, 254, 2, 11, -32.5, 4A98402314A81506FB4EAA9FDDFF8B13BE5780
2018-11-28 03:00:00, 44.439758, -60.238894, 2018, 332, 3, 0, 2018, 320, 21, 1, 6.1, 16, 14.60, 254, 2, 0, -32.5, 4A98302314A81506FB4EAA9FDDFF8010BE5780
2018-11-27 23:00:00, 44.439758, -60.238894, 2018, 331, 23, 0, 2018, 320, 21, 1, 6.1, 4, 14.60, 254, 2, 17, -32.5, 4A97702314A81506FB4EAA9FDDFF9104BE5780
2018-11-27 22:00:00, 44.439758, -60.238894, 2018, 331, 22, 0, 2018, 320, 21, 1, 6.0, 9, 14.60, 254, 2, 42, -32.5, 4A97602304A81506FB4EAA9FDDFFAA09BE5780
2018-11-27 21:00:00, 44.439758, -60.238894, 2018, 331, 21, 0, 2018, 320, 21, 1, 6.1, 17, 14.60, 254, 2, 0, -32.5, 4A97502314A81506FB4EAA9FDDFF8011BE5780
2018-11-27 20:00:00, 44.439758, -60.238894, 2018, 331, 20, 0, 2018, 320, 21, 1, 6.1, 14, 14.60, 254, 2, 35, -32.5, 4A97402314A81506FB4EAA9FDDFFA30EBE5780
2018-11-27 19:00:00, 44.439758, -60.238894, 2018, 331, 19, 0, 2018, 320, 21, 1, 6.1, 15, 14.60, 254, 2, 48, -32.5, 4A97302314A81506FB4EAA9FDDFFB00FBE5780
2018-11-27 18:00:00, 44.439758, -60.238894, 2018, 331, 18, 0, 2018, 320, 21, 1, 6.2, 19, 14.60, 254, 2, 38, -32.5, 4A97202324A81506FB4EAA9FDDFFA613BE5780
2018-11-27 17:00:00, 44.439758, -60.238894, 2018, 331, 17, 0, 2018, 320, 21, 1, 6.2, 4, 14.60, 254, 2, 14, -32.5, 4A97102324A81506FB4EAA9FDDFF8E04BE5780
2018-11-27 14:00:00, 44.439758, -60.238894, 2018, 331, 14, 0, 2018, 320, 21, 1, 6.0, 15, 14.60, 254, 2, 40, -32.5, 4A96E02304A81506FB4EAA9FDDFFA80FBE5780
2018-11-27 13:00:00, 44.439758, -60.238894, 2018, 331, 13, 0, 2018, 320, 21, 1, 6.1, 12, 14.60, 254, 2, 41, -32.5, 4A96D02314A81506FB4EAA9FDDFFA90CBE5780
2018-11-27 12:00:00, 44.439758, -60.238894, 2018, 331, 12, 0, 2018, 320, 21, 1, 6.1, 19, 14.60, 254, 2, 42, -32.5, 4A96C02314A81506FB4EAA9FDDFFAA13BE5780
2018-11-27 11:00:00, 44.439758, -60.238894, 2018, 331, 11, 0, 2018, 320, 21, 1, 6.1, 4, 14.60, 254, 2, 36, -32.5, 4A96B02314A81506FB4EAA9FDDFFA404BE5780
2018-11-27 10:00:00, 44.439758, -60.238894, 2018, 331, 10, 0, 2018, 320, 21, 1, 6.1, 21, 14.60, 254, 2, 42, -32.5, 4A96A02314A81506FB4EAA9FDDFFAA15BE5780
2018-11-27 09:00:00, 44.439758, -60.238894, 2018, 331, 9, 0, 2018, 320, 21, 1, 6.1, 1, 14.60, 254, 2, 36, -32.5, 4A96902314A81506FB4EAA9FDDFFA401BE5780
2018-11-27 08:00:00, 44.439758, -60.238894, 2018, 331, 8, 0, 2018, 320, 21, 1, 6.1, 11, 14.60, 254, 2, 35, -32.5, 4A96802314A81506FB4EAA9FDDFFA30BBE5780
2018-11-27 07:00:00, 44.439758, -60.238894, 2018, 331, 7, 0, 2018, 320, 21, 1, 6.1, 4, 14.60, 254, 2, 34, -32.5, 4A96702314A81506FB4EAA9FDDFFA204BE5780
2018-11-26 22:00:00, 44.439758, -60.238894, 2018, 330, 22, 0, 2018, 320, 21, 1, 6.0, 15, 14.68, 254, 2, 19, -32.5, 4A95602304A81506FB4EAA9FDDFF930FC05780
2018-11-26 19:00:00, 44.439758, -60.238894, 2018, 330, 19, 0, 2018, 320, 21, 1, 5.9, 1, 14.68, 254, 2, 48, -32.5, 4A953022F4A81506FB4EAA9FDDFFB001C05780
2018-11-26 16:00:00, 44.439758, -60.238894, 2018, 330, 16, 0, 2018, 320, 21, 1, 5.8, 12, 14.68, 254, 2, 31, -32.5, 4A950022E4A81506FB4EAA9FDDFF9F0CC05780
2018-11-26 15:00:00, 44.439758, -60.238894, 2018, 330, 15, 0, 2018, 320, 21, 1, 5.8, 1, 14.68, 254, 2, 31, -32.5, 4A94F022E4A81506FB4EAA9FDDFF9F01C05780
2018-11-26 14:00:00, 44.439758, -60.238894, 2018, 330, 14, 0, 2018, 320, 21, 1, 5.8, 13, 14.68, 254, 2, 35, -32.5, 4A94E022E4A81506FB4EAA9FDDFFA30DC05780
2018-11-26 13:00:00, 44.439758, -60.238894, 2018, 330, 13, 0, 2018, 320, 21, 1, 5.8, 24, 14.68, 254, 2, 7, -32.5, 4A94D022E4A81506FB4EAA9FDDFF8718C05780
2018-11-26 12:00:00, 44.439758, -60.238894, 2018, 330, 12, 0, 2018, 320, 21, 1, 5.8, 14, 14.68, 254, 2, 25, -32.5, 4A94C022E4A81506FB4EAA9FDDFF990EC05780
2018-11-26 11:00:00, 44.439758, -60.238894, 2018, 330, 11, 0, 2018, 320, 21, 1, 5.8, 2, 14.68, 254, 2, 23, -32.5, 4A94B022E4A81506FB4EAA9FDDFF9702C05780
2018-11-26 09:00:00, 44.439758, -60.238894, 2018, 330, 9, 0, 2018, 320, 21, 1, 5.9, 4, 14.68, 254, 2, 30, -32.5, 4A949022F4A81506FB4EAA9FDDFF9E04C05780
2018-11-26 08:00:00, 44.439758, -60.238894, 2018, 330, 8, 0, 2018, 320, 21, 1, 5.9, 1, 14.68, 254, 2, 26, -32.5, 4A948022F4A81506FB4EAA9FDDFF9A01C05780
2018-11-26 07:00:00, 44.439758, -60.238894, 2018, 330, 7, 0, 2018, 320, 21, 1, 6.0, 13, 14.68, 254, 2, 16, -32.5, 4A94702304A81506FB4EAA9FDDFF900DC05780
2018-11-26 06:00:00, 44.439758, -60.238894, 2018, 330, 6, 0, 2018, 320, 21, 1, 5.9, 1, 14.68, 254, 2, 17, -32.5, 4A946022F4A81506FB4EAA9FDDFF9101C05780
2018-11-26 05:00:00, 44.439758, -60.238894, 2018, 330, 5, 0, 2018, 320, 21, 1, 6.0, 16, 14.68, 254, 2, 47, -32.5, 4A94502304A81506FB4EAA9FDDFFAF10C05780
2018-11-26 04:00:00, 44.439758, -60.238894, 2018, 330, 4, 0, 2018, 320, 21, 1, 6.0, 14, 14.68, 254, 2, 43, -32.5, 4A94402304A81506FB4EAA9FDDFFAB0EC05780
2018-11-26 03:00:00, 44.439758, -60.238894, 2018, 330, 3, 0, 2018, 320, 21, 1, 6.0, 15, 14.68, 254, 2, 39, -32.5, 4A94302304A81506FB4EAA9FDDFFA70FC05780
2018-11-26 02:00:00, 44.439758, -60.238894, 2018, 330, 2, 0, 2018, 320, 21, 1, 6.0, 1, 14.68, 254, 2, 24, -32.5, 4A94202304A81506FB4EAA9FDDFF9801C05780
2018-11-26 01:00:00, 44.439758, -60.238894, 2018, 330, 1, 0, 2018, 320, 21, 1, 6.0, 17, 14.68, 254, 2, 41, -32.5, 4A94102304A81506FB4EAA9FDDFFA911C05780
2018-11-26 00:00:00, 44.439758, -60.238894, 2018, 330, 0, 0, 2018, 320, 21, 1, 6.0, 13, 14.68, 254, 2, 34, -32.5, 4A94002304A81506FB4EAA9FDDFFA20DC05780
2018-11-25 23:00:00, 44.439758, -60.238894, 2018, 329, 23, 0, 2018, 320, 21, 1, 6.0, 18, 14.68, 254, 2, 41, -32.5, 4A93702304A81506FB4EAA9FDDFFA912C05780
2018-11-25 22:00:00, 44.439758, -60.238894, 2018, 329, 22, 0, 2018, 320, 21, 1, 6.0, 23, 14.68, 254, 2, 23, -32.5, 4A93602304A81506FB4EAA9FDDFF9717C05780
2018-11-25 21:00:00, 44.439758, -60.238894, 2018, 329, 21, 0, 2018, 320, 21, 1, 6.0, 24, 14.68, 254, 2, 41, -32.5, 4A93502304A81506FB4EAA9FDDFFA918C05780
2018-11-25 20:00:00, 44.439758, -60.238894, 2018, 329, 20, 0, 2018, 320, 21, 1, 6.0, 4, 14.68, 254, 2, 38, -32.5, 4A93402304A81506FB4EAA9FDDFFA604C05780
2018-11-25 19:00:00, 44.439758, -60.238894, 2018, 329, 19, 0, 2018, 320, 21, 1, 6.0, 11, 14.68, 254, 2, 36, -32.5, 4A93302304A81506FB4EAA9FDDFFA40BC05780
2018-11-25 18:00:00, 44.439758, -60.238894, 2018, 329, 18, 0, 2018, 320, 21, 1, 6.0, 12, 14.68, 254, 2, 47, -32.5, 4A93202304A81506FB4EAA9FDDFFAF0CC05780
2018-11-25 17:00:00, 44.439758, -60.238894, 2018, 329, 17, 0, 2018, 320, 21, 1, 6.1, 8, 14.68, 254, 2, 37, -32.5, 4A93102314A81506FB4EAA9FDDFFA508C05780
2018-11-25 16:00:00, 44.439758, -60.238894, 2018, 329, 16, 0, 2018, 320, 21, 1, 6.1, 13, 14.68, 254, 2, 33, -32.5, 4A93002314A81506FB4EAA9FDDFFA10DC05780
2018-11-25 15:00:00, 44.439758, -60.238894, 2018, 329, 15, 0, 2018, 320, 21, 1, 6.1, 9, 14.68, 254, 2, 34, -32.5, 4A92F02314A81506FB4EAA9FDDFFA209C05780
2018-11-25 14:00:00, 44.439758, -60.238894, 2018, 329, 14, 0, 2018, 320, 21, 1, 6.1, 4, 14.68, 254, 2, 10, -32.5, 4A92E02314A81506FB4EAA9FDDFF8A04C05780
2018-11-25 13:00:00, 44.439758, -60.238894, 2018, 329, 13, 0, 2018, 320, 21, 1, 6.2, 26, 14.68, 254, 2, 31, -32.5, 4A92D02324A81506FB4EAA9FDDFF9F1AC05780
2018-11-25 12:00:00, 44.439758, -60.238894, 2018, 329, 12, 0, 2018, 320, 21, 1, 6.1, 13, 14.68, 254, 2, 39, -32.5, 4A92C02314A81506FB4EAA9FDDFFA70DC05780
2018-11-25 11:00:00, 44.439758, -60.238894, 2018, 329, 11, 0, 2018, 320, 21, 1, 5.9, 13, 14.68, 254, 2, 0, -32.5, 4A92B022F4A81506FB4EAA9FDDFF800DC05780
2018-11-25 10:00:00, 44.439758, -60.238894, 2018, 329, 10, 0, 2018, 320, 21, 1, 6.1, 12, 14.68, 254, 2, 44, -32.5, 4A92A02314A81506FB4EAA9FDDFFAC0CC05780
2018-11-25 09:00:00, 44.439758, -60.238894, 2018, 329, 9, 0, 2018, 320, 21, 1, 5.9, 1, 14.68, 254, 2, 43, -32.5, 4A929022F4A81506FB4EAA9FDDFFAB01C05780
2018-11-25 08:00:00, 44.439758, -60.238894, 2018, 329, 8, 0, 2018, 320, 21, 1, 6.1, 11, 14.76, 254, 2, 40, -32.5, 4A92802314A81506FB4EAA9FDDFFA80BC25780
2018-11-25 07:00:00, 44.439758, -60.238894, 2018, 329, 7, 0, 2018, 320, 21, 1, 5.9, 17, 14.76, 254, 2, 42, -32.5, 4A927022F4A81506FB4EAA9FDDFFAA11C25780
2018-11-25 06:00:00, 44.439758, -60.238894, 2018, 329, 6, 0, 2018, 320, 21, 1, 5.7, 4, 14.76, 254, 2, 29, -32.5, 4A926022D4A81506FB4EAA9FDDFF9D04C25780
2018-11-25 05:00:00, 44.439758, -60.238894, 2018, 329, 5, 0, 2018, 320, 21, 1, 5.7, 1, 14.76, 254, 2, 40, -32.5, 4A925022D4A81506FB4EAA9FDDFFA801C25780
2018-11-25 04:00:00, 44.439758, -60.238894, 2018, 329, 4, 0, 2018, 320, 21, 1, 5.7, 16, 14.76, 254, 2, 35, -32.5, 4A924022D4A81506FB4EAA9FDDFFA310C25780
2018-11-25 03:00:00, 44.439758, -60.238894, 2018, 329, 3, 0, 2018, 320, 21, 1, 5.7, 10, 14.76, 254, 2, 14, -32.5, 4A923022D4A81506FB4EAA9FDDFF8E0AC25780
2018-11-25 02:00:00, 44.439758, -60.238894, 2018, 329, 2, 0, 2018, 320, 21, 1, 5.8, 16, 14.76, 254, 2, 42, -32.5, 4A922022E4A81506FB4EAA9FDDFFAA10C25780
2018-11-25 01:00:00, 44.439758, -60.238894, 2018, 329, 1, 0, 2018, 320, 21, 1, 5.7, 16, 14.76, 254, 2, 23, -32.5, 4A921022D4A81506FB4EAA9FDDFF9710C25780
2018-11-25 00:00:00, 44.439758, -60.238894, 2018, 329, 0, 0, 2018, 320, 21, 1, 5.8, 4, 14.76, 254, 2, 40, -32.5, 4A920022E4A81506FB4EAA9FDDFFA804C25780
2018-11-24 23:00:00, 44.439758, -60.238894, 2018, 328, 23, 0, 2018, 320, 21, 1, 5.8, 23, 14.76, 254, 2, 44, -32.5, 4A917022E4A81506FB4EAA9FDDFFAC17C25780
2018-11-24 22:00:00, 44.439758, -60.238894, 2018, 328, 22, 0, 2018, 320, 21, 1, 5.9, 13, 14.76, 254, 2, 39, -32.5, 4A916022F4A81506FB4EAA9FDDFFA70DC25780
2018-11-24 21:00:00, 44.439758, -60.238894, 2018, 328, 21, 0, 2018, 320, 21, 1, 6.2, 23, 14.76, 254, 2, 0, -32.5, 4A91502324A81506FB4EAA9FDDFF8017C25780
2018-11-24 20:00:00, 44.439758, -60.238894, 2018, 328, 20, 0, 2018, 320, 21, 1, 6.2, 14, 14.76, 254, 2, 36, -32.5, 4A91402324A81506FB4EAA9FDDFFA40EC25780
2018-11-24 19:00:00, 44.439758, -60.238894, 2018, 328, 19, 0, 2018, 320, 21, 1, 6.2, 2, 14.76, 254, 2, 28, -32.5, 4A91302324A81506FB4EAA9FDDFF9C02C25780
2018-11-24 12:00:00, 44.439758, -60.238894, 2018, 328, 12, 0, 2018, 320, 21, 1, 5.9, 13, 14.76, 254, 2, 36, -32.5, 4A90C022F4A81506FB4EAA9FDDFFA40DC25780
2018-11-24 11:00:00, 44.439758, -60.238894, 2018, 328, 11, 0, 2018, 320, 21, 1, 5.9, 4, 14.76, 254, 2, 46, -32.5, 4A90B022F4A81506FB4EAA9FDDFFAE04C25780
2018-11-24 10:00:00, 44.439758, -60.238894, 2018, 328, 10, 0, 2018, 320, 21, 1, 5.9, 24, 14.76, 254, 2, 23, -32.5, 4A90A022F4A81506FB4EAA9FDDFF9718C25780
2018-11-24 09:00:00, 44.439758, -60.238894, 2018, 328, 9, 0, 2018, 320, 21, 1, 5.9, 1, 14.76, 254, 2, 0, -32.5, 4A909022F4A81506FB4EAA9FDDFF8001C25780
2018-11-24 08:00:00, 44.439758, -60.238894, 2018, 328, 8, 0, 2018, 320, 21, 1, 5.9, 18, 14.76, 254, 2, 38, -32.5, 4A908022F4A81506FB4EAA9FDDFFA612C25780
2018-11-24 05:00:00, 44.439758, -60.238894, 2018, 328, 5, 0, 2018, 320, 21, 1, 5.9, 13, 14.76, 254, 2, 23, -32.5, 4A905022F4A81506FB4EAA9FDDFF970DC25780
2018-11-24 04:00:00, 44.439758, -60.238894, 2018, 328, 4, 0, 2018, 320, 21, 1, 5.9, 10, 14.76, 254, 2, 15, -32.5, 4A904022F4A81506FB4EAA9FDDFF8F0AC25780
2018-11-24 03:00:00, 44.439758, -60.238894, 2018, 328, 3, 0, 2018, 320, 21, 1, 5.9, 24, 14.76, 254, 2, 41, -32.5, 4A903022F4A81506FB4EAA9FDDFFA918C25780
2018-11-24 02:00:00, 44.439758, -60.238894, 2018, 328, 2, 0, 2018, 320, 21, 1, 6.0, 19, 14.76, 254, 2, 34, -32.5, 4A90202304A81506FB4EAA9FDDFFA213C25780
2018-11-24 01:00:00, 44.439758, -60.238894, 2018, 328, 1, 0, 2018, 320, 21, 1, 6.0, 1, 14.76, 254, 2, 21, -32.5, 4A90102304A81506FB4EAA9FDDFF9501C25780
2018-11-24 00:00:00, 44.439758, -60.238894, 2018, 328, 0, 0, 2018, 320, 21, 1, 6.0, 12, 14.76, 254, 2, 31, -32.5, 4A90002304A81506FB4EAA9FDDFF9F0CC25780
2018-11-23 23:00:00, 44.439758, -60.238894, 2018, 327, 23, 0, 2018, 320, 21, 1, 6.1, 1, 14.76, 254, 2, 15, -32.5, 4A8F702314A81506FB4EAA9FDDFF8F01C25780
2018-11-23 21:00:00, 44.439758, -60.238894, 2018, 327, 21, 0, 2018, 320, 21, 1, 6.1, 3, 14.76, 254, 2, 39, -32.5, 4A8F502314A81506FB4EAA9FDDFFA703C25780
2018-11-23 19:00:00, 44.439758, -60.238894, 2018, 327, 19, 0, 2018, 320, 21, 1, 6.0, 4, 14.76, 254, 2, 39, -32.5, 4A8F302304A81506FB4EAA9FDDFFA704C25780
2018-11-23 18:00:00, 44.439758, -60.238894, 2018, 327, 18, 0, 2018, 320, 21, 1, 6.0, 17, 14.76, 254, 2, 45, -32.5, 4A8F202304A81506FB4EAA9FDDFFAD11C25780
2018-11-23 17:00:00, 44.439758, -60.238894, 2018, 327, 17, 0, 2018, 320, 21, 1, 6.0, 20, 14.76, 254, 2, 24, -32.4, 4A8F102304A81506FB4EAA9FDDFF9814C25800
2018-11-23 16:00:00, 44.439758, -60.238894, 2018, 327, 16, 0, 2018, 320, 21, 1, 6.1, 15, 14.76, 254, 2, 34, -32.5, 4A8F002314A81506FB4EAA9FDDFFA20FC25780
2018-11-23 15:00:00, 44.439758, -60.238894, 2018, 327, 15, 0, 2018, 320, 21, 1, 6.1, 4, 14.84, 254, 2, 21, -32.5, 4A8EF02314A81506FB4EAA9FDDFF9504C45780
2018-11-23 14:00:00, 44.439758, -60.238894, 2018, 327, 14, 0, 2018, 320, 21, 1, 6.1, 16, 14.84, 254, 2, 42, -32.5, 4A8EE02314A81506FB4EAA9FDDFFAA10C45780
2018-11-23 13:00:00, 44.439758, -60.238894, 2018, 327, 13, 0, 2018, 320, 21, 1, 6.1, 14, 14.84, 254, 2, 31, -32.5, 4A8ED02314A81506FB4EAA9FDDFF9F0EC45780
2018-11-23 10:00:00, 44.439758, -60.238894, 2018, 327, 10, 0, 2018, 320, 21, 1, 6.1, 14, 14.84, 254, 2, 0, -32.4, 4A8EA02314A81506FB4EAA9FDDFF800EC45800
2018-11-23 09:00:00, 44.439758, -60.238894, 2018, 327, 9, 0, 2018, 320, 21, 1, 6.1, 1, 14.84, 254, 2, 14, -32.5, 4A8E902314A81506FB4EAA9FDDFF8E01C45780
2018-11-23 08:00:00, 44.439758, -60.238894, 2018, 327, 8, 0, 2018, 320, 21, 1, 6.1, 5, 14.84, 254, 2, 17, -32.4, 4A8E802314A81506FB4EAA9FDDFF9105C45800
2018-11-23 07:00:00, 44.439758, -60.238894, 2018, 327, 7, 0, 2018, 320, 21, 1, 6.1, 4, 14.84, 254, 2, 20, -32.4, 4A8E702314A81506FB4EAA9FDDFF9404C45800
2018-11-23 06:00:00, 44.439758, -60.238894, 2018, 327, 6, 0, 2018, 320, 21, 1, 6.1, 4, 14.84, 254, 2, 31, -32.4, 4A8E602314A81506FB4EAA9FDDFF9F04C45800
2018-11-23 05:00:00, 44.439758, -60.238894, 2018, 327, 5, 0, 2018, 320, 21, 1, 6.1, 16, 14.84, 254, 2, 37, -32.4, 4A8E502314A81506FB4EAA9FDDFFA510C45800
2018-11-23 04:00:00, 44.439758, -60.238894, 2018, 327, 4, 0, 2018, 320, 21, 1, 6.1, 10, 14.84, 254, 2, 11, -32.4, 4A8E402314A81506FB4EAA9FDDFF8B0AC45800
2018-11-23 03:00:00, 44.439758, -60.238894, 2018, 327, 3, 0, 2018, 320, 21, 1, 6.1, 1, 14.84, 254, 2, 45, -32.4, 4A8E302314A81506FB4EAA9FDDFFAD01C45800
2018-11-23 02:00:00, 44.439758, -60.238894, 2018, 327, 2, 0, 2018, 320, 21, 1, 6.1, 24, 14.84, 254, 2, 40, -32.4, 4A8E202314A81506FB4EAA9FDDFFA818C45800
2018-11-23 01:00:00, 44.439758, -60.238894, 2018, 327, 1, 0, 2018, 320, 21, 1, 6.2, 12, 14.84, 254, 2, 31, -32.4, 4A8E102324A81506FB4EAA9FDDFF9F0CC45800
2018-11-23 00:00:00, 44.439758, -60.238894, 2018, 327, 0, 0, 2018, 320, 21, 1, 6.3, 23, 14.84, 254, 2, 0, -32.4, 4A8E002334A81506FB4EAA9FDDFF8017C45800
2018-11-22 23:00:00, 44.439758, -60.238894, 2018, 326, 23, 0, 2018, 320, 21, 1, 6.4, 20, 14.84, 254, 2, 38, -32.4, 4A8D702344A81506FB4EAA9FDDFFA614C45800
2018-11-22 22:00:00, 44.439758, -60.238894, 2018, 326, 22, 0, 2018, 320, 21, 1, 6.4, 22, 14.84, 254, 2, 0, -32.5, 4A8D602344A81506FB4EAA9FDDFF8016C45780
2018-11-22 21:00:00, 44.439758, -60.238894, 2018, 326, 21, 0, 2018, 320, 21, 1, 6.5, 15, 14.84, 254, 2, 0, -32.5, 4A8D502354A81506FB4EAA9FDDFF800FC45780
2018-11-22 18:00:00, 44.439758, -60.238894, 2018, 326, 18, 0, 2018, 320, 21, 1, 6.7, 19, 14.84, 254, 2, 25, -32.5, 4A8D202374A81506FB4EAA9FDDFF9913C45780
2018-11-22 17:00:00, 44.439758, -60.238894, 2018, 326, 17, 0, 2018, 320, 21, 1, 6.8, 11, 14.84, 254, 2, 42, -32.5, 4A8D102384A81506FB4EAA9FDDFFAA0BC45780
2018-11-22 16:00:00, 44.439758, -60.238894, 2018, 326, 16, 0, 2018, 320, 21, 1, 6.8, 1, 14.84, 254, 2, 28, -32.5, 4A8D002384A81506FB4EAA9FDDFF9C01C45780
2018-11-22 15:00:00, 44.439758, -60.238894, 2018, 326, 15, 0, 2018, 320, 21, 1, 6.8, 13, 14.84, 254, 2, 25, -32.5, 4A8CF02384A81506FB4EAA9FDDFF990DC45780
2018-11-22 12:00:00, 44.439758, -60.238894, 2018, 326, 12, 0, 2018, 320, 21, 1, 6.6, 8, 14.84, 254, 2, 42, -32.4, 4A8CC02364A81506FB4EAA9FDDFFAA08C45800
2018-11-22 09:00:00, 44.439758, -60.238894, 2018, 326, 9, 0, 2018, 320, 21, 1, 7.3, 10, 14.84, 254, 2, 43, -32.5, 4A8C9023D4A81506FB4EAA9FDDFFAB0AC45780
2018-11-22 06:00:00, 44.439758, -60.238894, 2018, 326, 6, 0, 2018, 320, 21, 1, 7.3, 4, 14.84, 254, 2, 36, -32.5, 4A8C6023D4A81506FB4EAA9FDDFFA404C45780
2018-11-22 03:00:00, 44.439758, -60.238894, 2018, 326, 3, 0, 2018, 320, 21, 1, 7.3, 20, 14.84, 254, 2, 0, -32.5, 4A8C3023D4A81506FB4EAA9FDDFF8014C45780
2018-11-22 00:00:00, 44.439758, -60.238894, 2018, 326, 0, 0, 2018, 320, 21, 1, 7.1, 16, 14.92, 254, 2, 37, -32.5, 4A8C0023B4A81506FB4EAA9FDDFFA510C65780
2018-11-21 23:00:00, 44.439758, -60.238894, 2018, 325, 23, 0, 2018, 320, 21, 1, 7.3, 7, 14.92, 254, 2, 16, -32.5, 4A8B7023D4A81506FB4EAA9FDDFF9007C65780
2018-11-21 22:00:00, 44.439758, -60.238894, 2018, 325, 22, 0, 2018, 320, 21, 1, 7.4, 1, 14.92, 254, 2, 15, -32.5, 4A8B6023E4A81506FB4EAA9FDDFF8F01C65780
2018-11-21 21:00:00, 44.439758, -60.238894, 2018, 325, 21, 0, 2018, 320, 21, 1, 7.3, 8, 14.92, 254, 2, 45, -32.5, 4A8B5023D4A81506FB4EAA9FDDFFAD08C65780
2018-11-21 20:00:00, 44.439758, -60.238894, 2018, 325, 20, 0, 2018, 320, 21, 1, 7.4, 12, 14.92, 254, 2, 21, -32.5, 4A8B4023E4A81506FB4EAA9FDDFF950CC65780
2018-11-21 19:00:00, 44.439758, -60.238894, 2018, 325, 19, 0, 2018, 320, 21, 1, 7.4, 5, 14.92, 254, 2, 45, -32.5, 4A8B3023E4A81506FB4EAA9FDDFFAD05C65780
2018-11-21 18:00:00, 44.439758, -60.238894, 2018, 325, 18, 0, 2018, 320, 21, 1, 7.4, 17, 14.92, 254, 2, 43, -32.5, 4A8B2023E4A81506FB4EAA9FDDFFAB11C65780
2018-11-21 17:00:00, 44.439758, -60.238894, 2018, 325, 17, 0, 2018, 320, 21, 1, 7.4, 18, 14.92, 254, 2, 40, -32.5, 4A8B1023E4A81506FB4EAA9FDDFFA812C65780
2018-11-21 16:00:00, 44.439758, -60.238894, 2018, 325, 16, 0, 2018, 320, 21, 1, 7.4, 4, 14.92, 254, 2, 27, -32.5, 4A8B0023E4A81506FB4EAA9FDDFF9B04C65780
2018-11-21 13:00:00, 44.439758, -60.238894, 2018, 325, 13, 0, 2018, 320, 21, 1, 7.4, 1, 14.92, 254, 2, 23, -32.5, 4A8AD023E4A81506FB4EAA9FDDFF9701C65780
2018-11-21 11:00:00, 44.439758, -60.238894, 2018, 325, 11, 0, 2018, 320, 21, 1, 7.4, 15, 14.92, 254, 2, 42, -32.5, 4A8AB023E4A81506FB4EAA9FDDFFAA0FC65780
2018-11-21 10:00:00, 44.439758, -60.238894, 2018, 325, 10, 0, 2018, 320, 21, 1, 7.5, 17, 14.92, 254, 2, 38, -32.5, 4A8AA023F4A81506FB4EAA9FDDFFA611C65780
2018-11-21 09:00:00, 44.439758, -60.238894, 2018, 325, 9, 0, 2018, 320, 21, 1, 7.5, 11, 14.92, 254, 2, 29, -32.5, 4A8A9023F4A81506FB4EAA9FDDFF9D0BC65780
2018-11-21 08:00:00, 44.439758, -60.238894, 2018, 325, 8, 0, 2018, 320, 21, 1, 7.5, 19, 14.92, 254, 2, 14, -32.5, 4A8A8023F4A81506FB4EAA9FDDFF8E13C65780
2018-11-21 01:00:00, 44.439758, -60.238894, 2018, 325, 1, 0, 2018, 320, 21, 1, 7.5, 9, 14.92, 254, 2, 27, -32.5, 4A8A1023F4A81506FB4EAA9FDDFF9B09C65780
2018-11-21 00:00:00, 44.439758, -60.238894, 2018, 325, 0, 0, 2018, 320, 21, 1, 7.5, 8, 14.92, 254, 2, 33, -32.5, 4A8A0023F4A81506FB4EAA9FDDFFA108C65780
2018-11-20 19:00:00, 44.439758, -60.238894, 2018, 324, 19, 0, 2018, 320, 21, 1, 7.5, 4, 14.92, 254, 2, 39, -32.5, 4A893023F4A81506FB4EAA9FDDFFA704C65780
2018-11-20 17:00:00, 44.439758, -60.238894, 2018, 324, 17, 0, 2018, 320, 21, 1, 7.6, 21, 14.92, 254, 2, 23, -32.5, 4A89102404A81506FB4EAA9FDDFF9715C65780
2018-11-20 16:00:00, 44.439758, -60.238894, 2018, 324, 16, 0, 2018, 320, 21, 1, 7.6, 4, 15.00, 254, 2, 27, -32.5, 4A89002404A81506FB4EAA9FDDFF9B04C85780
2018-11-20 15:00:00, 44.439758, -60.238894, 2018, 324, 15, 0, 2018, 320, 21, 1, 7.5, 4, 15.00, 254, 2, 26, -32.5, 4A88F023F4A81506FB4EAA9FDDFF9A04C85780
2018-11-20 14:00:00, 44.439758, -60.238894, 2018, 324, 14, 0, 2018, 320, 21, 1, 7.4, 14, 15.00, 254, 2, 46, -32.5, 4A88E023E4A81506FB4EAA9FDDFFAE0EC85780
2018-11-20 13:00:00, 44.439758, -60.238894, 2018, 324, 13, 0, 2018, 320, 21, 1, 7.1, 17, 15.00, 254, 2, 36, -32.5, 4A88D023B4A81506FB4EAA9FDDFFA411C85780
2018-11-20 12:00:00, 44.439758, -60.238894, 2018, 324, 12, 0, 2018, 320, 21, 1, 7.0, 4, 15.00, 254, 2, 44, -32.5, 4A88C023A4A81506FB4EAA9FDDFFAC04C85780
2018-11-20 09:00:00, 44.439758, -60.238894, 2018, 324, 9, 0, 2018, 320, 21, 1, 7.3, 16, 15.00, 254, 2, 36, -32.5, 4A889023D4A81506FB4EAA9FDDFFA410C85780
2018-11-20 08:00:00, 44.439758, -60.238894, 2018, 324, 8, 0, 2018, 320, 21, 1, 7.3, 16, 15.00, 254, 2, 38, -32.5, 4A888023D4A81506FB4EAA9FDDFFA610C85780
2018-11-20 04:00:00, 44.439758, -60.238894, 2018, 324, 4, 0, 2018, 320, 21, 1, 7.5, 16, 15.00, 254, 2, 33, -32.5, 4A884023F4A81506FB4EAA9FDDFFA110C85780
2018-11-20 00:00:00, 44.439758, -60.238894, 2018, 324, 0, 0, 2018, 320, 21, 1, 7.4, 4, 15.00, 254, 2, 33, -32.5, 4A880023E4A81506FB4EAA9FDDFFA104C85780
2018-11-19 21:00:00, 44.439758, -60.238894, 2018, 323, 21, 0, 2018, 320, 21, 1, 7.4, 19, 15.00, 254, 2, 29, -32.5, 4A875023E4A81506FB4EAA9FDDFF9D13C85780
2018-11-19 12:00:00, 44.439758, -60.238894, 2018, 323, 12, 0, 2018, 320, 21, 1, 7.4, 1, 15.00, 254, 2, 38, -32.5, 4A86C023E4A81506FB4EAA9FDDFFA601C85780
2018-11-19 08:00:00, 44.439758, -60.238894, 2018, 323, 8, 0, 2018, 320, 21, 1, 7.4, 16, 15.08, 254, 2, 44, -32.5, 4A868023E4A81506FB4EAA9FDDFFAC10CA5780
2018-11-19 06:00:00, 44.439758, -60.238894, 2018, 323, 6, 0, 2018, 320, 21, 1, 7.4, 24, 15.08, 254, 2, 33, -32.5, 4A866023E4A81506FB4EAA9FDDFFA118CA5780
2018-11-19 05:00:00, 44.439758, -60.238894, 2018, 323, 5, 0, 2018, 320, 21, 1, 7.4, 4, 15.08, 254, 2, 13, -32.5, 4A865023E4A81506FB4EAA9FDDFF8D04CA5780
2018-11-19 04:00:00, 44.439758, -60.238894, 2018, 323, 4, 0, 2018, 320, 21, 1, 7.4, 17, 15.08, 254, 2, 37, -32.5, 4A864023E4A81506FB4EAA9FDDFFA511CA5780
2018-11-19 03:00:00, 44.439758, -60.238894, 2018, 323, 3, 0, 2018, 320, 21, 1, 7.4, 15, 15.08, 254, 2, 0, -32.5, 4A863023E4A81506FB4EAA9FDDFF800FCA5780
2018-11-19 02:00:00, 44.439758, -60.238894, 2018, 323, 2, 0, 2018, 320, 21, 1, 7.3, 15, 15.08, 254, 2, 32, -32.5, 4A862023D4A81506FB4EAA9FDDFFA00FCA5780
2018-11-18 17:00:00, 44.439758, -60.238894, 2018, 322, 17, 0, 2018, 320, 21, 1, 7.6, 22, 15.08, 254, 2, 39, -32.5, 4A85102404A81506FB4EAA9FDDFFA716CA5780
2018-11-18 16:00:00, 44.439758, -60.238894, 2018, 322, 16, 0, 2018, 320, 21, 1, 7.6, 3, 15.08, 254, 2, 29, -32.5, 4A85002404A81506FB4EAA9FDDFF9D03CA5780
2018-11-18 15:00:00, 44.439758, -60.238894, 2018, 322, 15, 0, 2018, 320, 21, 1, 7.6, 12, 15.08, 254, 2, 31, -32.5, 4A84F02404A81506FB4EAA9FDDFF9F0CCA5780
2018-11-18 14:00:00, 44.439758, -60.238894, 2018, 322, 14, 0, 2018, 320, 21, 1, 7.5, 2, 15.08, 254, 2, 43, -32.5, 4A84E023F4A81506FB4EAA9FDDFFAB02CA5780
2018-11-18 13:00:00, 44.439758, -60.238894, 2018, 322, 13, 0, 2018, 320, 21, 1, 7.5, 13, 15.08, 254, 2, 31, -32.5, 4A84D023F4A81506FB4EAA9FDDFF9F0DCA5780
2018-11-18 12:00:00, 44.439758, -60.238894, 2018, 322, 12, 0, 2018, 320, 21, 1, 7.5, 20, 15.08, 254, 2, 46, -32.5, 4A84C023F4A81506FB4EAA9FDDFFAE14CA5780
2018-11-18 11:00:00, 44.439758, -60.238894, 2018, 322, 11, 0, 2018, 320, 21, 1, 7.5, 13, 15.08, 254, 2, 16, -32.5, 4A84B023F4A81506FB4EAA9FDDFF900DCA5780
2018-11-18 11:00:00, 44.439758, -60.238894, 2018, 322, 11, 0, 2018, 320, 21, 1, 7.5, 17, 15.08, 254, 2, 16, -32.5, 4A84B023F4A81506FB4EAA9FDDFF9011CA5780
2018-11-18 10:00:00, 44.439758, -60.238894, 2018, 322, 10, 0, 2018, 320, 21, 1, 7.5, 1, 15.08, 254, 2, 17, -32.5, 4A84A023F4A81506FB4EAA9FDDFF9101CA5780
2018-11-18 09:00:00, 44.439758, -60.238894, 2018, 322, 9, 0, 2018, 320, 21, 1, 7.5, 17, 15.08, 254, 2, 13, -32.5, 4A849023F4A81506FB4EAA9FDDFF8D11CA5780
2018-11-18 08:00:00, 44.439758, -60.238894, 2018, 322, 8, 0, 2018, 320, 21, 1, 7.5, 16, 15.16, 254, 2, 29, -32.4, 4A848023F4A81506FB4EAA9FDDFF9D10CC5800
2018-11-18 07:00:00, 44.439758, -60.238894, 2018, 322, 7, 0, 2018, 320, 21, 1, 7.5, 18, 15.16, 254, 2, 22, -32.4, 4A847023F4A81506FB4EAA9FDDFF9612CC5800
2018-11-18 06:00:00, 44.439758, -60.238894, 2018, 322, 6, 0, 2018, 320, 21, 1, 7.5, 23, 15.16, 254, 2, 30, -32.4, 4A846023F4A81506FB4EAA9FDDFF9E17CC5800
2018-11-18 05:00:00, 44.439758, -60.238894, 2018, 322, 5, 0, 2018, 320, 21, 1, 7.5, 10, 15.16, 254, 2, 35, -32.5, 4A845023F4A81506FB4EAA9FDDFFA30ACC5780
2018-11-18 04:00:00, 44.439758, -60.238894, 2018, 322, 4, 0, 2018, 320, 21, 1, 7.5, 22, 15.16, 254, 2, 30, -32.5, 4A844023F4A81506FB4EAA9FDDFF9E16CC5780
2018-11-18 03:00:00, 44.439758, -60.238894, 2018, 322, 3, 0, 2018, 320, 21, 1, 7.5, 1, 15.16, 254, 2, 34, -32.5, 4A843023F4A81506FB4EAA9FDDFFA201CC5780
2018-11-18 02:00:00, 44.439758, -60.238894, 2018, 322, 2, 0, 2018, 320, 21, 1, 7.6, 4, 15.16, 254, 2, 32, -32.5, 4A84202404A81506FB4EAA9FDDFFA004CC5780
2018-11-18 01:00:00, 44.439758, -60.238894, 2018, 322, 1, 0, 2018, 320, 21, 1, 7.6, 15, 15.16, 254, 2, 0, -32.5, 4A84102404A81506FB4EAA9FDDFF800FCC5780
2018-11-18 00:00:00, 44.439758, -60.238894, 2018, 322, 0, 0, 2018, 320, 21, 1, 7.6, 14, 15.16, 254, 2, 29, -32.5, 4A84002404A81506FB4EAA9FDDFF9D0ECC5780
2018-11-17 23:00:00, 44.439758, -60.238894, 2018, 321, 23, 0, 2018, 320, 21, 1, 7.7, 4, 15.16, 254, 2, 44, -32.5, 4A83702414A81506FB4EAA9FDDFFAC04CC5780
2018-11-17 22:00:00, 44.439758, -60.238894, 2018, 321, 22, 0, 2018, 320, 21, 1, 7.7, 18, 15.16, 254, 2, 34, -32.5, 4A83602414A81506FB4EAA9FDDFFA212CC5780
2018-11-17 21:00:00, 44.439758, -60.238894, 2018, 321, 21, 0, 2018, 320, 21, 1, 7.7, 4, 15.16, 254, 2, 35, -32.5, 4A83502414A81506FB4EAA9FDDFFA304CC5780
2018-11-17 20:00:00, 44.439758, -60.238894, 2018, 321, 20, 0, 2018, 320, 21, 1, 7.7, 4, 15.16, 254, 2, 14, -32.5, 4A83402414A81506FB4EAA9FDDFF8E04CC5780
2018-11-17 19:00:00, 44.439758, -60.238894, 2018, 321, 19, 0, 2018, 320, 21, 1, 7.8, 10, 15.16, 254, 2, 48, -32.5, 4A83302424A81506FB4EAA9FDDFFB00ACC5780
2018-11-17 18:00:00, 44.439758, -60.238894, 2018, 321, 18, 0, 2018, 320, 21, 1, 7.8, 8, 15.16, 254, 2, 36, -32.5, 4A83202424A81506FB4EAA9FDDFFA408CC5780
2018-11-17 17:00:00, 44.439758, -60.238894, 2018, 321, 17, 0, 2018, 320, 21, 1, 7.8, 14, 15.16, 254, 2, 25, -32.5, 4A83102424A81506FB4EAA9FDDFF990ECC5780
2018-11-17 16:00:00, 44.439758, -60.238894, 2018, 321, 16, 0, 2018, 320, 21, 1, 7.8, 23, 15.16, 254, 2, 18, -32.5, 4A83002424A81506FB4EAA9FDDFF9217CC5780
2018-11-17 15:00:00, 44.439758, -60.238894, 2018, 321, 15, 0, 2018, 320, 21, 1, 7.8, 4, 15.16, 254, 2, 40, -32.5, 4A82F02424A81506FB4EAA9FDDFFA804CC5780
2018-11-17 14:00:00, 44.439758, -60.238894, 2018, 321, 14, 0, 2018, 320, 21, 1, 7.8, 3, 15.16, 254, 2, 22, -32.5, 4A82E02424A81506FB4EAA9FDDFF9603CC5780
2018-11-17 13:00:00, 44.439758, -60.238894, 2018, 321, 13, 0, 2018, 320, 21, 1, 7.7, 4, 15.16, 254, 2, 0, -32.5, 4A82D02414A81506FB4EAA9FDDFF8004CC5780
2018-11-17 12:00:00, 44.439758, -60.238894, 2018, 321, 12, 0, 2018, 320, 21, 1, 7.7, 24, 15.16, 254, 2, 34, -32.5, 4A82C02414A81506FB4EAA9FDDFFA218CC5780
2018-11-17 11:00:00, 44.439758, -60.238894, 2018, 321, 11, 0, 2018, 320, 21, 1, 7.7, 19, 15.24, 254, 2, 0, -32.5, 4A82B02414A81506FB4EAA9FDDFF8013CE5780
2018-11-17 10:00:00, 44.439758, -60.238894, 2018, 321, 10, 0, 2018, 320, 21, 1, 7.7, 19, 15.24, 254, 2, 0, -32.5, 4A82A02414A81506FB4EAA9FDDFF8013CE5780
2018-11-17 09:00:00, 44.439758, -60.238894, 2018, 321, 9, 0, 2018, 320, 21, 1, 7.7, 9, 15.24, 254, 2, 46, -32.5, 4A82902414A81506FB4EAA9FDDFFAE09CE5780
2018-11-17 08:00:00, 44.439758, -60.238894, 2018, 321, 8, 0, 2018, 320, 21, 1, 7.8, 15, 15.24, 254, 2, 26, -32.5, 4A82802424A81506FB4EAA9FDDFF9A0FCE5780
2018-11-17 07:00:00, 44.439758, -60.238894, 2018, 321, 7, 0, 2018, 320, 21, 1, 7.8, 10, 15.24, 254, 2, 24, -32.5, 4A82702424A81506FB4EAA9FDDFF980ACE5780
2018-11-17 06:00:00, 44.439758, -60.238894, 2018, 321, 6, 0, 2018, 320, 21, 1, 7.9, 14, 15.24, 254, 2, 17, -32.5, 4A82602434A81506FB4EAA9FDDFF910ECE5780
2018-11-17 05:00:00, 44.439758, -60.238894, 2018, 321, 5, 0, 2018, 320, 21, 1, 7.9, 16, 15.24, 254, 2, 24, -32.5, 4A82502434A81506FB4EAA9FDDFF9810CE5780
2018-11-17 04:00:00, 44.439758, -60.238894, 2018, 321, 4, 0, 2018, 320, 21, 1, 8.0, 13, 15.24, 254, 2, 45, -32.5, 4A82402444A81506FB4EAA9FDDFFAD0DCE5780
2018-11-17 03:00:00, 44.439758, -60.238894, 2018, 321, 3, 0, 2018, 320, 21, 1, 8.0, 4, 15.24, 254, 2, 13, -32.5, 4A82302444A81506FB4EAA9FDDFF8D04CE5780
2018-11-17 02:00:00, 44.439758, -60.238894, 2018, 321, 2, 0, 2018, 320, 21, 1, 8.0, 1, 15.24, 254, 2, 29, -32.5, 4A82202444A81506FB4EAA9FDDFF9D01CE5780
2018-11-17 01:00:00, 44.439758, -60.238894, 2018, 321, 1, 0, 2018, 320, 21, 1, 8.0, 1, 15.24, 254, 2, 22, -32.5, 4A82102444A81506FB4EAA9FDDFF9601CE5780
2018-11-17 00:00:00, 44.439758, -60.238894, 2018, 321, 0, 0, 2018, 320, 21, 1, 8.1, 23, 15.24, 254, 2, 0, -32.5, 4A82002454A81506FB4EAA9FDDFF8017CE5780
2018-11-16 23:00:00, 44.439758, -60.238894, 2018, 320, 23, 0, 2018, 320, 21, 1, 8.1, 1, 15.24, 254, 2, 45, -32.5, 4A81702454A81506FB4EAA9FDDFFAD01CE5780
2018-11-16 22:00:00, 44.439758, -60.238894, 2018, 320, 22, 0, 2018, 320, 21, 1, 8.0, 4, 15.24, 254, 2, 15, -32.5, 4A81602444A81506FB4EAA9FDDFF8F04CE5780
2018-11-16 21:00:00, 44.439758, -60.238894, 2018, 320, 21, 0, 2018, 320, 21, 1, 8.0, 8, 15.24, 88, 2, 46, -32.5, 4A81502444A81506FB4EAA9FDDACAE08CE5780
2018-11-16 20:00:00, 44.442166, -60.234422, 2018, 320, 20, 0, 2018, 320, 20, 2, 8.0, 7, 15.24, 142, 3, 47, -32.5, 4A81402444A8140AFB522A9FF7C7EF07CE5780
2018-11-16 19:00:00, 44.444488, -60.229606, 2018, 320, 19, 0, 2018, 320, 19, 1, 8.0, 21, 15.24, 82, 2, 44, -32.5, 4A81302444A81306FB558AA013A9AC15CE5780
2018-11-16 18:00:00, 44.448014, -60.223414, 2018, 320, 18, 0, 2018, 320, 18, 2, 8.0, 8, 15.24, 140, 3, 48, -32.5, 4A81202444A8120AFB5AAAA037C6F008CE5780
2018-11-16 17:00:00, 44.452228, -60.215330, 2018, 320, 17, 0, 2018, 320, 17, 2, 7.9, 7, 15.24, 144, 3, 46, -32.5, 4A81102434A8110AFB60CAA066C8EE07CE5780
2018-11-16 16:00:00, 44.458334, -60.205354, 2018, 320, 16, 0, 2018, 320, 16, 1, 8.0, 14, 15.24, 72, 3, 48, -32.5, 4A81002444A81006FB69AAA0A0A4F00ECE5780
2018-11-16 15:00:00, 44.465988, -60.195980, 2018, 320, 15, 0, 2018, 320, 15, 0, 7.9, 7, 15.24, 30, 3, 46, -32.5, 4A80F02434A80F02FB74CAA0D70FEE07CE5780
2018-11-16 14:00:00, 44.476738, -60.186434, 2018, 320, 14, 0, 2018, 320, 14, 2, 8.0, 10, 15.24, 112, 2, 46, -32.5, 4A80E02444A80E0AFB846AA10EB8AE0ACE5780
2018-11-16 13:00:00, 44.488778, -60.177060, 2018, 320, 13, 0, 2018, 320, 13, 1, 8.0, 6, 15.24, 76, 2, 47, -32.4, 4A80D02444A80D06FB95EAA14526AF06CE5800
2018-11-16 12:00:00, 44.500302, -60.167600, 2018, 320, 12, 0, 2018, 320, 12, 0, 8.0, 7, 15.24, 42, 2, 48, -32.5, 4A80C02444A80C02FBA6AAA17C15B007CE5780
2018-11-16 11:00:00, 44.512084, -60.157710, 2018, 320, 11, 0, 2018, 320, 11, 0, 8.0, 7, 15.24, 24, 3, 47, -32.5, 4A80B02444A80B02FBB7CAA1B58CEF07CE5780
2018-11-16 10:00:00, 44.523866, -60.145670, 2018, 320, 10, 0, 2018, 320, 10, 1, 8.0, 7, 15.24, 54, 2, 49, -32.5, 4A80A02444A80A06FBC8EAA1FB9BB107CE5780
2018-11-16 09:00:00, 44.535304, -60.132340, 2018, 320, 9, 0, 2018, 320, 9, 0, 8.0, 10, 15.24, 26, 2, 48, -32.5, 4A80902444A80902FBD98AA2490DB00ACE5780
2018-11-16 08:00:00, 44.546398, -60.118494, 2018, 320, 8, 0, 2018, 320, 8, 1, 8.0, 10, 15.24, 78, 2, 49, -32.5, 4A80802444A80806FBE9AAA299A7B10ACE5780
2018-11-16 07:00:00, 44.558008, -60.105680, 2018, 320, 7, 0, 2018, 320, 7, 0, 8.0, 7, 15.24, 24, 2, 48, -32.5, 4A80702444A80702FBFA8AA2E40CB007CE5780
2018-11-16 06:00:00, 44.567640, -60.092694, 2018, 320, 6, 0, 2018, 320, 6, 1, 8.0, 7, 15.24, 60, 3, 47, -32.5, 4A80602444A80606FC088AA32F9EEF07CE5780
2018-11-16 05:00:00, 44.576584, -60.082116, 2018, 320, 5, 0, 2018, 320, 5, 1, 8.0, 7, 15.24, 76, 3, 48, -32.5, 4A80502444A80506FC158AA36D26F007CE5780
2018-11-16 04:00:00, 44.584152, -60.070678, 2018, 320, 4, 0, 2018, 320, 4, 2, 8.0, 8, 15.24, 114, 2, 47, -32.5, 4A80402444A8040AFC208AA3AFB9AF08CE5780
2018-11-16 03:00:00, 44.591118, -60.058466, 2018, 320, 3, 0, 2018, 320, 3, 2, 8.0, 7, 15.24, 134, 3, 45, -32.5, 4A80302444A8030AFC2AAAA3F6C3ED07CE5780
2018-11-16 02:00:00, 44.599374, -60.044276, 2018, 320, 2, 0, 2018, 320, 2, 1, 8.0, 9, 15.24, 78, 3, 44, -32.5, 4A80202444A80206FC36AAA44927EC09CE5780
2018-11-16 01:00:00, 44.607630, -60.030860, 2018, 320, 1, 0, 2018, 320, 1, 1, 8.0, 10, 15.24, 86, 2, 46, -32.5, 4A80102444A80106FC42AAA4972BAE0ACE5780
2018-11-16 00:00:00, 44.615972, -60.018132, 2018, 320, 0, 0, 2018, 320, 0, 1, 8.1, 7, 15.32, 58, 3, 46, -32.4, 4A80002454A80006FC4ECAA4E11DEE07D05800
2018-11-15 23:00:00, 44.624400, -60.007296, 2018, 319, 23, 0, 2018, 319, 23, 1, 8.1, 8, 15.24, 102, 3, 47, -32.5, 4A7F702454A7F706FC5B0AA52033EF08CE5780
2018-11-15 22:00:00, 44.632484, -59.998180, 2018, 319, 22, 0, 2018, 319, 22, 2, 8.1, 7, 15.24, 114, 3, 46, -32.5, 4A7F602454A7F60AFC66CAA55539EE07CE5780
2018-11-15 21:00:00, 44.640396, -59.989752, 2018, 319, 21, 0, 2018, 319, 21, 1, 8.1, 7, 15.24, 78, 3, 45, -32.5, 4A7F502454A7F506FC724AA58627ED07CE5780
2018-11-15 20:00:00, 44.648738, -59.981754, 2018, 319, 20, 0, 2018, 319, 20, 2, 8.1, 9, 15.32, 142, 3, 48, -32.4, 4A7F402454A7F40AFC7E6AA5B4C7F009D05800
2018-11-15 19:00:00, 44.657510, -59.976422, 2018, 319, 19, 0, 2018, 319, 19, 2, 8.1, 8, 15.32, 124, 3, 48, -32.4, 4A7F302454A7F30AFC8B2AA5D3BEF008D05800
2018-11-15 18:00:00, 44.666540, -59.970746, 2018, 319, 18, 0, 2018, 319, 18, 3, 8.1, 7, 15.32, 172, 3, 45, -32.5, 4A7F202454A7F20EFC984AA5F4D6ED07D05780
2018-11-15 17:00:00, 44.676258, -59.966618, 2018, 319, 17, 0, 2018, 319, 17, 2, 8.2, 11, 15.32, 114, 3, 49, -32.4, 4A7F102464A7F10AFCA66AA60CB9F10BD05800
2018-11-15 16:00:00, 44.685546, -59.964038, 2018, 319, 16, 0, 2018, 319, 16, 3, 8.2, 10, 15.32, 180, 3, 46, -32.4, 4A7F002464A7F00EFCB3EAA61BDAEE0AD05800
2018-11-15 15:00:00, 44.693888, -59.961630, 2018, 319, 15, 0, 2018, 319, 15, 3, 8.2, 7, 15.32, 222, 3, 46, -32.4, 4A7EF02464A7EF0EFCC00AA629EFEE07D05800
2018-11-15 14:00:00, 44.699822, -59.958964, 2018, 319, 14, 0, 2018, 319, 14, 2, 8.2, 9, 15.32, 164, 3, 47, -32.4, 4A7EE02464A7EE0AFCC8AAA63952EF09D05800
2018-11-15 13:00:00, 44.708250, -59.952514, 2018, 319, 13, 0, 2018, 319, 12, 3, 8.2, 19, 15.32, 254, 3, 47, -32.4, 4A7ED02464A7EC0EFCD4EAA65EFFEF13D05800
2018-11-15 12:00:00, 44.708250, -59.952514, 2018, 319, 12, 0, 2018, 319, 12, 3, 8.2, 11, 15.32, 232, 3, 45, -32.4, 4A7EC02464A7EC0EFCD4EAA65EF4ED0BD05800
2018-11-15 11:00:00, 44.711260, -59.950106, 2018, 319, 11, 0, 2018, 319, 11, 2, 8.3, 10, 15.32, 150, 3, 47, -32.4, 4A7EB02474A7EB0AFCD94AA66CCBEF0AD05800
2018-11-15 10:00:00, 44.714700, -59.944602, 2018, 319, 10, 0, 2018, 319, 10, 2, 8.3, 7, 15.32, 130, 3, 47, -32.4, 4A7EA02474A7EA0AFCDE4AA68CC1EF07D05800
2018-11-15 09:00:00, 44.720376, -59.938668, 2018, 319, 9, 0, 2018, 319, 9, 2, 8.4, 7, 15.32, 166, 3, 47, -32.4, 4A7E902484A7E90AFCE68AA6AF53EF07D05800
2018-11-15 08:00:00, 44.729148, -59.932046, 2018, 319, 8, 0, 2018, 319, 8, 2, 8.4, 10, 15.32, 168, 3, 47, -32.5, 4A7E802484A7E80AFCF34AA6D5D4EF0AD05780
2018-11-15 07:00:00, 44.739812, -59.925080, 2018, 319, 7, 0, 2018, 319, 7, 1, 8.5, 8, 15.32, 84, 3, 48, -32.5, 4A7E702494A7E706FD02CAA6FE2AF008D05780
2018-11-15 06:00:00, 44.752024, -59.922500, 2018, 319, 6, 0, 2018, 319, 6, 1, 8.5, 10, 15.32, 82, 3, 47, -32.5, 4A7E602494A7E606FD148AA70D29EF0AD05780
2018-11-15 05:00:00, 44.765612, -59.921124, 2018, 319, 5, 0, 2018, 319, 5, 2, 8.5, 7, 15.32, 168, 3, 45, -32.5, 4A7E502494A7E50AFD284AA71554ED07D05780
2018-11-15 04:00:00, 44.780232, -59.922586, 2018, 319, 4, 0, 2018, 319, 4, 2, 8.6, 9, 15.32, 114, 3, 48, -32.5, 4A7E4024A4A7E40AFD3D8AA70CB9F009D05780
2018-11-15 03:00:00, 44.794766, -59.926370, 2018, 319, 3, 0, 2018, 319, 3, 1, 8.6, 7, 15.32, 108, 2, 46, -32.5, 4A7E3024A4A7E306FD52AAA6F6B6AE07D05780
2018-11-15 02:00:00, 44.806978, -59.932390, 2018, 319, 2, 0, 2018, 319, 2, 1, 8.6, 10, 15.32, 84, 3, 47, -32.5, 4A7E2024A4A7E206FD646AA6D3AAEF0AD05780
2018-11-15 01:00:00, 44.816180, -59.939184, 2018, 319, 1, 0, 2018, 319, 1, 3, 8.7, 21, 15.32, 166, 2, 45, -32.5, 4A7E1024B4A7E10EFD71CAA6AC53AD15D05780
2018-11-15 00:00:00, 44.823232, -59.947698, 2018, 319, 0, 0, 2018, 319, 0, 2, 8.7, 7, 15.32, 118, 3, 45, -32.5, 4A7E0024B4A7E00AFD7C0AA67ABBED07D05780
2018-11-14 23:00:00, 44.839572, -59.965500, 2018, 318, 23, 0, 2018, 318, 21, 0, 8.7, 10, 15.32, 254, 2, 47, -32.5, 4A7D7024B4A7D502FD93CAA6137FAF0AD05780
2018-11-14 22:00:00, 44.839572, -59.965500, 2018, 318, 22, 0, 2018, 318, 21, 0, 8.8, 10, 15.32, 254, 2, 46, -32.5, 4A7D6024C4A7D502FD93CAA6137FAE0AD05780
2018-11-14 21:00:00, 44.839572, -59.965500, 2018, 318, 21, 0, 2018, 318, 21, 0, 8.8, 10, 15.32, 24, 2, 48, -32.5, 4A7D5024C4A7D502FD93CAA6130CB00AD05780
2018-11-14 20:00:00, 44.842754, -59.971606, 2018, 318, 20, 0, 2018, 318, 20, 1, 8.8, 9, 15.32, 78, 3, 47, -32.5, 4A7D4024C4A7D406FD986AA5EFA7EF09D05780
2018-11-14 19:00:00, 44.846882, -59.975734, 2018, 318, 19, 0, 2018, 318, 19, 2, 8.9, 9, 15.32, 118, 3, 47, -32.5, 4A7D3024D4A7D30AFD9E6AA5D7BBEF09D05780
2018-11-14 18:00:00, 44.852730, -59.978830, 2018, 318, 18, 0, 2018, 318, 18, 1, 8.9, 6, 15.32, 58, 3, 47, -32.5, 4A7D2024D4A7D206FDA6EAA5C59DEF06D05780
2018-11-14 17:00:00, 44.860900, -59.980292, 2018, 318, 17, 0, 2018, 318, 17, 2, 9.0, 10, 15.32, 136, 2, 49, -32.5, 4A7D1024E4A7D10AFDB2CAA5BD44B10AD05780
2018-11-14 16:00:00, 44.870446, -59.982958, 2018, 318, 16, 0, 2018, 318, 16, 2, 9.0, 8, 15.32, 136, 3, 48, -32.5, 4A7D0024E4A7D00AFDC0AAA5ADC4F008D05780
2018-11-14 15:00:00, 44.881024, -59.985710, 2018, 318, 15, 0, 2018, 318, 15, 3, 9.1, 7, 15.32, 196, 2, 46, -32.5, 4A7CF024F4A7CF0EFDD00AA59DE2AE07D05780
2018-11-14 14:00:00, 44.905362, -59.999126, 2018, 318, 14, 0, 2018, 318, 13, 1, 9.1, 7, 15.32, 254, 3, 47, -32.5, 4A7CE024F4A7CD06FDF36AA54FFFEF07D05780
2018-11-14 13:00:00, 44.905362, -59.999126, 2018, 318, 13, 0, 2018, 318, 13, 1, 9.1, 8, 15.32, 108, 3, 47, -32.5, 4A7CD024F4A7CD06FDF36AA54FB6EF08D05780
2018-11-14 12:00:00, 44.919208, -60.010994, 2018, 318, 12, 0, 2018, 318, 12, 2, 9.2, 7, 15.32, 120, 3, 46, -32.5, 4A7CC02504A7CC0AFE078AA50ABCEE07D05780
2018-11-14 11:00:00, 44.928840, -60.025958, 2018, 318, 11, 0, 2018, 318, 11, 3, 9.2, 11, 15.32, 198, 3, 45, -32.5, 4A7CB02504A7CB0EFE158AA4B3E3ED0BD05780
2018-11-14 10:00:00, 44.935720, -60.043932, 2018, 318, 10, 0, 2018, 318, 10, 1, 9.2, 6, 15.32, 84, 3, 44, -32.5, 4A7CA02504A7CA06FE1F8AA44B2AEC06D05780
2018-11-14 09:00:00, 44.938816, -60.062336, 2018, 318, 9, 0, 2018, 318, 9, 3, 9.2, 9, 15.32, 198, 3, 47, -32.5, 4A7C902504A7C90EFE240AA3E063EF09D05780
2018-11-14 08:00:00, 44.937956, -60.080740, 2018, 318, 8, 0, 2018, 318, 8, 3, 9.2, 8, 15.32, 206, 3, 47, -32.5, 4A7C802504A7C80EFE22CAA37567EF08D05780
2018-11-14 07:00:00, 44.933398, -60.098284, 2018, 318, 7, 0, 2018, 318, 7, 2, 9.2, 7, 15.32, 168, 3, 46, -32.5, 4A7C702504A7C70AFE1C2AA30F54EE07D05780
2018-11-14 06:00:00, 44.923508, -60.111442, 2018, 318, 6, 0, 2018, 318, 6, 1, 9.2, 10, 15.32, 84, 2, 49, -32.5, 4A7C602504A7C606FE0DCAA2C2AAB10AD05780
2018-11-14 05:00:00, 44.912242, -60.119354, 2018, 318, 5, 0, 2018, 318, 5, 2, 9.2, 6, 15.32, 134, 3, 46, -32.5, 4A7C502504A7C50AFDFD6AA294C3EE06D05780
2018-11-14 04:00:00, 44.899256, -60.119440, 2018, 318, 4, 0, 2018, 318, 4, 1, 9.2, 9, 15.32, 106, 2, 47, -32.5, 4A7C402504A7C406FDEA8AA29435AF09D05780
2018-11-14 03:00:00, 44.888592, -60.111958, 2018, 318, 3, 0, 2018, 318, 3, 2, 9.2, 7, 15.32, 136, 3, 45, -32.5, 4A7C302504A7C30AFDDB0AA2BFC4ED07D05780
2018-11-14 02:00:00, 44.879304, -60.100520, 2018, 318, 2, 0, 2018, 318, 2, 1, 9.2, 10, 15.32, 88, 3, 46, -32.5, 4A7C202504A7C206FDCD8AA3022CEE0AD05780
2018-11-14 01:00:00, 44.872424, -60.089598, 2018, 318, 1, 0, 2018, 318, 1, 0, 9.2, 10, 15.32, 42, 2, 46, -32.5, 4A7C102504A7C102FDC38AA34195AE0AD05780
2018-11-14 00:00:00, 44.865716, -60.079020, 2018, 318, 0, 0, 2018, 318, 0, 2, 9.2, 7, 15.40, 132, 2, 46, -32.5, 4A7C002504A7C00AFDB9CAA37F42AE07D25780
2018-11-13 23:00:00, 44.862276, -60.069732, 2018, 317, 23, 0, 2018, 317, 23, 2, 9.2, 11, 15.40, 112, 3, 47, -32.5, 4A7B702504A7B70AFDB4CAA3B538EF0BD25780
2018-11-13 22:00:00, 44.860814, -60.061132, 2018, 317, 22, 0, 2018, 317, 22, 0, 9.2, 11, 15.40, 24, 2, 48, -32.5, 4A7B602504A7B602FDB2AAA3E70CB00BD25780
2018-11-13 21:00:00, 44.861072, -60.055284, 2018, 317, 21, 0, 2018, 317, 21, 0, 9.2, 8, 15.40, 24, 2, 48, -32.5, 4A7B502504A7B502FDB30AA4090CB008D25780
2018-11-13 20:00:00, 44.862964, -60.052962, 2018, 317, 20, 0, 2018, 317, 20, 0, 9.2, 7, 15.40, 48, 3, 48, -32.5, 4A7B402504A7B402FDB5CAA41698F007D25780
2018-11-13 19:00:00, 44.865028, -60.056574, 2018, 317, 19, 0, 2018, 317, 19, 0, 9.2, 9, 15.40, 28, 2, 48, -32.5, 4A7B302504A7B302FDB8CAA4018EB009D25780
2018-11-13 18:00:00, 44.865114, -60.061390, 2018, 317, 18, 0, 2018, 317, 18, 0, 9.2, 7, 15.40, 24, 2, 48, -32.5, 4A7B202504A7B202FDB8EAA3E58CB007D25780
2018-11-13 17:00:00, 44.863566, -60.065346, 2018, 317, 17, 0, 2018, 317, 17, 0, 9.2, 6, 15.40, 24, 2, 49, -32.5, 4A7B102504A7B102FDB6AAA3CE8CB106D25780
2018-11-13 16:00:00, 44.861416, -60.068098, 2018, 317, 16, 0, 2018, 317, 16, 1, 9.2, 8, 15.40, 56, 2, 47, -32.5, 4A7B002504A7B006FDB38AA3BE9CAF08D25780
2018-11-13 15:00:00, 44.858406, -60.070764, 2018, 317, 15, 0, 2018, 317, 15, 0, 9.2, 12, 15.40, 48, 3, 48, -32.5, 4A7AF02504A7AF02FDAF2AA3AF18F00CD25780
2018-11-13 14:00:00, 44.855310, -60.072140, 2018, 317, 14, 0, 2018, 317, 14, 0, 9.3, 7, 15.40, 26, 3, 43, -32.5, 4A7AE02514A7AE02FDAAAAA3A70DEB07D25780
2018-11-13 13:00:00, 44.852300, -60.072312, 2018, 317, 13, 0, 2018, 317, 13, 1, 9.3, 9, 15.40, 78, 2, 46, -32.5, 4A7AD02514A7AD06FDA64AA3A627AE09D25780
2018-11-13 12:00:00, 44.849720, -60.069732, 2018, 317, 12, 0, 2018, 317, 12, 1, 9.3, 8, 15.40, 102, 2, 48, -32.5, 4A7AC02514A7AC06FDA28AA3B533B008D25780
2018-11-13 11:00:00, 44.848172, -60.065002, 2018, 317, 11, 0, 2018, 317, 11, 1, 9.2, 6, 15.40, 74, 3, 47, -32.5, 4A7AB02504A7AB06FDA04AA3D0A5EF06D25780
2018-11-13 10:00:00, 44.847570, -60.059928, 2018, 317, 10, 0, 2018, 317, 10, 0, 9.3, 8, 15.40, 28, 3, 48, -32.5, 4A7AA02514A7AA02FD9F6AA3EE0EF008D25780
2018-11-13 09:00:00, 44.848946, -60.053134, 2018, 317, 9, 0, 2018, 317, 9, 1, 9.3, 10, 15.40, 54, 3, 47, -32.5, 4A7A902514A7A906FDA16AA4159BEF0AD25780
2018-11-13 08:00:00, 44.851354, -60.046942, 2018, 317, 8, 0, 2018, 317, 8, 1, 9.3, 7, 15.40, 54, 3, 47, -32.5, 4A7A802514A7A806FDA4EAA4399BEF07D25780
2018-11-13 07:00:00, 44.856170, -60.040406, 2018, 317, 7, 0, 2018, 317, 7, 1, 9.3, 8, 15.40, 84, 2, 45, -32.5, 4A7A702514A7A706FDABEAA45FAAAD08D25780
2018-11-13 06:00:00, 44.861846, -60.034214, 2018, 317, 6, 0, 2018, 317, 6, 1, 9.3, 7, 15.40, 102, 3, 47, -32.5, 4A7A602514A7A606FDB42AA483B3EF07D25780
2018-11-13 05:00:00, 44.866576, -60.031978, 2018, 317, 5, 0, 2018, 317, 5, 1, 9.3, 6, 15.40, 76, 2, 48, -32.5, 4A7A502514A7A506FDBB0AA490A6B006D25780
2018-11-13 04:00:00, 44.872080, -60.030688, 2018, 317, 4, 0, 2018, 317, 4, 1, 9.3, 7, 15.40, 84, 3, 47, -32.5, 4A7A402514A7A406FDC30AA4982AEF07D25780
2018-11-13 03:00:00, 44.877584, -60.029570, 2018, 317, 3, 0, 2018, 317, 3, 2, 9.3, 10, 15.40, 138, 3, 45, -32.5, 4A7A302514A7A30AFDCB0AA49EC5ED0AD25780
2018-11-13 02:00:00, 44.882744, -60.028366, 2018, 317, 2, 0, 2018, 317, 2, 1, 9.3, 9, 15.40, 82, 2, 47, -32.5, 4A7A202514A7A206FDD28AA4A5A9AF09D25780
2018-11-13 01:00:00, 44.887044, -60.028108, 2018, 317, 1, 0, 2018, 317, 1, 1, 9.2, 7, 15.40, 78, 2, 44, -32.5, 4A7A102504A7A106FDD8CAA4A727AC07D25780
2018-11-13 00:00:00, 44.890828, -60.027850, 2018, 317, 0, 0, 2018, 317, 0, 2, 9.2, 19, 15.40, 130, 2, 47, -32.5, 4A7A002504A7A00AFDDE4AA4A8C1AF13D25780
2018-11-12 23:00:00, 44.893150, -60.027850, 2018, 316, 23, 0, 2018, 316, 23, 1, 9.0, 9, 15.40, 84, 2, 48, -32.5, 4A797024E4A79706FDE1AAA4A8AAB009D25780
2018-11-12 22:00:00, 44.896590, -60.026388, 2018, 316, 22, 0, 2018, 316, 22, 1, 9.0, 9, 15.40, 54, 3, 48, -32.5, 4A796024E4A79606FDE6AAA4B11BF009D25780
2018-11-12 21:00:00, 44.899428, -60.026388, 2018, 316, 21, 0, 2018, 316, 21, 1, 9.0, 8, 15.40, 84, 2, 48, -32.5, 4A795024E4A79506FDEACAA4B12AB008D25780
2018-11-12 20:00:00, 44.902524, -60.029312, 2018, 316, 20, 0, 2018, 316, 20, 0, 8.9, 7, 15.40, 24, 3, 48, -32.5, 4A794024D4A79402FDEF4AA4A00CF007D25780
2018-11-12 19:00:00, 44.905276, -60.033956, 2018, 316, 19, 0, 2018, 316, 19, 0, 8.9, 11, 15.40, 24, 3, 48, -32.5, 4A793024D4A79302FDF34AA4850CF00BD25780
2018-11-12 18:00:00, 44.907598, -60.038858, 2018, 316, 18, 0, 2018, 316, 18, 1, 9.0, 9, 15.40, 58, 3, 48, -32.5, 4A792024E4A79206FDF6AAA4689DF009D25780
2018-11-12 17:00:00, 44.909060, -60.045996, 2018, 316, 17, 0, 2018, 316, 17, 1, 9.1, 6, 15.40, 72, 2, 49, -32.5, 4A791024F4A79106FDF8CAA43F24B106D25780
2018-11-12 16:00:00, 44.910350, -60.053564, 2018, 316, 16, 0, 2018, 316, 16, 2, 9.1, 8, 15.40, 124, 3, 46, -32.5, 4A790024F4A7900AFDFAAAA4133EEE08D25780
2018-11-12 15:00:00, 44.910264, -60.061132, 2018, 316, 15, 0, 2018, 316, 15, 2, 9.1, 8, 15.40, 118, 3, 47, -32.5, 4A78F024F4A78F0AFDFA8AA3E73BEF08D25780
2018-11-12 14:00:00, 44.909576, -60.068012, 2018, 316, 14, 0, 2018, 316, 14, 0, 9.2, 7, 15.40, 40, 2, 47, -32.5, 4A78E02504A78E02FDF98AA3BF14AF07D25780
2018-11-12 13:00:00, 44.908974, -60.072398, 2018, 316, 13, 0, 2018, 316, 13, 1, 9.2, 8, 15.40, 108, 2, 47, -32.5, 4A78D02504A78D06FDF8AAA3A5B6AF08D25780
2018-11-12 12:00:00, 44.910006, -60.074892, 2018, 316, 12, 0, 2018, 316, 12, 0, 9.2, 7, 15.40, 48, 2, 47, -32.5, 4A78C02504A78C02FDFA2AA39718AF07D25780
2018-11-12 11:00:00, 44.911898, -60.077128, 2018, 316, 11, 0, 2018, 316, 11, 2, 9.3, 10, 15.40, 144, 3, 48, -32.5, 4A78B02514A78B0AFDFCEAA38A48F00AD25780
2018-11-12 10:00:00, 44.916284, -60.080998, 2018, 316, 10, 0, 2018, 316, 10, 2, 9.3, 9, 15.40, 136, 3, 48, -32.5, 4A78A02514A78A0AFE034AA373C4F009D25780
2018-11-12 09:00:00, 44.922734, -60.085814, 2018, 316, 9, 0, 2018, 316, 9, 1, 9.3, 8, 15.40, 110, 2, 48, -32.5, 4A78902514A78906FE0CAAA357B7B008D25780
2018-11-12 08:00:00, 44.929270, -60.092866, 2018, 316, 8, 0, 2018, 316, 8, 2, 9.4, 11, 15.40, 112, 3, 46, -32.5, 4A78802524A7880AFE162AA32EB8EE0BD25780
2018-11-12 07:00:00, 44.934602, -60.100004, 2018, 316, 7, 0, 2018, 316, 7, 0, 9.4, 7, 15.40, 48, 2, 45, -32.5, 4A78702524A78702FE1DEAA30518AD07D25780
2018-11-12 06:00:00, 44.939762, -60.106626, 2018, 316, 6, 0, 2018, 316, 6, 2, 9.4, 18, 15.40, 120, 3, 47, -32.5, 4A78602524A7860AFE256AA2DEBCEF12D25780
2018-11-12 05:00:00, 44.946126, -60.114796, 2018, 316, 5, 0, 2018, 316, 5, 2, 9.4, 8, 15.40, 114, 3, 46, -32.5, 4A78502524A7850AFE2EAAA2AF39EE08D25780
2018-11-12 04:00:00, 44.951974, -60.123396, 2018, 316, 4, 0, 2018, 316, 4, 0, 9.4, 11, 15.40, 24, 3, 48, -32.5, 4A78402524A78402FE372AA27D0CF00BD25780
2018-11-12 03:00:00, 44.959026, -60.130448, 2018, 316, 3, 0, 2018, 316, 3, 1, 9.5, 7, 15.40, 84, 3, 45, -32.5, 4A78302534A78306FE416AA2542AED07D25780
2018-11-12 02:00:00, 44.966680, -60.137328, 2018, 316, 2, 0, 2018, 316, 2, 1, 9.5, 10, 15.40, 84, 2, 48, -32.5, 4A78202534A78206FE4C8AA22C2AB00AD25780
2018-11-12 01:00:00, 44.974850, -60.143606, 2018, 316, 1, 0, 2018, 316, 1, 1, 9.5, 7, 15.40, 54, 2, 47, -32.5, 4A78102534A78106FE586AA2079BAF07D25780
2018-11-12 00:00:00, 44.982332, -60.150916, 2018, 316, 0, 0, 2018, 316, 0, 1, 9.5, 6, 15.40, 84, 2, 48, -32.5, 4A78002534A78006FE634AA1DD2AB006D25780
2018-11-11 23:00:00, 44.989986, -60.158570, 2018, 315, 23, 0, 2018, 315, 23, 2, 9.5, 10, 15.40, 144, 3, 47, -32.5, 4A77702534A7770AFE6E6AA1B0C8EF0AD25780
2018-11-11 22:00:00, 44.998672, -60.166654, 2018, 315, 22, 0, 2018, 315, 22, 1, 9.6, 9, 15.40, 92, 3, 46, -32.5, 4A77602544A77606FE7B0AA181AEEE09D25780
2018-11-11 21:00:00, 45.006412, -60.176544, 2018, 315, 21, 0, 2018, 315, 21, 1, 9.6, 7, 15.40, 78, 3, 46, -32.5, 4A77502544A77506FE864AA14827EE07D25780
2018-11-11 20:00:00, 45.013722, -60.188842, 2018, 315, 20, 0, 2018, 315, 20, 1, 9.6, 10, 15.40, 82, 3, 47, -32.5, 4A77402544A77406FE90EAA100A9EF0AD25780
2018-11-11 19:00:00, 45.020258, -60.204752, 2018, 315, 19, 0, 2018, 315, 19, 1, 9.6, 10, 15.40, 78, 3, 48, -32.5, 4A77302544A77306FE9A6AA0A427F00AD25780
2018-11-11 18:00:00, 45.025160, -60.221780, 2018, 315, 18, 0, 2018, 315, 18, 1, 9.6, 10, 15.40, 88, 3, 48, -32.5, 4A77202544A77206FEA18AA0412CF00AD25780
2018-11-11 17:00:00, 45.029374, -60.239840, 2018, 315, 17, 0, 2018, 315, 17, 2, 9.6, 7, 15.40, 116, 3, 45, -32.5, 4A77102544A7710AFEA7AA9FD83AED07D25780
2018-11-11 16:00:00, 45.032040, -60.257814, 2018, 315, 16, 0, 2018, 315, 16, 1, 9.6, 7, 15.40, 96, 3, 46, -32.5, 4A77002544A77006FEAB8A9F6FB0EE07D25780
2018-11-11 15:00:00, 45.033674, -60.274670, 2018, 315, 15, 0, 2018, 315, 15, 1, 9.6, 7, 15.40, 54, 2, 48, -32.5, 4A76F02544A76F06FEADEA9F0D9BB007D25780
2018-11-11 14:00:00, 45.035652, -60.288516, 2018, 315, 14, 0, 2018, 315, 14, 2, 9.6, 7, 15.40, 120, 3, 46, -32.5, 4A76E02544A76E0AFEB0CA9EBD3CEE07D25780
2018-11-11 13:00:00, 45.038060, -60.300040, 2018, 315, 13, 0, 2018, 315, 13, 2, 9.6, 9, 15.40, 156, 3, 46, -32.5, 4A76D02544A76D0AFEB44A9E7A4EEE09D25780
2018-11-11 12:00:00, 45.039006, -60.308726, 2018, 315, 12, 0, 2018, 315, 12, 2, 9.6, 9, 15.40, 138, 2, 47, -32.5, 4A76C02544A76C0AFEB5AA9E47C5AF09D25780
2018-11-11 11:00:00, 45.041242, -60.314832, 2018, 315, 11, 0, 2018, 315, 11, 3, 9.6, 11, 15.40, 200, 3, 46, -32.5, 4A76B02544A76B0EFEB8EA9E2464EE0BD25780
2018-11-11 10:00:00, 45.043822, -60.320594, 2018, 315, 10, 0, 2018, 315, 10, 2, 9.6, 7, 15.40, 120, 3, 47, -32.5, 4A76A02544A76A0AFEBCAA9E02BCEF07D25780
2018-11-11 09:00:00, 45.048122, -60.325668, 2018, 315, 9, 0, 2018, 315, 9, 2, 9.6, 8, 15.40, 136, 3, 48, -32.5, 4A76902544A7690AFEC2EA9DE544F008D25780
2018-11-11 08:00:00, 45.054658, -60.330656, 2018, 315, 8, 0, 2018, 315, 8, 1, 9.6, 10, 15.40, 84, 3, 49, -32.5, 4A76802544A76806FECC6A9DC82AF10AD25780
2018-11-11 07:00:00, 45.062656, -60.336590, 2018, 315, 7, 0, 2018, 315, 7, 1, 9.6, 10, 15.40, 88, 3, 47, -32.5, 4A76702544A76706FED80A9DA5ACEF0AD25780
2018-11-11 06:00:00, 45.069278, -60.343384, 2018, 315, 6, 0, 2018, 315, 6, 2, 9.6, 9, 15.40, 138, 3, 47, -32.5, 4A76602544A7660AFEE1AA9D7E45EF09D25780
2018-11-11 05:00:00, 45.074610, -60.350952, 2018, 315, 5, 0, 2018, 315, 5, 2, 9.6, 6, 15.40, 132, 2, 47, -32.5, 4A76502544A7650AFEE96A9D5242AF06D25780
2018-11-11 04:00:00, 45.078566, -60.357488, 2018, 315, 4, 0, 2018, 315, 4, 1, 9.6, 11, 15.40, 84, 3, 47, -32.5, 4A76402544A76406FEEF2A9D2C2AEF0BD25780
2018-11-11 03:00:00, 45.082006, -60.364626, 2018, 315, 3, 0, 2018, 315, 3, 2, 9.7, 8, 15.40, 136, 3, 44, -32.5, 4A76302554A7630AFEF42A9D02C4EC08D25780
2018-11-11 02:00:00, 45.084414, -60.370646, 2018, 315, 2, 0, 2018, 315, 2, 0, 9.7, 9, 15.40, 48, 3, 45, -32.5, 4A76202554A76202FEF7AA9CDF98ED09D25780
2018-11-11 01:00:00, 45.086134, -60.371420, 2018, 315, 1, 0, 2018, 315, 1, 0, 9.7, 7, 15.40, 48, 2, 46, -32.5, 4A76102554A76102FEFA2A9CDB18AE07D25780
2018-11-11 00:00:00, 45.088198, -60.369872, 2018, 315, 0, 0, 2018, 315, 0, 0, 9.7, 9, 15.40, 28, 3, 46, -32.5, 4A76002554A76002FEFD2A9CE40EEE09D25780
2018-11-10 23:00:00, 45.089316, -60.370732, 2018, 314, 23, 0, 2018, 314, 23, 0, 9.7, 8, 15.40, 24, 3, 47, -32.5, 4A75702554A75702FEFECA9CDF0CEF08D25780
2018-11-10 22:00:00, 45.088800, -60.373656, 2018, 314, 22, 0, 2018, 314, 22, 1, 9.7, 10, 15.40, 64, 3, 48, -32.5, 4A75602554A75606FEFE0A9CCE20F00AD25780
2018-11-10 21:00:00, 45.086478, -60.376838, 2018, 314, 21, 0, 2018, 314, 21, 1, 9.7, 9, 15.48, 84, 2, 46, -32.5, 4A75502554A75506FEFAAA9CBBAAAE09D45780
2018-11-10 20:00:00, 45.082694, -60.376838, 2018, 314, 20, 0, 2018, 314, 20, 1, 9.7, 7, 15.48, 84, 3, 47, -32.5, 4A75402554A75406FEF52A9CBBAAEF07D45780
2018-11-10 19:00:00, 45.077878, -60.373226, 2018, 314, 19, 0, 2018, 314, 19, 1, 9.7, 10, 15.48, 88, 2, 47, -32.5, 4A75302554A75306FEEE2A9CD0ACAF0AD45780
2018-11-10 18:00:00, 45.071084, -60.370560, 2018, 314, 18, 0, 2018, 314, 18, 2, 9.7, 10, 15.48, 140, 3, 48, -32.5, 4A75202554A7520AFEE44A9CE046F00AD45780
2018-11-10 17:00:00, 45.064290, -60.368066, 2018, 314, 17, 0, 2018, 314, 17, 2, 9.7, 8, 15.48, 114, 2, 47, -32.5, 4A75102554A7510AFEDA6A9CEEB9AF08D45780
2018-11-10 16:00:00, 45.055174, -60.364110, 2018, 314, 16, 0, 2018, 314, 16, 2, 9.7, 7, 15.48, 132, 2, 47, -32.5, 4A75002554A7500AFECD2A9D05C2AF07D45780
2018-11-10 15:00:00, 45.043908, -60.358864, 2018, 314, 15, 0, 2018, 314, 15, 1, 9.7, 8, 15.48, 108, 3, 48, -32.5, 4A74F02554A74F06FEBCCA9D2436F008D45780
2018-11-10 14:00:00, 45.032728, -60.351554, 2018, 314, 14, 0, 2018, 314, 14, 2, 9.7, 7, 15.48, 110, 3, 47, -32.5, 4A74E02554A74E0AFEAC8A9D4EB7EF07D45780
2018-11-10 13:00:00, 45.023440, -60.343556, 2018, 314, 13, 0, 2018, 314, 13, 1, 9.7, 10, 15.48, 84, 2, 47, -32.5, 4A74D02554A74D06FE9F0A9D7D2AAF0AD45780
2018-11-10 12:00:00, 45.013980, -60.332806, 2018, 314, 12, 0, 2018, 314, 12, 1, 9.7, 8, 15.48, 108, 2, 47, -32.5, 4A74C02554A74C06FE914A9DBBB6AF08D45780
2018-11-10 11:00:00, 45.006068, -60.321024, 2018, 314, 11, 0, 2018, 314, 11, 0, 9.7, 7, 15.48, 42, 2, 48, -32.5, 4A74B02554A74B02FE85CA9E0015B007D45780
2018-11-10 10:00:00, 45.000392, -60.306404, 2018, 314, 10, 0, 2018, 314, 10, 1, 9.7, 11, 15.48, 72, 3, 47, -32.5, 4A74A02554A74A06FE7D8A9E5524EF0BD45780
2018-11-10 09:00:00, 44.995576, -60.292558, 2018, 314, 9, 0, 2018, 314, 9, 0, 9.6, 10, 15.48, 24, 2, 48, -32.5, 4A74902544A74902FE768A9EA58CB00AD45780
2018-11-10 08:00:00, 44.993426, -60.280088, 2018, 314, 8, 0, 2018, 314, 8, 0, 9.7, 7, 15.48, 30, 3, 49, -32.5, 4A74802554A74802FE736A9EEE0FF107D45780
2018-11-10 07:00:00, 44.992136, -60.270112, 2018, 314, 7, 0, 2018, 314, 7, 0, 9.6, 9, 15.48, 30, 3, 46, -32.5, 4A74702544A74702FE718A9F280FEE09D45780
2018-11-10 06:00:00, 44.991448, -60.260136, 2018, 314, 6, 0, 2018, 314, 6, 0, 9.7, 8, 15.48, 24, 2, 49, -32.5, 4A74602554A74602FE708A9F620CB108D45780
2018-11-10 05:00:00, 44.992480, -60.248096, 2018, 314, 5, 0, 2018, 314, 5, 1, 9.8, 6, 15.48, 54, 2, 48, -32.5, 4A74502564A74506FE720A9FA81BB006D45780
2018-11-10 04:00:00, 44.994716, -60.236830, 2018, 314, 4, 0, 2018, 314, 4, 0, 9.8, 7, 15.48, 48, 3, 48, -32.5, 4A74402564A74402FE754A9FE998F007D45780
2018-11-10 03:00:00, 44.997812, -60.226596, 2018, 314, 3, 0, 2018, 314, 3, 1, 9.8, 10, 15.48, 54, 2, 46, -32.5, 4A74302564A74306FE79CAA0251BAE0AD45780
2018-11-10 02:00:00, 45.001510, -60.215588, 2018, 314, 2, 0, 2018, 314, 2, 0, 9.9, 7, 15.48, 42, 2, 48, -32.5, 4A74202574A74202FE7F2AA06515B007D45780
2018-11-10 01:00:00, 45.006068, -60.204752, 2018, 314, 1, 0, 2018, 314, 1, 0, 9.9, 9, 15.48, 48, 2, 47, -32.5, 4A74102574A74102FE85CAA0A418AF09D45780
2018-11-10 00:00:00, 45.010798, -60.194948, 2018, 314, 0, 0, 2018, 314, 0, 1, 9.9, 9, 15.48, 84, 2, 48, -32.5, 4A74002574A74006FE8CAAA0DD2AB009D45780
2018-11-09 23:00:00, 45.015700, -60.184800, 2018, 313, 23, 0, 2018, 313, 23, 1, 9.9, 8, 15.48, 52, 2, 48, -32.5, 4A73702574A73706FE93CAA1181AB008D45780
2018-11-09 22:00:00, 45.021032, -60.175856, 2018, 313, 22, 0, 2018, 313, 22, 2, 9.9, 6, 15.48, 114, 2, 48, -32.5, 4A73602574A7360AFE9B8AA14C39B006D45780
2018-11-09 21:00:00, 45.026794, -60.168546, 2018, 313, 21, 0, 2018, 313, 21, 1, 9.9, 8, 15.48, 72, 2, 47, -32.5, 4A73502574A73506FEA3EAA176A4AF08D45780
2018-11-09 20:00:00, 45.032556, -60.163730, 2018, 313, 20, 0, 2018, 313, 20, 1, 10.0, 9, 15.48, 60, 3, 48, -32.5, 4A73402584A73406FEAC4AA1929EF009D45780
2018-11-09 19:00:00, 45.037716, -60.160720, 2018, 313, 19, 0, 2018, 313, 19, 1, 10.0, 7, 15.48, 60, 3, 48, -32.5, 4A73302584A73306FEB3CAA1A41EF007D45780
2018-11-09 18:00:00, 45.042360, -60.159258, 2018, 313, 18, 0, 2018, 313, 18, 0, 10.0, 9, 15.48, 42, 2, 48, -32.5, 4A73202584A73202FEBA8AA1AC95B009D45780
2018-11-09 17:00:00, 45.045542, -60.158140, 2018, 313, 17, 0, 2018, 313, 17, 1, 10.0, 7, 15.48, 90, 2, 47, -32.5, 4A73102584A73106FEBF2AA1B32DAF07D45780
2018-11-09 16:00:00, 45.047348, -60.158054, 2018, 313, 16, 0, 2018, 313, 16, 1, 10.0, 7, 15.48, 108, 3, 47, -32.5, 4A73002584A73006FEC1CAA1B3B6EF07D45780
2018-11-09 15:00:00, 45.048036, -60.159430, 2018, 313, 15, 0, 2018, 313, 15, 1, 10.0, 13, 15.48, 72, 2, 48, -32.5, 4A72F02584A72F06FEC2CAA1ABA4B00DD45780
2018-11-09 14:00:00, 45.047606, -60.160634, 2018, 313, 14, 0, 2018, 313, 14, 1, 10.0, 10, 15.48, 74, 2, 46, -32.5, 4A72E02584A72E06FEC22AA1A4A5AE0AD45780
2018-11-09 13:00:00, 45.047348, -60.158484, 2018, 313, 13, 0, 2018, 313, 13, 1, 10.0, 10, 15.48, 58, 3, 46, -32.5, 4A72D02584A72D06FEC1CAA1B11DEE0AD45780
2018-11-09 12:00:00, 45.047692, -60.154872, 2018, 313, 12, 0, 2018, 313, 12, 0, 10.0, 7, 15.48, 48, 3, 48, -32.5, 4A72C02584A72C02FEC24AA1C618F007D45780
2018-11-09 11:00:00, 45.048122, -60.149454, 2018, 313, 11, 0, 2018, 313, 11, 1, 10.0, 10, 15.48, 60, 2, 45, -32.5, 4A72B02584A72B06FEC2EAA1E59EAD0AD45780
2018-11-09 10:00:00, 45.051046, -60.143434, 2018, 313, 10, 0, 2018, 313, 10, 0, 10.0, 8, 15.48, 48, 3, 48, -32.5, 4A72A02584A72A02FEC72AA20898F008D45780
2018-11-09 09:00:00, 45.055604, -60.139392, 2018, 313, 9, 0, 2018, 313, 9, 1, 9.9, 7, 15.48, 84, 3, 47, -32.5, 4A72902574A72906FECDCAA2202AEF07D45780
2018-11-09 08:00:00, 45.060506, -60.136554, 2018, 313, 8, 0, 2018, 313, 8, 2, 9.9, 6, 15.48, 138, 3, 48, -32.5, 4A72802574A7280AFED4EAA230C5F006D45780
2018-11-09 07:00:00, 45.065322, -60.135436, 2018, 313, 7, 0, 2018, 313, 7, 1, 9.9, 7, 15.48, 54, 2, 45, -32.5, 4A72702574A72706FEDBEAA2371BAD07D45780
2018-11-09 06:00:00, 45.068676, -60.136124, 2018, 313, 6, 0, 2018, 313, 6, 1, 9.9, 7, 15.48, 78, 2, 47, -32.5, 4A72602574A72606FEE0CAA23327AF07D45780
2018-11-09 05:00:00, 45.070826, -60.136984, 2018, 313, 5, 0, 2018, 313, 5, 0, 9.9, 11, 15.48, 34, 2, 48, -32.5, 4A72502574A72502FEE3EAA22E11B00BD45780
2018-11-09 04:00:00, 45.073062, -60.137500, 2018, 313, 4, 0, 2018, 313, 4, 1, 9.9, 8, 15.48, 72, 3, 47, -32.5, 4A72402574A72406FEE72AA22B24EF08D45780
2018-11-09 03:00:00, 45.075384, -60.138016, 2018, 313, 3, 0, 2018, 313, 3, 0, 9.9, 8, 15.48, 42, 3, 46, -32.5, 4A72302574A72302FEEA8AA22815EE08D45780
2018-11-09 02:00:00, 45.077018, -60.138360, 2018, 313, 2, 0, 2018, 313, 2, 1, 9.9, 15, 15.48, 52, 3, 47, -32.5, 4A72202574A72206FEECEAA2261AEF0FD45780
2018-11-09 01:00:00, 45.078480, -60.137328, 2018, 313, 1, 0, 2018, 313, 1, 2, 9.9, 10, 15.48, 160, 3, 45, -32.5, 4A72102574A7210AFEEF0AA22C50ED0AD45780
2018-11-09 00:00:00, 45.078738, -60.135006, 2018, 313, 0, 0, 2018, 313, 0, 1, 9.9, 9, 15.48, 84, 2, 47, -32.5, 4A72002574A72006FEEF6AA239AAAF09D45780
2018-11-08 23:00:00, 45.079512, -60.129416, 2018, 312, 23, 0, 2018, 312, 23, 1, 9.9, 10, 15.48, 74, 3, 47, -32.5, 4A71702574A71706FEF08AA25A25EF0AD45780
2018-11-08 22:00:00, 45.081232, -60.121676, 2018, 312, 22, 0, 2018, 312, 22, 1, 9.9, 6, 15.48, 58, 2, 48, -32.5, 4A71602574A71606FEF30AA2871DB006D45780
2018-11-08 21:00:00, 45.083468, -60.112818, 2018, 312, 21, 0, 2018, 312, 21, 1, 10.0, 6, 15.48, 72, 2, 48, -32.5, 4A71502584A71506FEF64AA2BAA4B006D45780
2018-11-08 20:00:00, 45.087768, -60.105766, 2018, 312, 20, 0, 2018, 312, 20, 0, 10.0, 11, 15.48, 48, 3, 47, -32.5, 4A71402584A71402FEFC8AA2E398EF0BD45780
2018-11-08 19:00:00, 45.094046, -60.101896, 2018, 312, 19, 0, 2018, 312, 19, 0, 10.0, 9, 15.48, 24, 3, 48, -32.5, 4A71302584A71302FF05AAA2FA0CF009D45780
2018-11-08 18:00:00, 45.101872, -60.102412, 2018, 312, 18, 0, 2018, 312, 18, 1, 10.0, 6, 15.48, 52, 2, 49, -32.5, 4A71202584A71206FF110AA2F71AB106D45780
2018-11-08 17:00:00, 45.109526, -60.108088, 2018, 312, 17, 0, 2018, 312, 17, 1, 10.0, 6, 15.48, 56, 3, 48, -32.5, 4A71102584A71106FF1C2AA2D61CF006D45780
2018-11-08 16:00:00, 45.117524, -60.118666, 2018, 312, 16, 0, 2018, 312, 16, 0, 10.0, 9, 15.48, 48, 2, 47, -32.5, 4A71002584A71002FF27CAA29898AF09D45780
2018-11-08 15:00:00, 45.123802, -60.133802, 2018, 312, 15, 0, 2018, 312, 15, 1, 10.0, 7, 15.48, 84, 2, 48, -32.5, 4A70F02584A70F06FF30EAA240AAB007D45780
2018-11-08 14:00:00, 45.127844, -60.151518, 2018, 312, 14, 0, 2018, 312, 14, 1, 10.0, 6, 15.48, 88, 3, 47, -32.5, 4A70E02584A70E06FF36CAA1D9ACEF06D45780
2018-11-08 13:00:00, 45.128618, -60.170094, 2018, 312, 13, 0, 2018, 312, 13, 1, 10.0, 7, 15.48, 58, 2, 46, -32.5, 4A70D02584A70D06FF37EAA16D9DAE07D45780
2018-11-08 12:00:00, 45.126554, -60.186520, 2018, 312, 12, 0, 2018, 312, 12, 2, 10.0, 11, 15.48, 124, 3, 48, -32.5, 4A70C02584A70C0AFF34EAA10E3EF00BD45780
2018-11-08 11:00:00, 45.122598, -60.199678, 2018, 312, 11, 0, 2018, 312, 11, 2, 10.0, 7, 15.48, 132, 2, 47, -32.5, 4A70B02584A70B0AFF2F2AA0C1C2AF07D45780
2018-11-08 10:00:00, 45.117696, -60.208020, 2018, 312, 10, 0, 2018, 312, 10, 1, 10.0, 7, 15.48, 88, 2, 39, -32.5, 4A70A02584A70A06FF280AA0912CA707D45780
2018-11-08 09:00:00, 45.112966, -60.210600, 2018, 312, 9, 0, 2018, 312, 9, 1, 10.0, 10, 15.48, 84, 2, 47, -32.5, 4A70902584A70906FF212AA0822AAF0AD45780
2018-11-08 08:00:00, 45.108752, -60.209998, 2018, 312, 8, 0, 2018, 312, 8, 1, 10.0, 11, 15.48, 54, 3, 48, -32.5, 4A70802584A70806FF1B0AA0859BF00BD45780
2018-11-08 07:00:00, 45.106172, -60.207246, 2018, 312, 7, 0, 2018, 312, 7, 1, 10.0, 9, 15.48, 54, 2, 47, -32.5, 4A70702584A70706FF174AA0959BAF09D45780
2018-11-08 06:00:00, 45.104796, -60.203720, 2018, 312, 6, 0, 2018, 312, 6, 1, 10.0, 7, 15.48, 72, 2, 48, -32.5, 4A70602584A70606FF154AA0AA24B007D45780
2018-11-08 05:00:00, 45.107634, -60.201742, 2018, 312, 5, 0, 2018, 312, 5, 2, 10.0, 7, 15.48, 144, 2, 48, -32.5, 4A70502584A7050AFF196AA0B5C8B007D45780
2018-11-08 04:00:00, 45.112880, -60.200452, 2018, 312, 4, 0, 2018, 312, 4, 1, 10.0, 7, 15.48, 54, 3, 48, -32.5, 4A70402584A70406FF210AA0BD1BF007D45780
2018-11-08 03:00:00, 45.118298, -60.202000, 2018, 312, 3, 0, 2018, 312, 3, 1, 10.0, 11, 15.48, 54, 2, 45, -32.5, 4A70302584A70306FF28EAA0B41BAD0BD45780
2018-11-08 02:00:00, 45.123888, -60.205870, 2018, 312, 2, 0, 2018, 312, 2, 1, 10.0, 7, 15.48, 52, 3, 47, -32.5, 4A70202584A70206FF310AA09D9AEF07D45780
2018-11-08 01:00:00, 45.128790, -60.210772, 2018, 312, 1, 0, 2018, 312, 1, 0, 10.0, 20, 15.48, 42, 2, 46, -32.5, 4A70102584A70102FF382AA08115AE14D45780
2018-11-08 00:00:00, 45.133434, -60.217566, 2018, 312, 0, 0, 2018, 312, 0, 0, 10.1, 7, 15.48, 48, 3, 48, -32.5, 4A70002594A70002FF3EEAA05998F007D45780
2018-11-07 23:00:00, 45.137390, -60.225220, 2018, 311, 23, 0, 2018, 311, 23, 1, 10.1, 8, 15.48, 78, 2, 48, -32.5, 4A6F702594A6F706FF44AAA02D27B008D45780
2018-11-07 22:00:00, 45.139970, -60.232014, 2018, 311, 22, 0, 2018, 311, 22, 1, 10.1, 10, 15.48, 64, 2, 47, -32.5, 4A6F602594A6F606FF486AA005A0AF0AD45780
2018-11-07 21:00:00, 45.141604, -60.237776, 2018, 311, 21, 0, 2018, 311, 21, 1, 10.1, 9, 15.48, 84, 2, 47, -32.5, 4A6F502594A6F506FF4ACA9FE42AAF09D45780
2018-11-07 20:00:00, 45.142980, -60.242248, 2018, 311, 20, 0, 2018, 311, 20, 1, 10.1, 7, 15.48, 102, 3, 48, -32.5, 4A6F402594A6F406FF4CCA9FCA33F007D45780
2018-11-07 19:00:00, 45.143496, -60.246118, 2018, 311, 19, 0, 2018, 311, 19, 1, 10.1, 7, 15.48, 88, 2, 48, -32.5, 4A6F302594A6F306FF4D8A9FB3ACB007D45780
2018-11-07 18:00:00, 45.144786, -60.253514, 2018, 311, 18, 0, 2018, 311, 18, 1, 10.1, 8, 15.48, 56, 2, 48, -32.5, 4A6F202594A6F206FF4F6A9F889CB008D45780
2018-11-07 17:00:00, 45.145216, -60.263404, 2018, 311, 17, 0, 2018, 311, 17, 1, 10.1, 8, 15.56, 78, 2, 48, -32.5, 4A6F102594A6F106FF500A9F4F27B008D65780
2018-11-07 16:00:00, 45.144270, -60.273810, 2018, 311, 16, 0, 2018, 311, 16, 0, 10.1, 9, 15.56, 46, 2, 47, -32.5, 4A6F002594A6F002FF4EAA9F1297AF09D65780
2018-11-07 15:00:00, 45.142292, -60.283872, 2018, 311, 15, 0, 2018, 311, 15, 0, 10.1, 10, 15.56, 42, 3, 48, -32.5, 4A6EF02594A6EF02FF4BCA9ED815F00AD65780
2018-11-07 14:00:00, 45.139454, -60.291698, 2018, 311, 14, 0, 2018, 311, 14, 0, 10.1, 8, 15.56, 48, 2, 48, -32.5, 4A6EE02594A6EE02FF47AA9EAA98B008D65780
2018-11-07 13:00:00, 45.135498, -60.297288, 2018, 311, 13, 0, 2018, 311, 13, 1, 10.1, 13, 15.56, 108, 2, 46, -32.5, 4A6ED02594A6ED06FF41EA9E8A36AE0DD65780
2018-11-07 12:00:00, 45.131284, -60.300298, 2018, 311, 12, 0, 2018, 311, 12, 0, 10.1, 8, 15.56, 30, 3, 47, -32.5, 4A6EC02594A6EC02FF3BCA9E788FEF08D65780
2018-11-07 11:00:00, 45.128016, -60.301502, 2018, 311, 11, 0, 2018, 311, 11, 1, 10.1, 8, 15.56, 106, 2, 47, -32.5, 4A6EB02594A6EB06FF370A9E71B5AF08D65780
2018-11-07 10:00:00, 45.125866, -60.300900, 2018, 311, 10, 0, 2018, 311, 10, 1, 10.1, 9, 15.56, 84, 2, 47, -32.5, 4A6EA02594A6EA06FF33EA9E752AAF09D65780
2018-11-07 09:00:00, 45.125694, -60.299954, 2018, 311, 9, 0, 2018, 311, 9, 1, 10.1, 11, 15.56, 72, 2, 47, -32.5, 4A6E902594A6E906FF33AA9E7AA4AF0BD65780
2018-11-07 08:00:00, 45.126640, -60.297804, 2018, 311, 8, 0, 2018, 311, 8, 1, 10.1, 7, 15.56, 104, 3, 46, -32.5, 4A6E802594A6E806FF350A9E8734EE07D65780
2018-11-07 07:00:00, 45.128704, -60.297288, 2018, 311, 7, 0, 2018, 311, 7, 0, 10.1, 8, 15.56, 48, 2, 47, -32.5, 4A6E702594A6E702FF380A9E8A18AF08D65780
2018-11-07 06:00:00, 45.130510, -60.297976, 2018, 311, 6, 0, 2018, 311, 6, 1, 10.0, 6, 15.56, 52, 2, 47, -32.5, 4A6E602584A6E606FF3AAA9E861AAF06D65780
2018-11-07 05:00:00, 45.132316, -60.301330, 2018, 311, 5, 0, 2018, 311, 5, 1, 10.0, 7, 15.56, 70, 3, 47, -32.5, 4A6E502584A6E506FF3D4A9E72A3EF07D65780
2018-11-07 04:00:00, 45.133262, -60.306576, 2018, 311, 4, 0, 2018, 311, 4, 1, 9.9, 8, 15.56, 72, 3, 46, -32.5, 4A6E402574A6E406FF3EAA9E5424EE08D65780
2018-11-07 03:00:00, 45.132832, -60.314230, 2018, 311, 3, 0, 2018, 311, 3, 0, 9.8, 7, 15.56, 24, 2, 46, -32.4, 4A6E302564A6E302FF3E0A9E278CAE07D65800
2018-11-07 02:00:00, 45.130940, -60.322056, 2018, 311, 2, 0, 2018, 311, 2, 0, 9.8, 10, 15.56, 24, 2, 48, -32.4, 4A6E202564A6E202FF3B4A9DFA0CB00AD65800
2018-11-07 01:00:00, 45.126726, -60.326786, 2018, 311, 1, 0, 2018, 311, 1, 0, 9.8, 6, 15.56, 24, 2, 47, -32.4, 4A6E102564A6E102FF352A9DDE8CAF06D65800
2018-11-07 00:00:00, 45.119244, -60.328936, 2018, 311, 0, 0, 2018, 311, 0, 0, 9.8, 9, 15.56, 48, 3, 47, -32.4, 4A6E002564A6E002FF2A4A9DD218EF09D65800
2018-11-06 23:00:00, 45.109096, -60.324120, 2018, 310, 23, 0, 2018, 310, 23, 1, 9.8, 9, 15.56, 88, 3, 47, -32.4, 4A6D702564A6D706FF1B8A9DEE2CEF09D65800
2018-11-06 22:00:00, 45.101098, -60.313972, 2018, 310, 22, 0, 2018, 310, 22, 1, 9.9, 9, 15.56, 76, 2, 48, -32.4, 4A6D602574A6D606FF0FEA9E2926B009D65800
2018-11-06 21:00:00, 45.093530, -60.297890, 2018, 310, 21, 0, 2018, 310, 21, 1, 10.0, 7, 15.56, 72, 2, 47, -32.4, 4A6D502584A6D506FF04EA9E86A4AF07D65800
2018-11-06 20:00:00, 45.088456, -60.277164, 2018, 310, 20, 0, 2018, 310, 20, 0, 10.0, 7, 15.56, 24, 3, 49, -32.4, 4A6D402584A6D402FEFD8A9EFF0CF107D65800
2018-11-06 19:00:00, 45.087940, -60.257556, 2018, 310, 19, 0, 2018, 310, 19, 1, 10.1, 11, 15.56, 54, 3, 48, -32.4, 4A6D302594A6D306FEFCCA9F711BF00BD65800
2018-11-06 18:00:00, 45.089058, -60.241818, 2018, 310, 18, 0, 2018, 310, 18, 1, 10.1, 7, 15.56, 54, 3, 49, -32.4, 4A6D202594A6D206FEFE6A9FCC9BF107D65800
2018-11-06 17:00:00, 45.091294, -60.232444, 2018, 310, 17, 0, 2018, 310, 17, 2, 10.1, 7, 15.56, 144, 2, 48, -32.4, 4A6D102594A6D10AFF01AAA00348B007D65800
2018-11-06 16:00:00, 45.094390, -60.227284, 2018, 310, 16, 0, 2018, 310, 16, 1, 10.1, 7, 15.56, 84, 3, 48, -32.5, 4A6D002594A6D006FF062AA0212AF007D65780
2018-11-06 15:00:00, 45.098002, -60.225134, 2018, 310, 15, 0, 2018, 310, 15, 1, 10.1, 11, 15.56, 54, 2, 48, -32.4, 4A6CF02594A6CF06FF0B6AA02D9BB00BD65800
2018-11-06 14:00:00, 45.098948, -60.227456, 2018, 310, 14, 0, 2018, 310, 14, 1, 10.1, 12, 15.56, 54, 3, 47, -32.5, 4A6CE02594A6CE06FF0CCAA0201BEF0CD65780
2018-11-06 13:00:00, 45.098346, -60.230810, 2018, 310, 13, 0, 2018, 310, 13, 0, 10.1, 8, 15.56, 24, 2, 48, -32.5, 4A6CD02594A6CD02FF0BEAA00C8CB008D65780
2018-11-06 12:00:00, 45.096540, -60.234336, 2018, 310, 12, 0, 2018, 310, 12, 0, 10.1, 8, 15.56, 42, 3, 47, -32.5, 4A6CC02594A6CC02FF094A9FF815EF08D65780
2018-11-06 11:00:00, 45.093530, -60.237518, 2018, 310, 11, 0, 2018, 310, 11, 0, 10.1, 8, 15.56, 24, 2, 48, -32.4, 4A6CB02594A6CB02FF04EA9FE58CB008D65800
2018-11-06 10:00:00, 45.089660, -60.237948, 2018, 310, 10, 0, 2018, 310, 10, 0, 10.1, 9, 15.56, 30, 3, 47, -32.4, 4A6CA02594A6CA02FEFF4A9FE30FEF09D65800
2018-11-06 09:00:00, 45.086306, -60.234938, 2018, 310, 9, 0, 2018, 310, 9, 1, 10.1, 7, 15.56, 84, 2, 46, -32.4, 4A6C902594A6C906FEFA6A9FF4AAAE07D65800
2018-11-06 08:00:00, 45.083382, -60.230036, 2018, 310, 8, 0, 2018, 310, 8, 0, 10.1, 7, 15.56, 24, 2, 49, -32.4, 4A6C802594A6C802FEF62AA0110CB107D65800
2018-11-06 07:00:00, 45.081318, -60.224016, 2018, 310, 7, 0, 2018, 310, 7, 1, 10.1, 7, 15.56, 54, 2, 47, -32.4, 4A6C702594A6C706FEF32AA0341BAF07D65800
2018-11-06 06:00:00, 45.078910, -60.217136, 2018, 310, 6, 0, 2018, 310, 6, 0, 10.1, 10, 15.56, 26, 2, 48, -32.4, 4A6C602594A6C602FEEFAAA05C0DB00AD65800
2018-11-06 05:00:00, 45.077620, -60.208880, 2018, 310, 5, 0, 2018, 310, 5, 0, 10.1, 10, 15.56, 24, 2, 47, -32.4, 4A6C502594A6C502FEEDCAA08C0CAF0AD65800
2018-11-06 04:00:00, 45.076330, -60.201140, 2018, 310, 4, 0, 2018, 310, 4, 1, 10.1, 7, 15.56, 54, 2, 47, -32.4, 4A6C402594A6C406FEEBEAA0B91BAF07D65800
2018-11-06 03:00:00, 45.074524, -60.194260, 2018, 310, 3, 0, 2018, 310, 3, 0, 10.1, 8, 15.56, 24, 2, 47, -32.4, 4A6C302594A6C302FEE94AA0E10CAF08D65800
2018-11-06 02:00:00, 45.072460, -60.186262, 2018, 310, 2, 0, 2018, 310, 2, 0, 10.1, 9, 15.56, 34, 2, 48, -32.4, 4A6C202594A6C202FEE64AA10F91B009D65800
2018-11-06 01:00:00, 45.070052, -60.176114, 2018, 310, 1, 0, 2018, 310, 1, 0, 10.1, 10, 15.56, 24, 2, 47, -32.4, 4A6C102594A6C102FEE2CAA14A8CAF0AD65800
2018-11-06 00:00:00, 45.069880, -60.163472, 2018, 310, 0, 0, 2018, 310, 0, 0, 10.1, 7, 15.56, 24, 2, 48, -32.4, 4A6C002594A6C002FEE28AA1940CB007D65800
2018-11-05 23:00:00, 45.072460, -60.149798, 2018, 309, 23, 0, 2018, 309, 23, 0, 10.1, 11, 15.56, 24, 2, 48, -32.4, 4A6B702594A6B702FEE64AA1E38CB00BD65800
2018-11-05 22:00:00, 45.076588, -60.138704, 2018, 309, 22, 0, 2018, 309, 22, 0, 10.1, 9, 15.56, 24, 2, 48, -32.4, 4A6B602594A6B602FEEC4AA2240CB009D65800
2018-11-05 21:00:00, 45.081576, -60.129502, 2018, 309, 21, 0, 2018, 309, 21, 0, 10.1, 7, 15.56, 24, 3, 48, -32.4, 4A6B502594A6B502FEF38AA2598CF007D65800
2018-11-05 20:00:00, 45.086478, -60.120214, 2018, 309, 20, 0, 2018, 309, 20, 0, 10.1, 10, 15.56, 24, 3, 48, -32.4, 4A6B402594A6B402FEFAAAA28F8CF00AD65800
2018-11-05 19:00:00, 45.090950, -60.108862, 2018, 309, 19, 0, 2018, 309, 19, 0, 10.1, 10, 15.56, 24, 3, 48, -32.4, 4A6B302594A6B302FF012AA2D18CF00AD65800
2018-11-05 18:00:00, 45.093616, -60.098714, 2018, 309, 18, 0, 2018, 309, 18, 0, 10.1, 8, 15.56, 24, 2, 50, -32.4, 4A6B202594A6B202FF050AA30C8CB208D65800
2018-11-05 17:00:00, 45.096798, -60.088050, 2018, 309, 17, 0, 2018, 309, 17, 0, 10.1, 8, 15.56, 30, 2, 48, -32.4, 4A6B102594A6B102FF09AAA34A8FB008D65800
2018-11-05 16:00:00, 45.099292, -60.078848, 2018, 309, 16, 0, 2018, 309, 16, 0, 10.1, 9, 15.56, 28, 3, 48, -32.4, 4A6B002594A6B002FF0D4AA3800EF009D65800
2018-11-05 15:00:00, 45.101270, -60.070850, 2018, 309, 15, 0, 2018, 309, 15, 0, 10.1, 7, 15.56, 48, 2, 48, -32.4, 4A6AF02594A6AF02FF102AA3AE98B007D65800
2018-11-05 14:00:00, 45.102302, -60.062766, 2018, 309, 14, 0, 2018, 309, 14, 0, 10.1, 6, 15.56, 24, 2, 48, -32.4, 4A6AE02594A6AE02FF11AAA3DD8CB006D65800
2018-11-05 13:00:00, 45.102560, -60.054166, 2018, 309, 13, 0, 2018, 309, 13, 0, 10.1, 7, 15.56, 24, 2, 48, -32.4, 4A6AD02594A6AD02FF120AA40F8CB007D65800
2018-11-05 12:00:00, 45.102646, -60.045394, 2018, 309, 12, 0, 2018, 309, 12, 1, 10.1, 9, 15.56, 54, 3, 48, -32.4, 4A6AC02594A6AC06FF122AA4429BF009D65800
2018-11-05 11:00:00, 45.102388, -60.036278, 2018, 309, 11, 0, 2018, 309, 11, 0, 10.1, 10, 15.56, 34, 3, 47, -32.4, 4A6AB02594A6AB02FF11CAA47791EF0AD65800
2018-11-05 10:00:00, 45.102130, -60.025356, 2018, 309, 10, 0, 2018, 309, 10, 1, 10.1, 7, 15.56, 78, 2, 48, -32.4, 4A6AA02594A6AA06FF116AA4B727B007D65800
2018-11-05 09:00:00, 45.102990, -60.013316, 2018, 309, 9, 0, 2018, 309, 9, 0, 10.1, 10, 15.56, 24, 3, 48, -32.4, 4A6A902594A6A902FF12AAA4FD0CF00AD65800
2018-11-05 08:00:00, 45.105484, -60.000244, 2018, 309, 8, 0, 2018, 309, 8, 1, 10.2, 7, 15.56, 64, 3, 48, -32.4, 4A6A8025A4A6A806FF164AA54920F007D65800
2018-11-05 07:00:00, 45.109268, -59.986742, 2018, 309, 7, 0, 2018, 309, 7, 0, 10.2, 7, 15.56, 24, 3, 47, -32.4, 4A6A7025A4A6A702FF1BCAA5978CEF07D65800
2018-11-05 06:00:00, 45.114256, -59.976078, 2018, 309, 6, 0, 2018, 309, 6, 1, 10.2, 9, 15.56, 84, 2, 49, -32.4, 4A6A6025A4A6A606FF230AA5D5AAB109D65800
2018-11-05 05:00:00, 45.120792, -59.968854, 2018, 309, 5, 0, 2018, 309, 5, 1, 10.2, 7, 15.56, 72, 3, 47, -32.4, 4A6A5025A4A6A506FF2C8AA5FFA4EF07D65800
2018-11-05 04:00:00, 45.126124, -59.967306, 2018, 309, 4, 0, 2018, 309, 4, 1, 10.2, 9, 15.56, 106, 2, 46, -32.4, 4A6A4025A4A6A406FF344AA608B5AE09D65800
2018-11-05 03:00:00, 45.132574, -59.970316, 2018, 309, 3, 0, 2018, 309, 3, 1, 10.2, 7, 15.56, 96, 3, 46, -32.4, 4A6A3025A4A6A306FF3DAAA5F730EE07D65800
2018-11-05 02:00:00, 45.138336, -59.975390, 2018, 309, 2, 0, 2018, 309, 2, 1, 10.3, 9, 15.56, 108, 3, 47, -32.4, 4A6A2025B4A6A206FF460AA5D9B6EF09D65800
2018-11-05 01:00:00, 45.141346, -59.983216, 2018, 309, 1, 0, 2018, 309, 1, 1, 10.3, 9, 15.56, 78, 2, 47, -32.4, 4A6A1025B4A6A106FF4A6AA5AC27AF09D65800
2018-11-05 00:00:00, 45.142378, -59.992160, 2018, 309, 0, 0, 2018, 309, 0, 1, 10.3, 8, 15.56, 110, 3, 47, -32.4, 4A6A0025B4A6A006FF4BEAA57837EF08D65800
2018-11-04 23:00:00, 45.140744, -60.000588, 2018, 308, 23, 0, 2018, 308, 23, 1, 10.4, 9, 15.56, 100, 3, 47, -32.4, 4A697025C4A69706FF498AA54732EF09D65800
2018-11-04 22:00:00, 45.138680, -60.007296, 2018, 308, 22, 0, 2018, 308, 22, 3, 10.4, 11, 15.56, 170, 2, 48, -32.4, 4A696025C4A6960EFF468AA52055B00BD65800
2018-11-04 21:00:00, 45.136702, -60.010392, 2018, 308, 21, 0, 2018, 308, 21, 1, 10.4, 7, 15.56, 72, 2, 48, -32.4, 4A695025C4A69506FF43AAA50E24B007D65800
2018-11-04 20:00:00, 45.134982, -60.009790, 2018, 308, 20, 0, 2018, 308, 20, 2, 10.4, 10, 15.56, 142, 2, 47, -32.4, 4A694025C4A6940AFF412AA511C7AF0AD65800
2018-11-04 19:00:00, 45.133950, -60.005834, 2018, 308, 19, 0, 2018, 308, 19, 1, 10.4, 9, 15.56, 102, 3, 47, -32.4, 4A693025C4A69306FF3FAAA528B3EF09D65800
2018-11-04 18:00:00, 45.133692, -60.000330, 2018, 308, 18, 0, 2018, 308, 18, 1, 10.2, 6, 15.56, 90, 3, 49, -32.4, 4A692025A4A69206FF3F4AA548ADF106D65800
2018-11-04 17:00:00, 45.133778, -59.994826, 2018, 308, 17, 0, 2018, 308, 17, 1, 10.3, 11, 15.56, 82, 2, 46, -32.4, 4A691025B4A69106FF3F6AA568A9AE0BD65800
2018-11-04 16:00:00, 45.136444, -59.991730, 2018, 308, 16, 0, 2018, 308, 16, 2, 10.4, 10, 15.56, 138, 3, 48, -32.4, 4A690025C4A6900AFF434AA57AC5F00AD65800
2018-11-04 15:00:00, 45.142636, -59.989580, 2018, 308, 15, 0, 2018, 308, 15, 1, 10.5, 8, 15.56, 60, 3, 46, -32.4, 4A68F025D4A68F06FF4C4AA5871EEE08D65800
2018-11-04 14:00:00, 45.151150, -59.991988, 2018, 308, 14, 0, 2018, 308, 14, 0, 10.5, 15, 15.56, 46, 2, 47, -32.4, 4A68E025D4A68E02FF58AAA57917AF0FD65800
2018-11-04 13:00:00, 45.160094, -59.999470, 2018, 308, 13, 0, 2018, 308, 13, 0, 10.5, 9, 15.56, 46, 2, 47, -32.4, 4A68D025D4A68D02FF65AAA54D97AF09D65800
2018-11-04 12:00:00, 45.168866, -60.011940, 2018, 308, 12, 0, 2018, 308, 12, 2, 10.5, 10, 15.56, 138, 3, 46, -32.4, 4A68C025D4A68C0AFF726AA50545EE0AD65800
2018-11-04 11:00:00, 45.176348, -60.028108, 2018, 308, 11, 0, 2018, 308, 11, 1, 10.4, 6, 15.56, 108, 3, 48, -32.4, 4A68B025C4A68B06FF7D4AA4A736F006D65800
2018-11-04 10:00:00, 45.182368, -60.048662, 2018, 308, 10, 0, 2018, 308, 10, 0, 10.4, 7, 15.56, 48, 2, 48, -32.4, 4A68A025C4A68A02FF860AA42F98B007D65800
2018-11-04 09:00:00, 45.187442, -60.072914, 2018, 308, 9, 0, 2018, 308, 9, 0, 10.3, 7, 15.56, 42, 2, 49, -32.4, 4A689025B4A68902FF8D6AA3A295B107D65800
2018-11-04 08:00:00, 45.192172, -60.098628, 2018, 308, 8, 0, 2018, 308, 8, 0, 10.2, 8, 15.56, 48, 3, 49, -32.4, 4A688025A4A68802FF944AA30D18F108D65800
2018-11-04 07:00:00, 45.193720, -60.121934, 2018, 308, 7, 0, 2018, 308, 7, 0, 10.2, 6, 15.56, 24, 3, 48, -32.4, 4A687025A4A68702FF968AA2858CF006D65800
2018-11-04 06:00:00, 45.192086, -60.142058, 2018, 308, 6, 0, 2018, 308, 6, 0, 10.1, 11, 15.56, 24, 3, 49, -32.4, 4A68602594A68602FF942AA2108CF10BD65800
2018-11-04 05:00:00, 45.189506, -60.160204, 2018, 308, 5, 0, 2018, 308, 5, 1, 10.1, 7, 15.56, 54, 2, 48, -32.4, 4A68502594A68506FF906AA1A71BB007D65800
2018-11-04 04:00:00, 45.186066, -60.173706, 2018, 308, 4, 0, 2018, 308, 4, 1, 10.0, 9, 15.56, 54, 2, 47, -32.4, 4A68402584A68406FF8B6AA1589BAF09D65800
2018-11-04 03:00:00, 45.183830, -60.184456, 2018, 308, 3, 0, 2018, 308, 3, 0, 10.0, 7, 15.56, 24, 2, 48, -32.4, 4A68302584A68302FF882AA11A0CB007D65800
2018-11-04 02:00:00, 45.182110, -60.194346, 2018, 308, 2, 0, 2018, 308, 2, 0, 10.0, 7, 15.56, 24, 2, 48, -32.4, 4A68202584A68202FF85AAA0E08CB007D65800
2018-11-04 01:00:00, 45.179616, -60.202774, 2018, 308, 1, 0, 2018, 308, 1, 1, 10.1, 7, 15.56, 54, 2, 47, -32.4, 4A68102594A68106FF820AA0AF9BAF07D65800
2018-11-04 00:00:00, 45.179702, -60.212836, 2018, 308, 0, 0, 2018, 308, 0, 0, 10.1, 6, 15.56, 24, 3, 48, -32.4, 4A68002594A68002FF822AA0750CF006D65800
2018-11-03 23:00:00, 45.180132, -60.224360, 2018, 307, 23, 0, 2018, 307, 23, 0, 10.1, 9, 15.56, 24, 2, 48, -32.4, 4A67702594A67702FF82CAA0320CB009D65800
2018-11-03 22:00:00, 45.178842, -60.237432, 2018, 307, 22, 0, 2018, 307, 22, 0, 10.1, 10, 15.56, 24, 2, 48, -32.4, 4A67602594A67602FF80EA9FE60CB00AD65800
2018-11-03 21:00:00, 45.176348, -60.250504, 2018, 307, 21, 0, 2018, 307, 21, 0, 10.0, 7, 15.56, 24, 2, 48, -32.4, 4A67502584A67502FF7D4A9F9A0CB007D65800
2018-11-03 20:00:00, 45.172048, -60.263060, 2018, 307, 20, 0, 2018, 307, 20, 0, 9.9, 7, 15.56, 24, 2, 49, -32.4, 4A67402574A67402FF770A9F510CB107D65800
2018-11-03 19:00:00, 45.165426, -60.273466, 2018, 307, 19, 0, 2018, 307, 19, 0, 9.7, 9, 15.56, 24, 2, 49, -32.4, 4A67302554A67302FF6D6A9F148CB109D65800
2018-11-03 18:00:00, 45.158460, -60.281292, 2018, 307, 18, 0, 2018, 307, 18, 0, 9.5, 11, 15.56, 24, 2, 50, -32.4, 4A67202534A67202FF634A9EE70CB20BD65800
2018-11-03 17:00:00, 45.150892, -60.285506, 2018, 307, 17, 0, 2018, 307, 17, 0, 9.3, 10, 15.56, 24, 2, 48, -32.4, 4A67102514A67102FF584A9ECE8CB00AD65800
2018-11-03 16:00:00, 45.144012, -60.287140, 2018, 307, 16, 0, 2018, 307, 16, 0, 9.2, 7, 15.56, 24, 2, 48, -32.4, 4A67002504A67002FF4E4A9EC50CB007D65800
2018-11-03 15:00:00, 45.137992, -60.286710, 2018, 307, 15, 0, 2018, 307, 15, 0, 9.0, 7, 15.56, 24, 2, 48, -32.4, 4A66F024E4A66F02FF458A9EC78CB007D65800
2018-11-03 14:00:00, 45.133176, -60.285076, 2018, 307, 14, 0, 2018, 307, 14, 0, 8.9, 10, 15.56, 24, 2, 47, -32.4, 4A66E024D4A66E02FF3E8A9ED10CAF0AD65800
2018-11-03 13:00:00, 45.130940, -60.283012, 2018, 307, 13, 0, 2018, 307, 13, 0, 8.8, 9, 15.56, 24, 2, 48, -32.4, 4A66D024C4A66D02FF3B4A9EDD0CB009D65800
2018-11-03 12:00:00, 45.130854, -60.279830, 2018, 307, 12, 0, 2018, 307, 12, 0, 8.9, 7, 15.56, 24, 3, 48, -32.4, 4A66C024D4A66C02FF3B2A9EEF8CF007D65800
2018-11-03 11:00:00, 45.131542, -60.276218, 2018, 307, 11, 0, 2018, 307, 11, 0, 8.9, 10, 15.56, 24, 2, 49, -32.4, 4A66B024D4A66B02FF3C2A9F048CB10AD65800
2018-11-03 10:00:00, 45.134122, -60.271832, 2018, 307, 10, 0, 2018, 307, 10, 0, 9.0, 9, 15.56, 24, 2, 48, -32.4, 4A66A024E4A66A02FF3FEA9F1E0CB009D65800
2018-11-03 09:00:00, 45.137992, -60.268908, 2018, 307, 9, 0, 2018, 307, 9, 0, 9.1, 7, 15.56, 24, 2, 48, -32.4, 4A669024F4A66902FF458A9F2F0CB007D65800
2018-11-03 08:00:00, 45.142636, -60.266930, 2018, 307, 8, 0, 2018, 307, 8, 0, 9.4, 10, 15.56, 24, 2, 49, -32.4, 4A66802524A66802FF4C4A9F3A8CB10AD65800
2018-11-03 07:00:00, 45.147194, -60.265812, 2018, 307, 7, 0, 2018, 307, 7, 0, 9.4, 9, 15.56, 24, 2, 48, -32.4, 4A66702524A66702FF52EA9F410CB009D65800
2018-11-03 06:00:00, 45.150978, -60.265210, 2018, 307, 6, 0, 2018, 307, 6, 0, 9.2, 6, 15.56, 24, 2, 49, -32.4, 4A66602504A66602FF586A9F448CB106D65800
2018-11-03 05:00:00, 45.154934, -60.265124, 2018, 307, 5, 0, 2018, 307, 5, 0, 9.1, 11, 15.56, 24, 2, 49, -32.4, 4A665024F4A66502FF5E2A9F450CB10BD65800
2018-11-03 04:00:00, 45.157772, -60.266242, 2018, 307, 4, 0, 2018, 307, 4, 0, 9.1, 10, 15.56, 24, 2, 47, -32.4, 4A664024F4A66402FF624A9F3E8CAF0AD65800
2018-11-03 03:00:00, 45.159234, -60.267016, 2018, 307, 3, 0, 2018, 307, 3, 0, 9.1, 7, 15.56, 24, 2, 48, -32.4, 4A663024F4A66302FF646A9F3A0CB007D65800
2018-11-03 02:00:00, 45.159320, -60.271574, 2018, 307, 2, 0, 2018, 307, 2, 0, 9.0, 10, 15.56, 24, 2, 48, -32.4, 4A662024E4A66202FF648A9F1F8CB00AD65800
2018-11-03 01:00:00, 45.158976, -60.280432, 2018, 307, 1, 0, 2018, 307, 1, 0, 8.9, 10, 15.56, 26, 2, 48, -32.4, 4A661024D4A66102FF640A9EEC0DB00AD65800
2018-11-03 00:00:00, 45.156052, -60.291956, 2018, 307, 0, 0, 2018, 307, 0, 0, 8.8, 7, 15.56, 24, 2, 48, -32.4, 4A660024C4A66002FF5FCA9EA90CB007D65800
2018-11-02 23:00:00, 45.153042, -60.304168, 2018, 306, 23, 0, 2018, 306, 23, 0, 8.9, 7, 15.56, 24, 2, 48, -32.4, 4A657024D4A65702FF5B6A9E620CB007D65800
2018-11-02 22:00:00, 45.150462, -60.316896, 2018, 306, 22, 0, 2018, 306, 22, 0, 8.9, 8, 15.56, 24, 2, 48, -32.4, 4A656024D4A65602FF57AA9E180CB008D65800
2018-11-02 21:00:00, 45.147538, -60.330226, 2018, 306, 21, 0, 2018, 306, 21, 0, 9.0, 8, 15.56, 24, 2, 48, -32.4, 4A655024E4A65502FF536A9DCA8CB008D65800
2018-11-02 20:00:00, 45.144786, -60.342610, 2018, 306, 20, 0, 2018, 306, 20, 0, 8.9, 10, 15.56, 24, 2, 48, -32.4, 4A654024D4A65402FF4F6A9D828CB00AD65800
2018-11-02 19:00:00, 45.142378, -60.353274, 2018, 306, 19, 0, 2018, 306, 19, 0, 8.8, 9, 15.56, 24, 2, 48, -32.4, 4A653024C4A65302FF4BEA9D448CB009D65800
2018-11-02 18:00:00, 45.140486, -60.360928, 2018, 306, 18, 0, 2018, 306, 18, 0, 8.8, 9, 15.56, 24, 2, 49, -32.3, 4A652024C4A65202FF492A9D180CB109D65880
2018-11-02 17:00:00, 45.138594, -60.367034, 2018, 306, 17, 0, 2018, 306, 17, 0, 8.8, 8, 15.56, 24, 2, 48, -32.4, 4A651024C4A65102FF466A9CF48CB008D65800
2018-11-02 16:50:00, 45.138250, -60.367722, 2018, 306, 16, 50, 2018, 306, 16, 50, 8.8, 7, 15.56, 24, 2, 48, -32.4, 4A650CA4C4A650CAFF45EA9CF08CB007D65800
2018-11-02 16:40:00, 45.137820, -60.368410, 2018, 306, 16, 40, 2018, 306, 16, 40, 8.8, 7, 15.56, 24, 2, 48, -32.4, 4A650A24C4A650A2FF454A9CEC8CB007D65800
2018-11-02 16:30:00, 45.137476, -60.369098, 2018, 306, 16, 30, 2018, 306, 16, 30, 8.8, 7, 15.56, 24, 2, 48, -32.4, 4A6507A4C4A6507AFF44CA9CE88CB007D65800
2018-11-02 16:20:00, 45.137046, -60.369614, 2018, 306, 16, 20, 2018, 306, 16, 20, 8.7, 9, 15.56, 24, 2, 48, -32.4, 4A650524B4A65052FF442A9CE58CB009D65800
2018-11-02 16:10:00, 45.136616, -60.370216, 2018, 306, 16, 10, 2018, 306, 16, 10, 8.7, 8, 15.56, 24, 2, 48, -32.4, 4A6502A4B4A6502AFF438A9CE20CB008D65800
2018-11-02 16:00:00, 45.136186, -60.370818, 2018, 306, 16, 0, 2018, 306, 16, 0, 8.7, 7, 15.56, 24, 2, 48, -32.4, 4A650024B4A65002FF42EA9CDE8CB007D65800
2018-11-02 15:50:00, 45.135756, -60.371334, 2018, 306, 15, 50, 2018, 306, 15, 50, 8.7, 11, 15.56, 24, 2, 48, -32.4, 4A64FCA4B4A64FCAFF424A9CDB8CB00BD65800
2018-11-02 15:40:00, 45.135326, -60.371850, 2018, 306, 15, 40, 2018, 306, 15, 40, 8.7, 9, 15.56, 24, 2, 48, -32.4, 4A64FA24B4A64FA2FF41AA9CD88CB009D65800
2018-11-02 15:30:00, 45.134982, -60.372194, 2018, 306, 15, 30, 2018, 306, 15, 30, 8.7, 8, 15.56, 24, 2, 48, -32.4, 4A64F7A4B4A64F7AFF412A9CD68CB008D65800
2018-11-02 15:20:00, 45.134638, -60.372710, 2018, 306, 15, 20, 2018, 306, 15, 20, 8.7, 9, 15.56, 24, 2, 48, -32.4, 4A64F524B4A64F52FF40AA9CD38CB009D65800
2018-11-02 15:10:00, 45.134294, -60.373226, 2018, 306, 15, 10, 2018, 306, 15, 10, 8.7, 7, 15.56, 24, 2, 48, -32.4, 4A64F2A4B4A64F2AFF402A9CD08CB007D65800
2018-11-02 15:00:00, 45.133950, -60.373828, 2018, 306, 15, 0, 2018, 306, 15, 0, 8.7, 10, 15.56, 24, 2, 48, -32.4, 4A64F024B4A64F02FF3FAA9CCD0CB00AD65800
2018-11-02 14:50:00, 45.133606, -60.374430, 2018, 306, 14, 50, 2018, 306, 14, 50, 8.7, 7, 15.56, 24, 2, 48, -32.4, 4A64ECA4B4A64ECAFF3F2A9CC98CB007D65800
2018-11-02 14:40:00, 45.133348, -60.375032, 2018, 306, 14, 40, 2018, 306, 14, 40, 8.7, 10, 15.56, 24, 2, 48, -32.4, 4A64EA24B4A64EA2FF3ECA9CC60CB00AD65800
2018-11-02 14:30:00, 45.133090, -60.375634, 2018, 306, 14, 30, 2018, 306, 14, 30, 8.7, 8, 15.56, 24, 2, 47, -32.4, 4A64E7A4B4A64E7AFF3E6A9CC28CAF08D65800
2018-11-02 14:20:00, 45.132832, -60.376322, 2018, 306, 14, 20, 2018, 306, 14, 20, 8.7, 11, 15.56, 34, 2, 48, -32.4, 4A64E524B4A64E52FF3E0A9CBE91B00BD65800
2018-11-02 14:10:00, 45.132574, -60.376838, 2018, 306, 14, 10, 2018, 306, 14, 10, 8.7, 8, 15.56, 24, 2, 48, -32.4, 4A64E2A4B4A64E2AFF3DAA9CBB8CB008D65800
2018-11-02 14:00:00, 45.132316, -60.377354, 2018, 306, 14, 0, 2018, 306, 14, 0, 8.7, 10, 15.56, 24, 2, 47, -32.4, 4A64E024B4A64E02FF3D4A9CB88CAF0AD65800
2018-11-02 13:50:00, 45.132058, -60.377784, 2018, 306, 13, 50, 2018, 306, 13, 50, 8.7, 7, 15.56, 24, 2, 48, -32.4, 4A64DCA4B4A64DCAFF3CEA9CB60CB007D65800
2018-11-02 13:40:00, 45.131800, -60.378214, 2018, 306, 13, 40, 2018, 306, 13, 40, 8.7, 7, 15.56, 24, 2, 48, -32.4, 4A64DA24B4A64DA2FF3C8A9CB38CB007D65800
2018-11-02 13:30:00, 45.131456, -60.378558, 2018, 306, 13, 30, 2018, 306, 13, 30, 8.7, 7, 15.56, 24, 2, 47, -32.4, 4A64D7A4B4A64D7AFF3C0A9CB18CAF07D65800
2018-11-02 13:20:00, 45.131112, -60.378902, 2018, 306, 13, 20, 2018, 306, 13, 20, 8.7, 9, 15.56, 24, 2, 48, -32.4, 4A64D524B4A64D52FF3B8A9CAF8CB009D65800
2018-11-02 13:10:00, 45.130854, -60.379332, 2018, 306, 13, 10, 2018, 306, 13, 10, 8.7, 7, 15.56, 24, 2, 48, -32.4, 4A64D2A4B4A64D2AFF3B2A9CAD0CB007D65800
2018-11-02 13:00:00, 45.130510, -60.379762, 2018, 306, 13, 0, 2018, 306, 13, 0, 8.7, 7, 15.56, 24, 2, 48, -32.4, 4A64D024B4A64D02FF3AAA9CAA8CB007D65800
2018-11-02 12:50:00, 45.130080, -60.379934, 2018, 306, 12, 50, 2018, 306, 12, 50, 8.7, 10, 15.56, 24, 2, 48, -32.4, 4A64CCA4B4A64CCAFF3A0A9CA98CB00AD65800
2018-11-02 12:40:00, 45.129650, -60.380106, 2018, 306, 12, 40, 2018, 306, 12, 40, 8.7, 11, 15.56, 24, 2, 48, -32.4, 4A64CA24B4A64CA2FF396A9CA88CB00BD65800
2018-11-02 12:30:00, 45.129220, -60.380278, 2018, 306, 12, 30, 2018, 306, 12, 30, 8.7, 11, 15.56, 24, 2, 48, -32.4, 4A64C7A4B4A64C7AFF38CA9CA78CB00BD65800
2018-11-02 12:20:00, 45.128876, -60.380450, 2018, 306, 12, 20, 2018, 306, 12, 20, 8.7, 8, 15.56, 24, 2, 48, -32.4, 4A64C524B4A64C52FF384A9CA68CB008D65800
2018-11-02 12:10:00, 45.128618, -60.380536, 2018, 306, 12, 10, 2018, 306, 12, 10, 8.7, 7, 15.56, 24, 3, 48, -32.4, 4A64C2A4B4A64C2AFF37EA9CA60CF007D65800
2018-11-02 12:00:00, 45.128446, -60.380708, 2018, 306, 12, 0, 2018, 306, 12, 0, 8.7, 10, 15.56, 26, 3, 48, -32.3, 4A64C024B4A64C02FF37AA9CA50DF00AD65880
2018-11-02 11:50:00, 45.128274, -60.380708, 2018, 306, 11, 50, 2018, 306, 11, 50, 8.7, 7, 15.56, 24, 2, 48, -32.3, 4A64BCA4B4A64BCAFF376A9CA50CB007D65880
2018-11-02 11:40:00, 45.128102, -60.380880, 2018, 306, 11, 40, 2018, 306, 11, 40, 8.7, 10, 15.56, 24, 2, 48, -32.3, 4A64BA24B4A64BA2FF372A9CA40CB00AD65880
2018-11-02 11:30:00, 45.128016, -60.381052, 2018, 306, 11, 30, 2018, 306, 11, 30, 8.7, 6, 15.56, 24, 2, 48, -32.3, 4A64B7A4B4A64B7AFF370A9CA30CB006D65880
2018-11-02 11:20:00, 45.127930, -60.381224, 2018, 306, 11, 20, 2018, 306, 11, 20, 8.7, 10, 15.56, 24, 2, 48, -32.3, 4A64B524B4A64B52FF36EA9CA20CB00AD65880
2018-11-02 11:10:00, 45.127758, -60.381396, 2018, 306, 11, 10, 2018, 306, 11, 10, 8.7, 6, 15.56, 24, 2, 48, -32.3, 4A64B2A4B4A64B2AFF36AA9CA10CB006D65880
2018-11-02 11:00:00, 45.127672, -60.381568, 2018, 306, 11, 0, 2018, 306, 11, 0, 8.7, 10, 15.56, 34, 2, 48, -32.3, 4A64B024B4A64B02FF368A9CA011B00AD65880
2018-11-02 10:50:00, 45.127672, -60.381654, 2018, 306, 10, 50, 2018, 306, 10, 50, 8.7, 6, 15.56, 24, 2, 48, -32.3, 4A64ACA4B4A64ACAFF368A9C9F8CB006D65880
2018-11-02 10:40:00, 45.127672, -60.381740, 2018, 306, 10, 40, 2018, 306, 10, 40, 8.7, 7, 15.56, 24, 2, 48, -32.3, 4A64AA24B4A64AA2FF368A9C9F0CB007D65880
2018-11-02 10:30:00, 45.127758, -60.381740, 2018, 306, 10, 30, 2018, 306, 10, 30, 8.7, 9, 15.56, 34, 3, 48, -32.3, 4A64A7A4B4A64A7AFF36AA9C9F11F009D65880
2018-11-02 10:20:00, 45.127930, -60.381826, 2018, 306, 10, 20, 2018, 306, 10, 20, 8.7, 6, 15.56, 24, 2, 48, -32.3, 4A64A524B4A64A52FF36EA9C9E8CB006D65880
2018-11-02 10:10:00, 45.128016, -60.381826, 2018, 306, 10, 10, 2018, 306, 10, 10, 8.7, 13, 15.56, 24, 2, 48, -32.3, 4A64A2A4B4A64A2AFF370A9C9E8CB00DD65880
2018-11-02 10:00:00, 45.128016, -60.381826, 2018, 306, 10, 0, 2018, 306, 10, 0, 8.7, 10, 15.56, 24, 2, 48, -32.3, 4A64A024B4A64A02FF370A9C9E8CB00AD65880
2018-11-02 09:50:00, 45.128102, -60.381740, 2018, 306, 9, 50, 2018, 306, 9, 50, 8.7, 10, 15.56, 24, 2, 48, -32.3, 4A649CA4B4A649CAFF372A9C9F0CB00AD65880
2018-11-02 09:40:00, 45.128274, -60.381654, 2018, 306, 9, 40, 2018, 306, 9, 40, 8.7, 6, 15.56, 24, 2, 48, -32.3, 4A649A24B4A649A2FF376A9C9F8CB006D65880
2018-11-02 09:30:00, 45.128446, -60.381482, 2018, 306, 9, 30, 2018, 306, 9, 30, 8.7, 7, 15.56, 36, 2, 48, -32.3, 4A6497A4B4A6497AFF37AA9CA092B007D65880
2018-11-02 09:20:00, 45.128618, -60.381396, 2018, 306, 9, 20, 2018, 306, 9, 20, 8.7, 6, 15.56, 36, 3, 48, -32.3, 4A649524B4A64952FF37EA9CA112F006D65880
2018-11-02 09:10:00, 45.128704, -60.381138, 2018, 306, 9, 10, 2018, 306, 9, 10, 8.7, 8, 15.56, 36, 3, 48, -32.3, 4A6492A4B4A6492AFF380A9CA292F008D65880
2018-11-02 09:00:00, 45.128876, -60.381052, 2018, 306, 9, 0, 2018, 306, 9, 0, 8.7, 6, 15.56, 24, 2, 48, -32.3, 4A649024B4A64902FF384A9CA30CB006D65880
2018-11-02 08:50:00, 45.129134, -60.380880, 2018, 306, 8, 50, 2018, 306, 8, 50, 8.7, 8, 15.56, 24, 2, 48, -32.3, 4A648CA4B4A648CAFF38AA9CA40CB008D65880
2018-11-02 08:40:00, 45.129478, -60.380794, 2018, 306, 8, 40, 2018, 306, 8, 40, 8.7, 10, 15.56, 24, 2, 49, -32.3, 4A648A24B4A648A2FF392A9CA48CB10AD65880
2018-11-02 08:30:00, 45.129736, -60.380708, 2018, 306, 8, 30, 2018, 306, 8, 30, 8.7, 9, 15.56, 22, 2, 49, -32.3, 4A6487A4B4A6487AFF398A9CA50BB109D65880
2018-11-02 08:20:00, 45.129908, -60.380450, 2018, 306, 8, 20, 2018, 306, 8, 20, 8.7, 10, 15.56, 24, 2, 49, -32.3, 4A648524B4A64852FF39CA9CA68CB10AD65880
2018-11-02 08:10:00, 45.130252, -60.380192, 2018, 306, 8, 10, 2018, 306, 8, 10, 8.7, 7, 15.56, 24, 2, 49, -32.3, 4A6482A4B4A6482AFF3A4A9CA80CB107D65880
2018-11-02 08:00:00, 45.130510, -60.379762, 2018, 306, 8, 0, 2018, 306, 8, 0, 8.7, 8, 15.56, 24, 2, 48, -32.3, 4A648024B4A64802FF3AAA9CAA8CB008D65880
2018-11-02 07:50:00, 45.130940, -60.379332, 2018, 306, 7, 50, 2018, 306, 7, 50, 8.7, 8, 15.56, 24, 2, 46, -32.3, 4A647CA4B4A647CAFF3B4A9CAD0CAE08D65880
2018-11-02 07:40:00, 45.131370, -60.379074, 2018, 306, 7, 40, 2018, 306, 7, 40, 8.7, 12, 15.56, 24, 2, 46, -32.3, 4A647A24B4A647A2FF3BEA9CAE8CAE0CD65880
2018-11-02 07:30:00, 45.131800, -60.378644, 2018, 306, 7, 30, 2018, 306, 7, 30, 8.7, 11, 15.56, 24, 2, 47, -32.3, 4A6477A4B4A6477AFF3C8A9CB10CAF0BD65880
2018-11-02 07:20:00, 45.132230, -60.377956, 2018, 306, 7, 20, 2018, 306, 7, 20, 8.7, 8, 15.56, 24, 2, 47, -32.3, 4A647524B4A64752FF3D2A9CB50CAF08D65880
2018-11-02 07:10:00, 45.132746, -60.377440, 2018, 306, 7, 10, 2018, 306, 7, 10, 8.7, 7, 15.56, 24, 2, 48, -32.3, 4A6472A4B4A6472AFF3DEA9CB80CB007D65880
2018-11-02 07:00:00, 45.133262, -60.377010, 2018, 306, 7, 0, 2018, 306, 7, 0, 8.7, 7, 15.56, 24, 3, 48, -32.3, 4A647024B4A64702FF3EAA9CBA8CF007D65880
2018-11-02 06:50:00, 45.133778, -60.376322, 2018, 306, 6, 50, 2018, 306, 6, 50, 8.7, 10, 15.56, 24, 2, 48, -32.3, 4A646CA4B4A646CAFF3F6A9CBE8CB00AD65880
2018-11-02 06:40:00, 45.134294, -60.375720, 2018, 306, 6, 40, 2018, 306, 6, 40, 8.7, 9, 15.56, 24, 2, 48, -32.3, 4A646A24B4A646A2FF402A9CC20CB009D65880
2018-11-02 06:30:00, 45.134810, -60.375118, 2018, 306, 6, 30, 2018, 306, 6, 30, 8.7, 10, 15.56, 24, 2, 49, -32.3, 4A6467A4B4A6467AFF40EA9CC58CB10AD65880
2018-11-02 06:20:00, 45.135326, -60.374430, 2018, 306, 6, 20, 2018, 306, 6, 20, 8.7, 11, 15.56, 24, 2, 48, -32.3, 4A646524B4A64652FF41AA9CC98CB00BD65880
2018-11-02 06:10:00, 45.135928, -60.373828, 2018, 306, 6, 10, 2018, 306, 6, 10, 8.7, 8, 15.56, 24, 2, 49, -32.3, 4A6462A4B4A6462AFF428A9CCD0CB108D65880
2018-11-02 06:00:00, 45.136530, -60.373140, 2018, 306, 6, 0, 2018, 306, 6, 0, 8.7, 12, 15.56, 24, 2, 49, -32.3, 4A646024B4A64602FF436A9CD10CB10CD65880
2018-11-02 05:50:00, 45.137132, -60.372366, 2018, 306, 5, 50, 2018, 306, 5, 50, 8.7, 8, 15.56, 24, 2, 49, -32.3, 4A645CA4B4A645CAFF444A9CD58CB108D65880
2018-11-02 05:40:00, 45.137906, -60.371678, 2018, 306, 5, 40, 2018, 306, 5, 40, 8.7, 10, 15.56, 24, 2, 47, -32.2, 4A645A24B4A645A2FF456A9CD98CAF0AD65900
2018-11-02 05:30:00, 45.138766, -60.370904, 2018, 306, 5, 30, 2018, 306, 5, 30, 8.7, 6, 15.56, 24, 2, 48, -32.2, 4A6457A4B4A6457AFF46AA9CDE0CB006D65900
2018-11-02 05:20:00, 45.139454, -60.370044, 2018, 306, 5, 20, 2018, 306, 5, 20, 8.7, 10, 15.56, 24, 2, 48, -32.2, 4A645524B4A64552FF47AA9CE30CB00AD65900
2018-11-02 05:10:00, 45.140228, -60.369098, 2018, 306, 5, 10, 2018, 306, 5, 10, 8.7, 10, 15.56, 24, 2, 48, -32.1, 4A6452A4B4A6452AFF48CA9CE88CB00AD65980
2018-11-02 05:00:00, 45.141002, -60.368238, 2018, 306, 5, 0, 2018, 306, 5, 0, 8.7, 7, 15.56, 24, 2, 48, -31.6, 4A645024B4A64502FF49EA9CED8CB007D65C00
2018-11-02 04:49:00, 45.141776, -60.367120, 2018, 306, 4, 49, 2018, 306, 4, 49, 13.6, 11, 15.80, 28, 2, 49, -31.9, 4A644C67C4A644C6FF4B0A9CF40EB10BDC5A80
