Data Date (UTC), LATITUDE, LONGITUDE, FMTID, YEAR, MONTH, DAY, HOUR, MIN, SST, BP, BPT, RANGE, VBAT, GPSDELAY, SNR, TTFF, SBDTIME, Report Body
2022-10-13 10:00:00, 44.391000, -66.627600, 0, 2022, 10, 13, 10, 0, 12.34, 1022.2, 0.9, 4, 15.6, 0, 44, 70, 14, 002D46A80D74D8D081350EFF000A40D34532723B
2022-10-13 09:00:00, 44.418800, -66.588600, 0, 2022, 10, 13, 9, 0, 12.37, 1021.7, 0.2, 4, 15.6, 0, 48, 46, 7, 002D46A40D6AD930113507FF000A415E4538897C
2022-10-13 08:00:00, 44.452800, -66.560600, 0, 2022, 10, 13, 8, 0, 12.43, 1021.3, -0.3, 3, 15.6, 0, 44, 26, 6, 002D46A00D62D9EFC0F506FF000A4208453CE8DB
2022-10-13 07:00:00, 44.475800, -66.546000, 0, 2022, 10, 13, 7, 0, 12.43, 1021.3, -0.2, 3, 15.6, 0, 48, 26, 7, 002D469C0D62D9EFD0F507FF000A427B453F30DC
2022-10-13 06:00:00, 44.484200, -66.539800, 0, 2022, 10, 13, 6, 0, 12.45, 1021.4, -0.1, 4, 15.6, 0, 44, 30, 7, 002D46980D64DA2FE13507FF000A42A5454028FB
2022-10-13 05:00:00, 44.479600, -66.547400, 0, 2022, 10, 13, 5, 0, 12.37, 1021.6, -0.1, 3, 15.6, 0, 44, 50, 10, 002D46940D68D92FE0F50AFF000A428E453EF99B
2022-10-13 04:00:00, 44.460200, -66.571200, 0, 2022, 10, 13, 4, 0, 12.39, 1021.5, -0.3, 3, 15.6, 0, 44, 22, 10, 002D46900D66D96FC0F50AFF000A422D453B40BB
2022-10-13 03:00:00, 44.429200, -66.598800, 0, 2022, 10, 13, 3, 0, 12.39, 1021.5, -0.2, 2, 15.6, 0, 48, 52, 7, 002D468C0D66D96FD0B507FF000A41924536F1AC
2022-10-13 02:00:00, 44.400800, -66.618600, 0, 2022, 10, 13, 2, 0, 12.42, 1021.7, -0.2, 2, 15.6, 0, 48, 22, 20, 002D46880D6AD9CFD0B514FF000A41044533D8BC
2022-10-13 01:00:00, 44.379400, -66.629200, 0, 2022, 10, 13, 1, 0, 12.34, 1021.7, 0.2, 3, 15.6, 0, 44, 22, 14, 002D46840D6AD8D010F50EFF000A4099453230BB
2022-10-13 00:00:00, 44.367800, -66.627000, 0, 2022, 10, 13, 0, 0, 12.36, 1021.7, 0.2, 2, 15.6, 0, 48, 28, 10, 002D46800D6AD91010B50AFF000A405F453288EC
2022-10-12 23:00:00, 44.366800, -66.607000, 0, 2022, 10, 12, 23, 0, 12.59, 1021.9, 0.2, 2, 15.6, 0, 48, 52, 14, 002D465C0D6EDBF010B50EFF000A405A4535A9AC
2022-10-12 22:00:00, 44.379800, -66.585000, 0, 2022, 10, 12, 22, 0, 12.57, 1021.5, -0.2, 2, 15.6, 0, 48, 22, 10, 002D46580D66DBAFD0B50AFF000A409B453918BC
2022-10-12 21:00:00, 44.401400, -66.565400, 0, 2022, 10, 12, 21, 0, 12.38, 1021.5, -0.6, 2, 15.6, 0, 48, 20, 6, 002D46540D66D94F90B506FF000A4107453C28AC
2022-10-12 20:00:00, 44.428800, -66.541000, 0, 2022, 10, 12, 20, 0, 12.43, 1021.7, -0.7, 3, 15.6, 0, 52, 22, 7, 002D46500D6AD9EF80F507FF000A4190453FF8BD
2022-10-12 19:00:00, 44.458800, -66.527600, 0, 2022, 10, 12, 19, 0, 12.46, 1021.7, -1.2, 3, 15.6, 0, 48, 46, 6, 002D464C0D6ADA4F30F506FF000A42264542117C
2022-10-12 18:00:00, 44.484200, -66.527800, 0, 2022, 10, 12, 18, 0, 12.44, 1022.1, -1.3, 4, 15.6, 0, 48, 26, 7, 002D46480D72DA0F213507FF000A42A5454208DC
2022-10-12 17:00:00, 44.497000, -66.543600, 0, 2022, 10, 12, 17, 0, 12.52, 1022.4, -1.1, 2, 15.6, 0, 48, 22, 11, 002D46440D78DB0F40B50BFF000A42E5453F90BC
2022-10-12 16:00:00, 44.495400, -66.574600, 0, 2022, 10, 12, 16, 0, 12.79, 1022.9, -0.5, 2, 15.6, 0, 44, 22, 8, 002D46400D82DE6FA0B508FF000A42DD453AB8BB
2022-10-12 15:00:00, 44.480000, -66.620200, 0, 2022, 10, 12, 15, 0, 12.56, 1023.4, 0.2, 2, 15.6, 0, 48, 22, 6, 002D463C0D8CDB9010B506FF000A4290453398BC
2022-10-12 14:00:00, 44.453000, -66.666800, 0, 2022, 10, 12, 14, 0, 12.49, 1023.5, 0.3, 2, 15.6, 0, 48, 22, 7, 002D46380D8EDAB020B507FF000A4209452C50BC
2022-10-12 13:00:00, 44.426400, -66.702800, 0, 2022, 10, 12, 13, 0, 12.24, 1023.4, 0.0, 2, 15.6, 0, 44, 20, 9, 002D46340D8CD78FF0B509FF000A41844526B0AB
2022-10-12 12:00:00, 44.404600, -66.715800, 0, 2022, 10, 12, 12, 0, 12.12, 1023.2, 0.2, 3, 15.6, 0, 44, 22, 12, 002D46300D88D61010F50CFF000A41174524A8BB
2022-10-12 11:00:00, 44.393400, -66.707400, 0, 2022, 10, 12, 11, 0, 12.11, 1023.3, 0.6, 3, 15.6, 0, 48, 22, 7, 002D462C0D8AD5F050F507FF000A40DF4525F8BC
2022-10-12 10:00:00, 44.397800, -66.677200, 0, 2022, 10, 12, 10, 0, 12.13, 1023.4, 0.9, 3, 15.6, 0, 48, 40, 6, 002D46280D8CD63080F506FF000A40F5452AB14C
2022-10-12 09:00:00, 44.418400, -66.631600, 0, 2022, 10, 12, 9, 0, 12.18, 1023.0, 0.6, 3, 15.6, 0, 48, 54, 7, 002D46240D84D6D050F507FF000A415C4531D1BC
2022-10-12 08:00:00, 44.451600, -66.580200, 0, 2022, 10, 12, 8, 0, 12.27, 1022.7, 0.2, 3, 15.6, 0, 48, 22, 6, 002D46200D7ED7F010F506FF000A42024539D8BC
2022-10-12 07:00:00, 44.492800, -66.546200, 0, 2022, 10, 12, 7, 0, 12.31, 1022.4, 0.2, 3, 15.6, 0, 40, 26, 6, 002D461C0D78D87010F506FF000A42D0453F28DA
2022-10-12 06:00:00, 44.529000, -66.529000, 0, 2022, 10, 12, 6, 0, 12.47, 1022.4, -0.1, 3, 15.6, 0, 48, 22, 7, 002D46180D78DA6FE0F507FF000A43854541D8BC
2022-10-12 05:00:00, 44.547600, -66.517200, 0, 2022, 10, 12, 5, 0, 12.81, 1022.4, -0.4, 3, 15.6, 0, 44, 40, 6, 002D46140D78DEAFB0F506FF000A43E24543B14B
2022-10-12 04:00:00, 44.551000, -66.503600, 0, 2022, 10, 12, 4, 0, 12.91, 1022.3, -0.7, 4, 15.6, 0, 44, 100, 8, 002D46100D76DFEF813508FF000A43F34545D32B
2022-10-12 03:00:00, 44.525600, -66.523600, 0, 2022, 10, 12, 3, 0, 12.58, 1022.5, -0.5, 3, 15.6, 0, 48, 56, 10, 002D460C0D7ADBCFA0F50AFF000A43744542B1CC
2022-10-12 02:00:00, 44.490400, -66.560600, 0, 2022, 10, 12, 2, 0, 12.45, 1022.9, -0.1, 4, 15.6, 0, 48, 26, 7, 002D46080D82DA2FE13507FF000A42C4453CE8DC
2022-10-12 01:00:00, 44.459000, -66.594800, 0, 2022, 10, 12, 1, 0, 12.45, 1023.0, 0.1, 5, 15.6, 0, 44, 52, 8, 002D46040D84DA30017508FF000A4227453791AB
2022-10-12 00:00:00, 44.432000, -66.622000, 0, 2022, 10, 12, 0, 0, 12.49, 1023.0, 0.0, 3, 15.6, 0, 48, 86, 13, 002D46000D84DAAFF0F50DFF000A41A0453352BC
2022-10-11 23:00:00, 44.413200, -66.623800, 0, 2022, 10, 11, 23, 0, 12.51, 1023.0, -0.4, 4, 15.6, 0, 48, 56, 9, 002D45DC0D84DAEFB13509FF000A4142453309CC
2022-10-11 22:00:00, 44.405400, -66.603800, 0, 2022, 10, 11, 22, 0, 12.60, 1022.9, -0.7, 3, 15.6, 0, 48, 104, 9, 002D45D80D82DC0F80F509FF000A411B45362B4C
2022-10-11 21:00:00, 44.413800, -66.571800, 0, 2022, 10, 11, 21, 0, 12.65, 1023.0, -1.0, 3, 15.6, 0, 48, 22, 11, 002D45D40D84DCAF50F50BFF000A4145453B28BC
2022-10-11 20:00:00, 44.440600, -66.538800, 0, 2022, 10, 11, 20, 0, 12.82, 1023.4, -1.1, 3, 15.6, 0, 48, 56, 9, 002D45D00D8CDECF40F509FF000A41CB454051CC
2022-10-11 19:00:00, 44.463800, -66.514400, 0, 2022, 10, 11, 19, 0, 12.89, 1023.6, -1.8, 3, 15.6, 0, 48, 28, 10, 002D45CC0D90DFAED0F50AFF000A423F454420EC
2022-10-11 18:00:00, 44.477200, -66.499800, 0, 2022, 10, 11, 18, 0, 12.75, 1023.9, -1.7, 2, 15.6, 0, 48, 44, 8, 002D45C80D96DDEEE0B508FF000A42824546696C
2022-10-11 17:00:00, 44.484400, -66.497600, 0, 2022, 10, 11, 17, 0, 12.74, 1024.5, -1.4, 3, 15.6, 0, 48, 22, 7, 002D45C40DA2DDCF10F507FF000A42A64546C0BC
2022-10-11 16:00:00, 44.478600, -66.508200, 0, 2022, 10, 11, 16, 0, 12.65, 1025.3, -0.6, 3, 15.6, 0, 48, 22, 7, 002D45C00DB2DCAF90F507FF000A4289454518BC
2022-10-11 15:00:00, 44.458200, -66.524000, 0, 2022, 10, 11, 15, 0, 12.78, 1025.7, -0.3, 3, 15.6, 0, 48, 22, 7, 002D45BC0DBADE4FC0F507FF000A42234542A0BC
2022-10-11 14:00:00, 44.430000, -66.540200, 0, 2022, 10, 11, 14, 0, 12.68, 1025.9, 0.5, 2, 15.6, 0, 48, 22, 12, 002D45B80DBEDD1040B50CFF000A4196454018BC
2022-10-11 13:00:00, 44.399400, -66.554600, 0, 2022, 10, 11, 13, 0, 12.67, 1025.9, 0.8, 3, 15.6, 0, 44, 22, 9, 002D45B40DBEDCF070F509FF000A40FD453DD8BB
2022-10-11 12:00:00, 44.377400, -66.556600, 0, 2022, 10, 11, 12, 0, 12.64, 1025.9, 1.2, 3, 15.6, 0, 48, 38, 7, 002D45B00DBEDC90B0F507FF000A408F453D893C
2022-10-11 11:00:00, 44.371000, -66.547800, 0, 2022, 10, 11, 11, 0, 12.65, 1025.4, 1.2, 2, 15.6, 0, 48, 22, 6, 002D45AC0DB4DCB0B0B506FF000A406F453EE8BC
2022-10-11 10:00:00, 44.383000, -66.536200, 0, 2022, 10, 11, 10, 0, 12.66, 1025.1, 1.3, 2, 15.6, 0, 48, 22, 11, 002D45A80DAEDCD0C0B50BFF000A40AB4540B8BC
2022-10-11 09:00:00, 44.411400, -66.515600, 0, 2022, 10, 11, 9, 0, 12.66, 1024.7, 1.0, 4, 15.6, 0, 48, 22, 9, 002D45A40DA6DCD0913509FF000A41394543F0BC
2022-10-11 08:00:00, 44.444600, -66.494400, 0, 2022, 10, 11, 8, 0, 12.67, 1024.2, 0.8, 2, 15.6, 0, 48, 26, 10, 002D45A00D9CDCF070B50AFF000A41DF454740DC
2022-10-11 07:00:00, 44.473400, -66.475400, 0, 2022, 10, 11, 7, 0, 12.69, 1023.8, 0.6, 2, 15.6, 0, 48, 26, 8, 002D459C0D94DD3050B508FF000A426F454A38DC
2022-10-11 06:00:00, 44.495600, -66.463000, 0, 2022, 10, 11, 6, 0, 12.66, 1023.7, 0.2, 3, 15.6, 0, 48, 20, 8, 002D45980D92DCD010F508FF000A42DE454C28AC
2022-10-11 05:00:00, 44.504600, -66.460200, 0, 2022, 10, 11, 5, 0, 12.66, 1023.4, 0.3, 3, 15.6, 0, 44, 22, 9, 002D45940D8CDCD020F509FF000A430B454C98BB
2022-10-11 04:00:00, 44.495800, -66.461200, 0, 2022, 10, 11, 4, 0, 12.66, 1023.2, 0.5, 2, 15.6, 0, 44, 22, 10, 002D45900D88DCD040B50AFF000A42DF454C70BB
2022-10-11 03:00:00, 44.473800, -66.467400, 0, 2022, 10, 11, 3, 0, 12.67, 1023.5, 0.8, 3, 15.6, 0, 48, 22, 7, 002D458C0D8EDCF070F507FF000A4271454B78BC
2022-10-11 02:00:00, 44.445400, -66.477000, 0, 2022, 10, 11, 2, 0, 12.67, 1023.1, 0.3, 3, 15.6, 0, 48, 22, 11, 002D45880D86DCF020F50BFF000A41E34549F8BC
2022-10-11 01:00:00, 44.417000, -66.486800, 0, 2022, 10, 11, 1, 0, 12.68, 1022.7, 0.0, 4, 15.6, 0, 44, 22, 9, 002D45840D7EDD0FF13509FF000A4155454870BB
2022-10-11 00:00:00, 44.395200, -66.492000, 0, 2022, 10, 11, 0, 0, 12.68, 1022.7, 0.4, 3, 15.6, 0, 48, 26, 7, 002D45800D7EDD1030F507FF000A40E84547A0DC
2022-10-10 23:00:00, 44.386000, -66.498400, 0, 2022, 10, 10, 23, 0, 12.71, 1022.8, 0.8, 4, 15.6, 0, 48, 32, 17, 002D455C0D80DD70713511FF000A40BA4546A10C
2022-10-10 22:00:00, 44.392400, -66.489800, 0, 2022, 10, 10, 22, 0, 12.71, 1022.7, 0.9, 3, 15.6, 0, 48, 50, 8, 002D45580D7EDD7080F508FF000A40DA4547F99C
2022-10-10 21:00:00, 44.413800, -66.467800, 0, 2022, 10, 10, 21, 0, 12.71, 1022.3, 0.6, 4, 15.6, 0, 48, 40, 18, 002D45540D76DD70513512FF000A4145454B694C
2022-10-10 20:00:00, 44.446000, -66.436000, 0, 2022, 10, 10, 20, 0, 12.74, 1022.0, 0.1, 3, 15.6, 0, 48, 80, 9, 002D45500D70DDD000F509FF000A41E64550628C
2022-10-10 19:00:00, 44.486800, -66.411000, 0, 2022, 10, 10, 19, 0, 12.76, 1021.8, -0.2, 3, 15.6, 0, 48, 22, 6, 002D454C0D6CDE0FD0F506FF000A42B2455448BC
2022-10-10 18:00:00, 44.524200, -66.400400, 0, 2022, 10, 10, 18, 0, 12.83, 1021.7, -0.5, 3, 15.6, 0, 48, 42, 9, 002D45480D6ADEEFA0F509FF000A436D4555F15C
2022-10-10 17:00:00, 44.549800, -66.402000, 0, 2022, 10, 10, 17, 0, 12.76, 1021.8, -0.6, 2, 15.6, 0, 44, 22, 11, 002D45440D6CDE0F90B50BFF000A43ED4555B0BB
2022-10-10 16:00:00, 44.554600, -66.417800, 0, 2022, 10, 10, 16, 0, 12.80, 1022.0, -0.2, 3, 15.6, 0, 48, 22, 9, 002D45400D70DE8FD0F509FF000A4405455338BC
2022-10-10 15:00:00, 44.544000, -66.437400, 0, 2022, 10, 10, 15, 0, 12.68, 1022.2, 0.0, 3, 15.6, 0, 48, 22, 9, 002D453C0D74DD0FF0F509FF000A43D0455028BC
2022-10-10 14:00:00, 44.516800, -66.464400, 0, 2022, 10, 10, 14, 0, 12.65, 1022.4, 1.1, 4, 15.6, 0, 44, 56, 9, 002D45380D78DCB0A13509FF000A4348454BF1CB
2022-10-10 13:00:00, 44.478600, -66.492600, 0, 2022, 10, 10, 13, 0, 12.62, 1022.2, 1.6, 3, 15.6, 0, 44, 50, 11, 002D45340D74DC50F0F50BFF000A42894547899B
2022-10-10 12:00:00, 44.442200, -66.510400, 0, 2022, 10, 10, 12, 0, 12.63, 1022.2, 2.2, 5, 15.6, 0, 44, 52, 6, 002D45300D74DC71517506FF000A41D34544C1AB
2022-10-10 11:00:00, 44.417200, -66.518000, 0, 2022, 10, 10, 11, 0, 12.64, 1021.3, 1.7, 4, 15.6, 0, 44, 52, 17, 002D452C0D62DC91013511FF000A4156454391AB
2022-10-10 10:00:00, 44.411400, -66.513800, 0, 2022, 10, 10, 10, 0, 12.69, 1020.6, 1.6, 4, 15.6, 0, 48, 52, 11, 002D45280D54DD30F1350BFF000A4139454439AC
2022-10-10 09:00:00, 44.428000, -66.499600, 0, 2022, 10, 10, 9, 0, 12.73, 1020.0, 1.1, 3, 15.6, 0, 48, 50, 8, 002D45240D48DDB0A0F508FF000A418C4546719C
2022-10-10 08:00:00, 44.459600, -66.477600, 0, 2022, 10, 10, 8, 0, 12.77, 1019.6, 1.6, 3, 15.8, 0, 48, 24, 7, 002D45200D40DE30F0F607FF000A422A4549E0CC
2022-10-10 07:00:00, 44.502000, -66.450200, 0, 2022, 10, 10, 7, 0, 12.79, 1019.0, 1.7, 4, 15.8, 0, 44, 54, 9, 002D451C0D34DE71013609FF000A42FE454E29BB
2022-10-10 06:00:00, 44.544600, -66.432200, 0, 2022, 10, 10, 6, 0, 12.83, 1018.8, 2.0, 4, 15.8, 0, 48, 76, 11, 002D45180D30DEF131360BFF000A43D34550FA6C
2022-10-10 05:00:00, 44.574400, -66.421200, 0, 2022, 10, 10, 5, 0, 12.88, 1018.0, 1.9, 6, 15.8, 0, 44, 134, 6, 002D45140D20DF9121B606FF000A44684552B43B
2022-10-10 04:00:00, 44.593000, -66.422600, 0, 2022, 10, 10, 4, 0, 12.93, 1017.4, 2.1, 4, 15.8, 0, 44, 140, 14, 002D45100D14E03141360EFF000A44C545527C6B
2022-10-10 03:00:00, 44.602400, -66.428600, 0, 2022, 10, 10, 3, 0, 12.97, 1016.8, 1.7, 6, 15.8, 0, 48, 86, 9, 002D450C0D08E0B101B609FF000A44F445518ABC
2022-10-10 02:00:00, 44.596600, -66.441000, 0, 2022, 10, 10, 2, 0, 13.03, 1016.1, 1.5, 6, 15.8, 0, 48, 140, 10, 002D45080CFAE170E1B60AFF000A44D7454F9C6C
2022-10-10 01:00:00, 44.588000, -66.466400, 0, 2022, 10, 10, 1, 0, 13.05, 1015.3, 1.0, 5, 15.8, 0, 44, 134, 11, 002D45040CEAE1B091760BFF000A44AC454BA43B
2022-10-10 00:00:00, 44.576800, -66.495600, 0, 2022, 10, 10, 0, 0, 13.06, 1015.0, 0.8, 4, 15.8, 0, 48, 78, 6, 002D45000CE4E1D0713606FF000A44744547127C
2022-10-09 23:00:00, 44.570200, -66.518600, 0, 2022, 10, 9, 23, 0, 13.07, 1014.6, 0.8, 3, 15.8, 0, 44, 140, 24, 002D44DC0CDCE1F070F618FF000A445345437C6B
2022-10-09 22:00:00, 44.572200, -66.531400, 0, 2022, 10, 9, 22, 0, 13.10, 1014.3, 0.3, 4, 15.8, 0, 48, 26, 10, 002D44D80CD6E25021360AFF000A445D454178DC
2022-10-09 21:00:00, 44.588200, -66.534600, 0, 2022, 10, 9, 21, 0, 13.07, 1014.3, 0.5, 3, 15.8, 0, 48, 76, 11, 002D44D40CD6E1F040F60BFF000A44AD4540FA6C
2022-10-09 20:00:00, 44.615600, -66.534600, 0, 2022, 10, 9, 20, 0, 13.09, 1013.9, -0.6, 4, 15.8, 0, 48, 110, 8, 002D44D00CCEE22F913608FF000A45364540FB7C
2022-10-09 19:00:00, 44.649000, -66.539200, 0, 2022, 10, 9, 19, 0, 13.08, 1013.9, -0.9, 4, 15.8, 0, 48, 76, 10, 002D44CC0CCEE20F61360AFF000A45DD4540426C
2022-10-09 18:00:00, 44.679800, -66.545000, 0, 2022, 10, 9, 18, 0, 13.04, 1013.8, -1.5, 4, 15.8, 0, 44, 58, 9, 002D44C80CCCE18F013609FF000A4677453F59DB
2022-10-09 17:00:00, 44.703600, -66.550400, 0, 2022, 10, 9, 17, 0, 13.06, 1014.4, -1.0, 3, 15.8, 0, 44, 28, 8, 002D44C40CD8E1CF50F608FF000A46EE453E80EB
2022-10-09 16:00:00, 44.722000, -66.554600, 0, 2022, 10, 9, 16, 0, 13.10, 1014.8, -0.8, 3, 15.8, 0, 48, 52, 10, 002D44C00CE0E24F70F60AFF000A474A453DD9AC
2022-10-09 15:00:00, 44.729600, -66.561800, 0, 2022, 10, 9, 15, 0, 13.08, 1015.3, -0.4, 2, 15.8, 0, 48, 22, 7, 002D44BC0CEAE20FB0B607FF000A4770453CB8BC
2022-10-09 14:00:00, 44.729800, -66.572600, 0, 2022, 10, 9, 14, 0, 13.06, 1015.4, -0.5, 2, 15.8, 0, 48, 22, 18, 002D44B80CECE1CFA0B612FF000A4771453B08BC
2022-10-09 13:00:00, 44.723600, -66.584400, 0, 2022, 10, 9, 13, 0, 13.06, 1015.6, -0.7, 2, 15.8, 0, 44, 22, 8, 002D44B40CF0E1CF80B608FF000A4752453930BB
2022-10-09 12:00:00, 44.715000, -66.594000, 0, 2022, 10, 9, 12, 0, 13.02, 1015.7, -1.0, 2, 15.8, 0, 48, 22, 10, 002D44B00CF2E14F50B60AFF000A47274537B0BC
2022-10-09 11:00:00, 44.708200, -66.599200, 0, 2022, 10, 9, 11, 0, 13.01, 1015.9, -0.8, 2, 15.8, 0, 48, 20, 7, 002D44AC0CF6E12F70B607FF000A47054536E0AC
2022-10-09 10:00:00, 44.710000, -66.604800, 0, 2022, 10, 9, 10, 0, 13.01, 1016.4, -0.3, 2, 15.8, 0, 48, 22, 7, 002D44A80D00E12FC0B607FF000A470E453600BC
2022-10-09 09:00:00, 44.720600, -66.607000, 0, 2022, 10, 9, 9, 0, 12.99, 1016.7, -0.1, 3, 15.8, 0, 48, 34, 7, 002D44A40D06E0EFE0F607FF000A47434535A91C
2022-10-09 08:00:00, 44.738800, -66.601800, 0, 2022, 10, 9, 8, 0, 13.06, 1016.7, 0.3, 2, 15.8, 0, 48, 26, 7, 002D44A00D06E1D020B607FF000A479E453678DC
2022-10-09 07:00:00, 44.762400, -66.594800, 0, 2022, 10, 9, 7, 0, 13.11, 1016.7, 0.8, 4, 15.8, 0, 44, 52, 10, 002D449C0D06E27071360AFF000A4814453791AB
2022-10-09 06:00:00, 44.787000, -66.588600, 0, 2022, 10, 9, 6, 0, 13.15, 1016.7, 1.2, 3, 15.8, 0, 48, 52, 10, 002D44980D06E2F0B0F60AFF000A488F453889AC
2022-10-09 05:00:00, 44.810800, -66.581400, 0, 2022, 10, 9, 5, 0, 13.18, 1016.4, 0.9, 3, 15.8, 0, 44, 70, 8, 002D44940D00E35080F608FF000A49064539AA3B
2022-10-09 04:00:00, 44.830200, -66.573600, 0, 2022, 10, 9, 4, 0, 13.24, 1015.8, 0.6, 3, 15.8, 0, 48, 52, 9, 002D44900CF4E41050F609FF000A4967453AE1AC
2022-10-09 03:00:00, 44.842400, -66.569400, 0, 2022, 10, 9, 3, 0, 13.22, 1015.5, 0.5, 2, 15.8, 0, 48, 22, 12, 002D448C0CEEE3D040B60CFF000A49A4453B88BC
2022-10-09 02:00:00, 44.850200, -66.577200, 0, 2022, 10, 9, 2, 0, 13.24, 1015.5, 0.4, 2, 15.8, 0, 48, 22, 7, 002D44880CEEE41030B607FF000A49CB453A50BC
2022-10-09 01:00:00, 44.851000, -66.591200, 0, 2022, 10, 9, 1, 0, 13.18, 1015.3, 0.4, 3, 15.8, 0, 44, 26, 11, 002D44840CEAE35030F60BFF000A49CF453820DB
2022-10-09 00:00:00, 44.848000, -66.604600, 0, 2022, 10, 9, 0, 0, 13.19, 1015.0, 0.2, 3, 15.8, 0, 48, 26, 7, 002D44800CE4E37010F607FF000A49C0453608DC
2022-10-08 23:00:00, 44.843200, -66.618800, 0, 2022, 10, 8, 23, 0, 13.21, 1015.1, 0.5, 3, 15.8, 0, 44, 22, 12, 002D445C0CE6E3B040F60CFF000A49A84533D0BB
2022-10-08 22:00:00, 44.842800, -66.627800, 0, 2022, 10, 8, 22, 0, 13.24, 1014.8, 0.1, 3, 15.8, 0, 48, 34, 6, 002D44580CE0E41000F606FF000A49A64532691C
2022-10-08 21:00:00, 44.846400, -66.628400, 0, 2022, 10, 8, 21, 0, 13.29, 1014.8, 0.1, 3, 15.8, 0, 48, 26, 11, 002D44540CE0E4B000F60BFF000A49B8453250DC
2022-10-08 20:00:00, 44.855800, -66.620800, 0, 2022, 10, 8, 20, 0, 13.29, 1014.6, -0.4, 2, 15.8, 0, 48, 20, 6, 002D44500CDCE4AFB0B606FF000A49E7453380AC
2022-10-08 19:00:00, 44.866800, -66.608600, 0, 2022, 10, 8, 19, 0, 13.24, 1014.8, -0.2, 2, 15.8, 0, 48, 22, 8, 002D444C0CE0E40FD0B608FF000A4A1E453568BC
2022-10-08 18:00:00, 44.881800, -66.590200, 0, 2022, 10, 8, 18, 0, 13.27, 1014.7, -0.1, 3, 15.8, 0, 48, 52, 10, 002D44480CDEE46FE0F60AFF000A4A69453849AC
2022-10-08 17:00:00, 44.898600, -66.571000, 0, 2022, 10, 8, 17, 0, 13.25, 1015.0, 0.3, 3, 15.8, 0, 44, 26, 7, 002D44440CE4E43020F607FF000A4ABD453B48DB
2022-10-08 16:00:00, 44.915400, -66.551400, 0, 2022, 10, 8, 16, 0, 13.22, 1014.9, 0.9, 3, 15.8, 0, 48, 26, 7, 002D44400CE2E3D080F607FF000A4B11453E58DC
2022-10-08 15:00:00, 44.929000, -66.540200, 0, 2022, 10, 8, 15, 0, 13.27, 1014.8, 0.8, 4, 15.8, 0, 44, 52, 13, 002D443C0CE0E47071360DFF000A4B55454019AB
2022-10-08 14:00:00, 44.938200, -66.541000, 0, 2022, 10, 8, 14, 0, 13.38, 1014.7, 1.5, 3, 15.8, 0, 48, 28, 10, 002D44380CDEE5D0E0F60AFF000A4B83453FF8EC
2022-10-08 13:00:00, 44.942200, -66.551200, 0, 2022, 10, 8, 13, 0, 13.39, 1014.0, 1.1, 3, 15.8, 0, 44, 40, 7, 002D44340CD0E5F0A0F607FF000A4B97453E614B
2022-10-08 12:00:00, 44.941600, -66.569800, 0, 2022, 10, 8, 12, 0, 13.43, 1014.0, 1.6, 3, 15.8, 0, 48, 26, 7, 002D44300CD0E670F0F607FF000A4B94453B78DC
2022-10-08 11:00:00, 44.939200, -66.589400, 0, 2022, 10, 8, 11, 0, 13.43, 1013.2, 1.1, 3, 15.8, 0, 44, 52, 10, 002D442C0CC0E670A0F60AFF000A4B88453869AB
2022-10-08 10:00:00, 44.937600, -66.606000, 0, 2022, 10, 8, 10, 0, 13.43, 1012.9, 1.0, 3, 15.8, 0, 48, 54, 7, 002D44280CBAE67090F607FF000A4B804535D1BC
2022-10-08 09:00:00, 44.941200, -66.618800, 0, 2022, 10, 8, 9, 0, 13.47, 1012.4, 0.6, 3, 15.8, 0, 48, 52, 12, 002D44240CB0E6F050F60CFF000A4B924533D1AC
2022-10-08 08:00:00, 44.947400, -66.617400, 0, 2022, 10, 8, 8, 0, 13.50, 1012.1, 0.4, 3, 15.8, 0, 48, 26, 10, 002D44200CAAE75030F60AFF000A4BB1453408DC
2022-10-08 07:00:00, 44.955600, -66.600600, 0, 2022, 10, 8, 7, 0, 13.58, 1011.9, 0.0, 4, 15.8, 0, 44, 76, 7, 002D441C0CA6E84FF13607FF000A4BDA4536AA6B
2022-10-08 06:00:00, 44.966600, -66.571000, 0, 2022, 10, 8, 6, 0, 13.59, 1011.8, 0.5, 3, 15.8, 0, 44, 46, 9, 002D44180CA4E87040F609FF000A4C11453B497B
2022-10-08 05:00:00, 44.979800, -66.538200, 0, 2022, 10, 8, 5, 0, 13.64, 1011.6, 0.0, 4, 15.8, 0, 44, 44, 11, 002D44140CA0E90FF1360BFF000A4C534540696B
2022-10-08 04:00:00, 44.991600, -66.508200, 0, 2022, 10, 8, 4, 0, 13.63, 1011.9, 0.6, 4, 15.8, 0, 48, 76, 23, 002D44100CA6E8F0513617FF000A4C8E45451A6C
2022-10-08 03:00:00, 45.001000, -66.486400, 0, 2022, 10, 8, 3, 0, 13.57, 1011.3, -0.5, 3, 15.8, 0, 48, 90, 18, 002D440C0C9AE82FA0F612FF000A4CBD454882DC
2022-10-08 02:00:00, 45.006400, -66.475200, 0, 2022, 10, 8, 2, 0, 13.38, 1011.7, -0.2, 4, 15.8, 0, 48, 80, 11, 002D44080CA2E5CFD1360BFF000A4CD8454A428C
2022-10-08 01:00:00, 45.006200, -66.473400, 0, 2022, 10, 8, 1, 0, 13.58, 1011.3, -0.3, 3, 15.8, 0, 48, 76, 9, 002D44040C9AE84FC0F609FF000A4CD7454A8A6C
2022-10-08 00:00:00, 45.000400, -66.486800, 0, 2022, 10, 8, 0, 0, 13.34, 1011.8, -0.1, 3, 15.8, 0, 48, 44, 9, 002D44000CA4E54FE0F609FF000A4CBA4548716C
2022-10-07 23:00:00, 44.991800, -66.501400, 0, 2022, 10, 7, 23, 0, 13.30, 1011.9, -0.3, 3, 15.8, 0, 44, 46, 8, 002D43DC0CA6E4CFC0F608FF000A4C8F4546297B
2022-10-07 22:00:00, 44.982600, -66.514400, 0, 2022, 10, 7, 22, 0, 13.37, 1011.6, -0.9, 3, 15.8, 0, 48, 26, 7, 002D43D80CA0E5AF60F607FF000A4C61454420DC
2022-10-07 21:00:00, 44.975000, -66.517800, 0, 2022, 10, 7, 21, 0, 13.59, 1012.0, -0.7, 3, 15.8, 0, 48, 26, 10, 002D43D40CA8E86F80F60AFF000A4C3B454398DC
2022-10-07 20:00:00, 44.972800, -66.508800, 0, 2022, 10, 7, 20, 0, 13.63, 1012.2, -0.9, 3, 15.8, 0, 52, 22, 13, 002D43D00CACE8EF60F60DFF000A4C30454500BD
2022-10-07 19:00:00, 44.978200, -66.487000, 0, 2022, 10, 7, 19, 0, 13.87, 1012.5, -0.7, 2, 15.8, 0, 52, 22, 8, 002D43CC0CB2EBEF80B608FF000A4C4B454868BD
2022-10-07 18:00:00, 44.990000, -66.456400, 0, 2022, 10, 7, 18, 0, 13.70, 1012.7, -0.7, 2, 15.8, 0, 48, 26, 6, 002D43C80CB6E9CF80B606FF000A4C86454D30DC
2022-10-07 17:00:00, 45.005200, -66.422400, 0, 2022, 10, 7, 17, 0, 13.46, 1013.1, -0.4, 1, 15.8, 0, 44, 22, 11, 002D43C40CBEE6CFB0760BFF000A4CD2455280BB
2022-10-07 16:00:00, 45.019600, -66.391600, 0, 2022, 10, 7, 16, 0, 13.50, 1013.2, -0.2, 2, 15.8, 0, 48, 22, 10, 002D43C00CC0E74FD0B60AFF000A4D1A455750BC
2022-10-07 15:00:00, 45.031000, -66.364600, 0, 2022, 10, 7, 15, 0, 13.35, 1013.4, 0.1, 1, 15.8, 0, 48, 22, 11, 002D43BC0CC4E57000760BFF000A4D53455B88BC
2022-10-07 14:00:00, 45.038200, -66.349800, 0, 2022, 10, 7, 14, 0, 13.35, 1013.5, 0.5, 1, 15.8, 0, 48, 22, 12, 002D43B80CC6E57040760CFF000A4D77455DD8BC
2022-10-07 13:00:00, 45.038200, -66.348200, 0, 2022, 10, 7, 13, 0, 13.17, 1013.4, 0.4, 1, 15.8, 0, 44, 22, 20, 002D43B40CC4E330307614FF000A4D77455E18BB
2022-10-07 12:00:00, 45.031400, -66.357000, 0, 2022, 10, 7, 12, 0, 13.06, 1013.3, 0.7, 1, 15.8, 0, 48, 22, 6, 002D43B00CC2E1D0607606FF000A4D55455CB8BC
2022-10-07 11:00:00, 45.020600, -66.373800, 0, 2022, 10, 7, 11, 0, 13.06, 1013.0, 0.4, 1, 15.8, 0, 48, 20, 11, 002D43AC0CBCE1D030760BFF000A4D1F455A18AC
2022-10-07 10:00:00, 45.009400, -66.391400, 0, 2022, 10, 7, 10, 0, 13.08, 1013.0, 0.5, 1, 15.8, 0, 48, 22, 12, 002D43A80CBCE21040760CFF000A4CE7455758BC
2022-10-07 09:00:00, 44.998200, -66.403600, 0, 2022, 10, 7, 9, 0, 13.07, 1012.6, 0.0, 1, 15.8, 0, 48, 22, 8, 002D43A40CB4E1EFF07608FF000A4CAF455570BC
2022-10-07 08:00:00, 44.991000, -66.406600, 0, 2022, 10, 7, 8, 0, 13.03, 1012.6, 0.7, 1, 15.8, 0, 48, 22, 8, 002D43A00CB4E170607608FF000A4C8B4554F8BC
2022-10-07 07:00:00, 44.989200, -66.395600, 0, 2022, 10, 7, 7, 0, 13.03, 1012.5, 0.7, 1, 15.8, 0, 48, 22, 17, 002D439C0CB2E170607611FF000A4C824556B0BC
2022-10-07 06:00:00, 44.993400, -66.371200, 0, 2022, 10, 7, 6, 0, 13.02, 1012.6, 1.1, 1, 15.8, 0, 48, 22, 9, 002D43980CB4E150A07609FF000A4C97455A80BC
2022-10-07 05:00:00, 45.003800, -66.337200, 0, 2022, 10, 7, 5, 0, 13.07, 1011.9, 0.7, 1, 15.8, 0, 44, 22, 8, 002D43940CA6E1F0607608FF000A4CCB455FD0BB
2022-10-07 04:00:00, 45.016800, -66.299200, 0, 2022, 10, 7, 4, 0, 13.10, 1011.8, 0.7, 1, 15.8, 0, 48, 22, 6, 002D43900CA4E250607606FF000A4D0C4565C0BC
2022-10-07 03:00:00, 45.029800, -66.264800, 0, 2022, 10, 7, 3, 0, 13.12, 1011.5, 0.7, 1, 15.8, 0, 48, 22, 7, 002D438C0C9EE290607607FF000A4D4D456B20BC
2022-10-07 02:00:00, 45.039200, -66.241400, 0, 2022, 10, 7, 2, 0, 13.12, 1011.2, 0.5, 1, 15.8, 0, 48, 22, 10, 002D43880C98E29040760AFF000A4D7C456EC8BC
2022-10-07 01:00:00, 45.042800, -66.233400, 0, 2022, 10, 7, 1, 0, 13.15, 1011.2, 0.6, 2, 15.8, 0, 48, 22, 7, 002D43840C98E2F050B607FF000A4D8E457008BC
2022-10-07 00:00:00, 45.040200, -66.240200, 0, 2022, 10, 7, 0, 0, 13.32, 1010.7, 0.3, 2, 15.8, 0, 48, 22, 8, 002D43800C8EE51020B608FF000A4D81456EF8BC
2022-10-06 23:00:00, 45.032200, -66.258800, 0, 2022, 10, 6, 23, 0, 13.42, 1010.7, 0.3, 2, 15.8, 0, 48, 20, 12, 002D435C0C8EE65020B60CFF000A4D59456C10AC
2022-10-06 22:00:00, 45.017800, -66.280400, 0, 2022, 10, 6, 22, 0, 13.38, 1010.5, -0.2, 2, 15.8, 0, 48, 22, 11, 002D43580C8AE5CFD0B60BFF000A4D114568B0BC
2022-10-06 21:00:00, 45.004000, -66.296600, 0, 2022, 10, 6, 21, 0, 13.62, 1010.5, -0.3, 1, 15.8, 0, 48, 22, 18, 002D43540C8AE8CFC07612FF000A4CCC456628BC
2022-10-06 20:00:00, 44.995600, -66.304600, 0, 2022, 10, 6, 20, 0, 13.44, 1010.4, -0.7, 2, 15.8, 0, 52, 22, 7, 002D43500C88E68F80B607FF000A4CA24564E8BD
2022-10-06 19:00:00, 44.995000, -66.300800, 0, 2022, 10, 6, 19, 0, 13.38, 1010.8, -0.5, 2, 15.8, 0, 52, 22, 8, 002D434C0C90E5CFA0B608FF000A4C9F456580BD
2022-10-06 18:00:00, 45.000600, -66.284800, 0, 2022, 10, 6, 18, 0, 13.18, 1010.8, -0.7, 2, 15.8, 0, 48, 26, 9, 002D43480C90E34F80B609FF000A4CBB456800DC
2022-10-06 17:00:00, 45.011400, -66.257000, 0, 2022, 10, 6, 17, 0, 13.14, 1011.1, -0.8, 2, 15.8, 0, 44, 28, 11, 002D43440C96E2CF70B60BFF000A4CF1456C58EB
2022-10-06 16:00:00, 45.028400, -66.223400, 0, 2022, 10, 6, 16, 0, 13.12, 1011.3, -0.7, 2, 15.8, 0, 48, 22, 10, 002D43400C9AE28F80B60AFF000A4D46457198BC
2022-10-06 15:00:00, 45.043400, -66.191600, 0, 2022, 10, 6, 15, 0, 13.10, 1011.5, -0.2, 2, 15.8, 0, 48, 20, 7, 002D433C0C9EE24FD0B607FF000A4D91457690AC
2022-10-06 14:00:00, 45.053800, -66.167200, 0, 2022, 10, 6, 14, 0, 13.06, 1011.9, 0.4, 3, 15.8, 0, 48, 22, 7, 002D43380CA6E1D030F607FF000A4DC5457A60BC
2022-10-06 13:00:00, 45.057200, -66.154600, 0, 2022, 10, 6, 13, 0, 13.05, 1011.9, 0.3, 2, 15.8, 0, 44, 22, 9, 002D43340CA6E1B020B609FF000A4DD6457C58BB
2022-10-06 12:00:00, 45.053400, -66.154400, 0, 2022, 10, 6, 12, 0, 13.03, 1011.7, -0.3, 3, 15.8, 0, 48, 22, 10, 002D43300CA2E16FC0F60AFF000A4DC3457C60BC
2022-10-06 11:00:00, 45.043000, -66.164800, 0, 2022, 10, 6, 11, 0, 13.09, 1011.4, -1.0, 2, 15.8, 0, 44, 20, 8, 002D432C0C9CE22F50B608FF000A4D8F457AC0AB
2022-10-06 10:00:00, 45.029800, -66.179800, 0, 2022, 10, 6, 10, 0, 13.13, 1011.6, -1.0, 3, 15.8, 0, 48, 22, 7, 002D43280CA0E2AF50F607FF000A4D4D457868BC
2022-10-06 09:00:00, 45.017400, -66.193800, 0, 2022, 10, 6, 9, 0, 13.16, 1012.0, -1.0, 3, 15.8, 0, 48, 46, 10, 002D43240CA8E30F50F60AFF000A4D0F4576397C
2022-10-06 08:00:00, 45.008800, -66.202200, 0, 2022, 10, 6, 8, 0, 13.18, 1012.4, -1.2, 3, 15.8, 0, 48, 26, 8, 002D43200CB0E34F30F608FF000A4CE44574E8DC
2022-10-06 07:00:00, 45.005600, -66.198400, 0, 2022, 10, 6, 7, 0, 13.20, 1012.6, -0.8, 3, 15.8, 0, 48, 26, 7, 002D431C0CB4E38F70F607FF000A4CD4457580DC
2022-10-06 06:00:00, 45.009400, -66.182400, 0, 2022, 10, 6, 6, 0, 13.23, 1013.0, -1.1, 2, 15.8, 0, 48, 20, 8, 002D43180CBCE3EF40B608FF000A4CE7457800AC
2022-10-06 05:00:00, 45.019600, -66.155800, 0, 2022, 10, 6, 5, 0, 13.22, 1013.6, -0.7, 3, 15.8, 0, 40, 22, 6, 002D43140CC8E3CF80F606FF000A4D1A457C28BA
2022-10-06 04:00:00, 45.034200, -66.120800, 0, 2022, 10, 6, 4, 0, 13.13, 1013.4, -1.1, 2, 15.8, 0, 48, 22, 7, 002D43100CC4E2AF40B607FF000A4D634581A0BC
2022-10-06 03:00:00, 45.050000, -66.084000, 0, 2022, 10, 6, 3, 0, 13.13, 1014.1, -0.6, 3, 15.8, 0, 48, 38, 13, 002D430C0CD2E2AF90F60DFF000A4DB24587613C
2022-10-06 02:00:00, 45.062800, -66.053400, 0, 2022, 10, 6, 2, 0, 13.10, 1014.3, -0.6, 3, 15.8, 0, 48, 22, 9, 002D43080CD6E24F90F609FF000A4DF2458C28BC
2022-10-06 01:00:00, 45.070800, -66.033400, 0, 2022, 10, 6, 1, 0, 13.13, 1014.6, -0.3, 2, 15.8, 0, 44, 26, 9, 002D43040CDCE2AFC0B609FF000A4E1A458F48DB
2022-10-06 00:00:00, 45.072200, -66.027000, 0, 2022, 10, 6, 0, 0, 13.12, 1014.7, -0.1, 2, 15.8, 0, 48, 28, 10, 002D43000CDEE28FE0B60AFF000A4E21459048EC
2022-10-05 23:00:00, 45.068400, -66.035000, 0, 2022, 10, 5, 23, 0, 13.12, 1014.9, -0.3, 3, 15.8, 0, 48, 38, 9, 002D42DC0CE2E28FC0F609FF000A4E0E458F093C
2022-10-05 22:00:00, 45.059600, -66.052200, 0, 2022, 10, 5, 22, 0, 13.14, 1014.8, -1.0, 3, 15.8, 0, 48, 24, 9, 002D42D80CE0E2CF50F609FF000A4DE2458C58CC
2022-10-05 21:00:00, 45.049200, -66.072200, 0, 2022, 10, 5, 21, 0, 13.14, 1014.8, -1.7, 3, 15.8, 0, 48, 26, 10, 002D42D40CE0E2CEE0F60AFF000A4DAE458938DC
2022-10-05 20:00:00, 45.039600, -66.089600, 0, 2022, 10, 5, 20, 0, 13.27, 1015.2, -2.2, 2, 15.8, 0, 48, 22, 7, 002D42D00CE8E46E90B607FF000A4D7E458680BC
2022-10-05 19:00:00, 45.032400, -66.095400, 0, 2022, 10, 5, 19, 0, 13.55, 1015.8, -1.6, 3, 15.8, 0, 52, 22, 8, 002D42CC0CF4E7EEF0F608FF000A4D5A458598BD
2022-10-05 18:00:00, 45.029000, -66.082000, 0, 2022, 10, 5, 18, 0, 13.73, 1016.5, -1.5, 2, 15.8, 0, 48, 46, 11, 002D42C80D02EA2F00B60BFF000A4D494587B17C
2022-10-05 17:00:00, 45.032000, -66.051600, 0, 2022, 10, 5, 17, 0, 13.78, 1017.3, -1.0, 2, 15.8, 0, 44, 40, 9, 002D42C40D12EACF50B609FF000A4D58458C714B
2022-10-05 16:00:00, 45.043200, -66.007600, 0, 2022, 10, 5, 16, 0, 13.78, 1017.5, -0.4, 2, 15.8, 0, 48, 48, 7, 002D42C00D16EACFB0B607FF000A4D904593518C
2022-10-05 15:00:00, 45.059000, -65.955800, 0, 2022, 10, 5, 15, 0, 13.75, 1018.0, -0.3, 3, 15.8, 0, 44, 26, 16, 002D42BC0D20EA6FC0F610FF000A4DDF459B68DB
2022-10-05 14:00:00, 45.075000, -65.908200, 0, 2022, 10, 5, 14, 0, 13.54, 1018.3, 0.0, 2, 15.8, 0, 48, 52, 19, 002D42B80D26E7CFF0B613FF000A4E2F45A2D9AC
2022-10-05 13:00:00, 45.088000, -65.873600, 0, 2022, 10, 5, 13, 0, 13.53, 1017.8, -0.4, 3, 15.8, 0, 44, 28, 20, 002D42B40D1CE7AFB0F614FF000A4E7045A840EB
2022-10-05 12:00:00, 45.093400, -65.855600, 0, 2022, 10, 5, 12, 0, 12.78, 1018.3, -0.5, 3, 15.8, 0, 48, 22, 8, 002D42B00D26DE4FA0F608FF000A4E8B45AB10BC
2022-10-05 11:00:00, 45.090000, -65.861600, 0, 2022, 10, 5, 11, 0, 12.80, 1018.3, -0.8, 2, 15.8, 0, 44, 26, 9, 002D42AC0D26DE8F70B609FF000A4E7A45AA20DB
2022-10-05 10:00:00, 45.076400, -65.878800, 0, 2022, 10, 5, 10, 0, 12.88, 1018.2, -1.3, 4, 15.8, 0, 48, 26, 11, 002D42A80D24DF8F21360BFF000A4E3645A770DC
2022-10-05 09:00:00, 45.058200, -65.899600, 0, 2022, 10, 5, 9, 0, 12.92, 1018.8, -1.4, 2, 15.8, 0, 48, 52, 17, 002D42A40D30E00F10B611FF000A4DDB45A431AC
2022-10-05 08:00:00, 45.042000, -65.918400, 0, 2022, 10, 5, 8, 0, 12.85, 1019.1, -1.4, 2, 15.8, 0, 48, 22, 14, 002D42A00D36DF2F10B60EFF000A4D8A45A140BC
2022-10-05 07:00:00, 45.031400, -65.931000, 0, 2022, 10, 5, 7, 0, 12.84, 1019.5, -1.2, 2, 15.8, 0, 48, 22, 7, 002D429C0D3EDF0F30B607FF000A4D55459F48BC
2022-10-05 06:00:00, 45.025000, -65.931400, 0, 2022, 10, 5, 6, 0, 12.81, 1020.2, -1.0, 2, 15.8, 0, 48, 22, 6, 002D42980D4CDEAF50B606FF000A4D35459F38BC
2022-10-05 05:00:00, 45.023200, -65.917400, 0, 2022, 10, 5, 5, 0, 12.76, 1020.4, -0.9, 1, 15.8, 0, 44, 22, 10, 002D42940D50DE0F60760AFF000A4D2C45A168BB
2022-10-05 04:00:00, 45.026400, -65.889600, 0, 2022, 10, 5, 4, 0, 12.82, 1020.7, -0.7, 2, 15.8, 0, 48, 22, 7, 002D42900D56DECF80B607FF000A4D3C45A5C0BC
2022-10-05 03:00:00, 45.034400, -65.850200, 0, 2022, 10, 5, 3, 0, 12.77, 1021.2, 0.1, 2, 15.8, 0, 48, 26, 9, 002D428C0D60DE3000B609FF000A4D6445ABE8DC
2022-10-05 02:00:00, 45.046400, -65.805800, 0, 2022, 10, 5, 2, 0, 12.86, 1021.4, 0.3, 2, 15.8, 0, 48, 22, 8, 002D42880D64DF5020B608FF000A4DA045B2D8BC
2022-10-05 01:00:00, 45.057200, -65.767400, 0, 2022, 10, 5, 1, 0, 12.86, 1021.3, 0.5, 2, 15.8, 0, 48, 28, 9, 002D42840D62DF5040B609FF000A4DD645B8D8EC
2022-10-05 00:00:00, 45.066400, -65.742800, 0, 2022, 10, 5, 0, 0, 12.89, 1021.1, -0.1, 2, 15.8, 0, 48, 22, 9, 002D42800D5EDFAFE0B609FF000A4E0445BCB0BC
2022-10-04 23:00:00, 45.069400, -65.736800, 0, 2022, 10, 4, 23, 0, 12.98, 1021.1, -0.7, 2, 15.8, 0, 48, 22, 9, 002D425C0D5EE0CF80B609FF000A4E1345BDA0BC
2022-10-04 22:00:00, 45.065600, -65.748200, 0, 2022, 10, 4, 22, 0, 13.14, 1020.9, -1.5, 7, 15.8, 0, 48, 26, 9, 002D42580D5AE2CF01F609FF000A4E0045BBD8DC
2022-10-04 21:00:00, 45.055200, -65.772400, 0, 2022, 10, 4, 21, 0, 13.89, 1021.2, -1.7, 2, 15.8, 0, 52, 22, 9, 002D42540D60EC2EE0B609FF000A4DCC45B810BD
2022-10-04 20:00:00, 45.039800, -65.798600, 0, 2022, 10, 4, 20, 0, 13.67, 1021.8, -1.7, 3, 15.8, 0, 48, 22, 10, 002D42500D6CE96EE0F60AFF000A4D7F45B3F8BC
2022-10-04 19:00:00, 45.024600, -65.823200, 0, 2022, 10, 4, 19, 0, 13.81, 1022.3, -1.8, 3, 15.8, 0, 48, 22, 9, 002D424C0D76EB2ED0F609FF000A4D3345B020BC
2022-10-04 18:00:00, 45.013400, -65.834800, 0, 2022, 10, 4, 18, 0, 13.85, 1022.9, -2.0, 1, 15.8, 0, 48, 26, 6, 002D42480D82EBAEB07606FF000A4CFB45AE50DC
2022-10-04 17:00:00, 45.008000, -65.832000, 0, 2022, 10, 4, 17, 0, 13.98, 1023.5, -1.5, 1, 15.8, 0, 44, 22, 12, 002D42440D8EED4F00760CFF000A4CE045AEC0BB
2022-10-04 16:00:00, 45.011000, -65.810400, 0, 2022, 10, 4, 16, 0, 14.11, 1024.2, -0.9, 1, 15.8, 0, 48, 22, 10, 002D42400D9CEEEF60760AFF000A4CEF45B220BC
2022-10-04 15:00:00, 45.021600, -65.775200, 0, 2022, 10, 4, 15, 0, 13.93, 1024.9, 0.1, 1, 15.8, 0, 48, 22, 8, 002D423C0DAAECB0007608FF000A4D2445B7A0BC
2022-10-04 14:00:00, 45.035800, -65.733600, 0, 2022, 10, 4, 14, 0, 13.45, 1025.0, 0.3, 1, 15.8, 0, 48, 22, 9, 002D42380DACE6B0207609FF000A4D6B45BE20BC
2022-10-04 13:00:00, 45.053400, -65.693200, 0, 2022, 10, 4, 13, 0, 13.29, 1025.1, 0.6, 1, 15.8, 0, 44, 22, 12, 002D42340DAEE4B050760CFF000A4DC345C470BB
2022-10-04 12:00:00, 45.069000, -65.664200, 0, 2022, 10, 4, 12, 0, 12.75, 1024.8, 0.1, 1, 15.8, 0, 48, 22, 6, 002D42300DA8DDF0007606FF000A4E1145C8F8BC
2022-10-04 11:00:00, 45.078400, -65.651200, 0, 2022, 10, 4, 11, 0, 12.72, 1024.7, 0.1, 1, 15.8, 0, 48, 22, 13, 002D422C0DA6DD9000760DFF000A4E4045CB00BC
2022-10-04 10:00:00, 45.079600, -65.656800, 0, 2022, 10, 4, 10, 0, 12.74, 1024.5, -0.6, 2, 15.8, 0, 48, 22, 9, 002D42280DA2DDCF90B609FF000A4E4645CA20BC
2022-10-04 09:00:00, 45.072600, -65.678800, 0, 2022, 10, 4, 9, 0, 12.81, 1024.7, -0.7, 2, 15.8, 0, 48, 22, 7, 002D42240DA6DEAF80B607FF000A4E2345C6B0BC
2022-10-04 08:00:00, 45.058000, -65.708600, 0, 2022, 10, 4, 8, 0, 13.02, 1024.6, -1.2, 1, 15.8, 0, 48, 26, 6, 002D42200DA4E14F307606FF000A4DDA45C208DC
2022-10-04 07:00:00, 45.040600, -65.738000, 0, 2022, 10, 4, 7, 0, 13.21, 1025.1, -0.9, 1, 15.8, 0, 48, 22, 7, 002D421C0DAEE3AF607607FF000A4D8345BD70BC
2022-10-04 06:00:00, 45.025400, -65.759400, 0, 2022, 10, 4, 6, 0, 13.25, 1025.4, -0.7, 1, 15.8, 0, 48, 22, 12, 002D42180DB4E42F80760CFF000A4D3745BA18BC
2022-10-04 05:00:00, 45.015800, -65.766400, 0, 2022, 10, 4, 5, 0, 13.30, 1025.9, -0.3, 1, 15.8, 0, 44, 22, 7, 002D42140DBEE4CFC07607FF000A4D0745B900BB
2022-10-04 04:00:00, 45.013600, -65.756400, 0, 2022, 10, 4, 4, 0, 13.25, 1025.9, -0.2, 2, 15.8, 0, 48, 22, 13, 002D42100DBEE42FD0B60DFF000A4CFC45BA90BC
2022-10-04 03:00:00, 45.020000, -65.729600, 0, 2022, 10, 4, 3, 0, 13.32, 1026.1, 0.2, 2, 15.8, 0, 44, 22, 7, 002D420C0DC2E51010B607FF000A4D1C45BEC0BB
2022-10-04 02:00:00, 45.036400, -65.689800, 0, 2022, 10, 4, 2, 0, 13.34, 1026.2, 0.4, 2, 15.8, 0, 44, 20, 19, 002D42080DC4E55030B613FF000A4D6E45C4F8AB
2022-10-04 01:00:00, 45.057000, -65.644800, 0, 2022, 10, 4, 1, 0, 13.32, 1026.1, 0.7, 2, 15.8, 0, 44, 22, 10, 002D42040DC2E51060B60AFF000A4DD545CC00BB
2022-10-04 00:00:00, 45.075600, -65.603400, 0, 2022, 10, 4, 0, 0, 13.21, 1025.9, 0.5, 2, 15.8, 0, 48, 22, 13, 002D42000DBEE3B040B60DFF000A4E3245D278BC
2022-10-03 23:00:00, 45.090000, -65.578000, 0, 2022, 10, 3, 23, 0, 13.20, 1025.7, -0.3, 1, 15.8, 0, 48, 22, 13, 002D41DC0DBAE38FC0760DFF000A4E7A45D670BC
2022-10-03 22:00:00, 45.096800, -65.573600, 0, 2022, 10, 3, 22, 0, 12.96, 1025.4, -0.9, 1, 15.8, 0, 48, 20, 10, 002D41D80DB4E08F60760AFF000A4E9C45D720AC
2022-10-03 21:00:00, 45.095200, -65.590400, 0, 2022, 10, 3, 21, 0, 13.02, 1025.4, -1.6, 2, 15.8, 0, 52, 22, 9, 002D41D40DB4E14EF0B609FF000A4E9445D480BD
2022-10-03 20:00:00, 45.083800, -65.622000, 0, 2022, 10, 3, 20, 0, 13.28, 1026.0, -1.7, 2, 15.8, 0, 48, 20, 8, 002D41D00DC0E48EE0B608FF000A4E5B45CF90AC
2022-10-03 19:00:00, 45.065200, -65.658400, 0, 2022, 10, 3, 19, 0, 13.25, 1026.3, -1.9, 2, 15.8, 0, 52, 22, 9, 002D41CC0DC6E42EC0B609FF000A4DFE45C9E0BD
2022-10-03 18:00:00, 45.045800, -65.691400, 0, 2022, 10, 3, 18, 0, 13.22, 1027.0, -1.4, 2, 15.8, 0, 48, 22, 7, 002D41C80DD4E3CF10B607FF000A4D9D45C4B8BC
2022-10-03 17:00:00, 45.029600, -65.713400, 0, 2022, 10, 3, 17, 0, 13.13, 1027.7, -1.4, 2, 15.8, 0, 44, 22, 11, 002D41C40DE2E2AF10B60BFF000A4D4C45C148BB
2022-10-03 16:00:00, 45.020400, -65.719200, 0, 2022, 10, 3, 16, 0, 13.06, 1028.2, -0.5, 2, 15.8, 0, 48, 22, 6, 002D41C00DECE1CFA0B606FF000A4D1E45C060BC
2022-10-03 15:00:00, 45.019800, -65.707200, 0, 2022, 10, 3, 15, 0, 12.98, 1028.4, 0.2, 2, 15.8, 0, 44, 34, 8, 002D41BC0DF0E0D010B608FF000A4D1B45C2411B
2022-10-03 14:00:00, 45.026600, -65.679600, 0, 2022, 10, 3, 14, 0, 13.04, 1029.1, 1.7, 2, 15.8, 0, 48, 22, 7, 002D41B80DFEE19100B607FF000A4D3D45C690BC
2022-10-03 13:00:00, 45.041400, -65.640600, 0, 2022, 10, 3, 13, 0, 13.14, 1028.7, 1.8, 3, 15.8, 0, 44, 24, 8, 002D41B40DF6E2D110F608FF000A4D8745CCA8CB
2022-10-03 12:00:00, 45.060600, -65.596600, 0, 2022, 10, 3, 12, 0, 13.08, 1028.2, 1.4, 3, 15.8, 0, 48, 22, 8, 002D41B00DECE210D0F608FF000A4DE745D388BC
2022-10-03 11:00:00, 45.080000, -65.558800, 0, 2022, 10, 3, 11, 0, 13.12, 1027.3, 0.7, 3, 15.8, 0, 44, 22, 8, 002D41AC0DDAE29060F608FF000A4E4845D970BB
2022-10-03 10:00:00, 45.095400, -65.540200, 0, 2022, 10, 3, 10, 0, 12.84, 1026.9, -0.1, 4, 15.8, 0, 48, 70, 7, 002D41A80DD2DF0FE13607FF000A4E9545DC5A3C
2022-10-03 09:00:00, 45.100200, -65.544000, 0, 2022, 10, 3, 9, 0, 12.79, 1026.8, -0.5, 4, 15.8, 0, 44, 44, 11, 002D41A40DD0DE6FA1360BFF000A4EAD45DBC16B
2022-10-03 08:00:00, 45.098000, -65.566600, 0, 2022, 10, 3, 8, 0, 12.80, 1026.6, -0.6, 3, 15.8, 0, 44, 112, 7, 002D41A00DCCDE8F90F607FF000A4EA245D83B8B
2022-10-03 07:00:00, 45.089600, -65.606400, 0, 2022, 10, 3, 7, 0, 12.81, 1026.9, -0.5, 4, 15.8, 0, 48, 70, 7, 002D419C0DD2DEAFA13607FF000A4E7845D2023C
2022-10-03 06:00:00, 45.075600, -65.648800, 0, 2022, 10, 3, 6, 0, 12.80, 1027.3, -0.4, 3, 15.8, 0, 48, 52, 6, 002D41980DDADE8FB0F606FF000A4E3245CB61AC
2022-10-03 05:00:00, 45.061000, -65.684400, 0, 2022, 10, 3, 5, 0, 12.83, 1027.2, -0.3, 3, 15.8, 0, 44, 40, 8, 002D41940DD8DEEFC0F608FF000A4DE945C5D14B
2022-10-03 04:00:00, 45.049200, -65.705400, 0, 2022, 10, 3, 4, 0, 12.84, 1027.5, 0.2, 3, 15.8, 0, 48, 26, 7, 002D41900DDEDF1010F607FF000A4DAE45C288DC
2022-10-03 03:00:00, 45.044400, -65.706600, 0, 2022, 10, 3, 3, 0, 12.86, 1027.7, 1.0, 4, 15.8, 0, 48, 44, 9, 002D418C0DE2DF50913609FF000A4D9645C2596C
2022-10-03 02:00:00, 45.047800, -65.685400, 0, 2022, 10, 3, 2, 0, 12.88, 1027.5, 1.5, 5, 15.8, 0, 44, 82, 10, 002D41880DDEDF90E1760AFF000A4DA745C5AA9B
2022-10-03 01:00:00, 45.057800, -65.648600, 0, 2022, 10, 3, 1, 0, 12.92, 1027.2, 1.8, 5, 15.8, 0, 44, 130, 6, 002D41840DD8E011117606FF000A4DD945CB6C1B
2022-10-03 00:00:00, 45.073600, -65.600200, 0, 2022, 10, 3, 0, 0, 12.99, 1026.7, 2.0, 4, 15.8, 0, 48, 52, 10, 002D41800DCEE0F131360AFF000A4E2845D2F9AC
2022-10-02 23:00:00, 45.095600, -65.555400, 0, 2022, 10, 2, 23, 0, 13.10, 1026.0, 1.6, 4, 15.8, 0, 48, 82, 9, 002D415C0DC0E250F13609FF000A4E9645D9FA9C
2022-10-02 22:00:00, 45.115400, -65.526400, 0, 2022, 10, 2, 22, 0, 13.18, 1025.4, 1.0, 4, 15.8, 0, 44, 80, 11, 002D41580DB4E35091360BFF000A4EF945DE828B
2022-10-02 21:00:00, 45.128200, -65.515400, 0, 2022, 10, 2, 21, 0, 12.92, 1024.7, 0.1, 5, 15.8, 0, 48, 50, 10, 002D41540DA6E01001760AFF000A4F3945E0399C
2022-10-02 20:00:00, 45.129600, -65.525200, 0, 2022, 10, 2, 20, 0, 12.96, 1024.4, -0.8, 4, 15.8, 0, 48, 52, 8, 002D41500DA0E08F713608FF000A4F4045DEB1AC
2022-10-02 19:00:00, 45.123600, -65.554200, 0, 2022, 10, 2, 19, 0, 12.98, 1024.4, -0.9, 4, 15.8, 0, 48, 22, 7, 002D414C0DA0E0CF613607FF000A4F2245DA28BC
2022-10-02 18:00:00, 45.110800, -65.598200, 0, 2022, 10, 2, 18, 0, 12.98, 1024.6, -0.7, 6, 15.8, 0, 48, 86, 7, 002D41480DA4E0CF81B607FF000A4EE245D34ABC
2022-10-02 17:00:00, 45.094200, -65.643200, 0, 2022, 10, 2, 17, 0, 12.99, 1025.2, -0.3, 4, 15.8, 0, 44, 56, 12, 002D41440DB0E0EFC1360CFF000A4E8F45CC41CB
2022-10-02 16:00:00, 45.078800, -65.676200, 0, 2022, 10, 2, 16, 0, 12.98, 1025.3, 0.2, 5, 15.8, 0, 48, 26, 7, 002D41400DB2E0D0117607FF000A4E4245C718DC
2022-10-02 15:00:00, 45.069800, -65.690400, 0, 2022, 10, 2, 15, 0, 13.00, 1025.4, 1.0, 4, 15.8, 0, 44, 96, 13, 002D413C0DB4E11091360DFF000A4E1545C4E30B
2022-10-02 14:00:00, 45.068800, -65.684400, 0, 2022, 10, 2, 14, 0, 13.00, 1025.5, 1.6, 4, 15.8, 0, 48, 70, 12, 002D41380DB6E110F1360CFF000A4E1045C5D23C
2022-10-02 13:00:00, 45.076400, -65.659800, 0, 2022, 10, 2, 13, 0, 13.04, 1025.1, 2.0, 4, 15.8, 0, 44, 100, 14, 002D41340DAEE19131360EFF000A4E3645C9AB2B
2022-10-02 12:00:00, 45.090200, -65.622000, 0, 2022, 10, 2, 12, 0, 13.06, 1024.3, 2.3, 4, 15.8, 0, 48, 110, 7, 002D41300D9EE1D1613607FF000A4E7B45CF937C
2022-10-02 11:00:00, 45.109000, -65.575000, 0, 2022, 10, 2, 11, 0, 13.09, 1023.9, 2.2, 4, 15.8, 0, 48, 40, 9, 002D412C0D96E231513609FF000A4ED945D6E94C
2022-10-02 10:00:00, 45.127400, -65.540800, 0, 2022, 10, 2, 10, 0, 13.11, 1023.1, 2.1, 6, 15.8, 0, 44, 86, 19, 002D41280D86E27141B613FF000A4F3545DC42BB
2022-10-02 09:00:00, 45.139400, -65.524600, 0, 2022, 10, 2, 9, 0, 13.13, 1022.1, 0.9, 4, 15.8, 0, 44, 148, 19, 002D41240D72E2B0813613FF000A4F7145DECCAB
2022-10-02 08:00:00, 45.143800, -65.526600, 0, 2022, 10, 2, 8, 0, 13.16, 1021.7, 0.8, 5, 15.8, 0, 44, 106, 7, 002D41200D6AE310717607FF000A4F8745DE7B5B
2022-10-02 07:00:00, 45.142800, -65.548000, 0, 2022, 10, 2, 7, 0, 13.19, 1020.9, 0.4, 4, 15.8, 0, 44, 112, 8, 002D411C0D5AE370313608FF000A4F8245DB238B
2022-10-02 06:00:00, 45.136800, -65.585600, 0, 2022, 10, 2, 6, 0, 13.19, 1021.1, 0.9, 4, 15.8, 0, 44, 50, 7, 002D41180D5EE370813607FF000A4F6445D5419B
2022-10-02 05:00:00, 45.124800, -65.632000, 0, 2022, 10, 2, 5, 0, 13.21, 1020.9, 0.8, 3, 15.8, 0, 44, 32, 10, 002D41140D5AE3B070F60AFF000A4F2845CE010B
2022-10-02 04:00:00, 45.113600, -65.672600, 0, 2022, 10, 2, 4, 0, 13.22, 1020.6, 0.3, 3, 15.8, 0, 48, 86, 9, 002D41100D54E3D020F609FF000A4EF045C7AABC
2022-10-02 03:00:00, 45.105800, -65.701400, 0, 2022, 10, 2, 3, 0, 13.22, 1020.3, 0.1, 3, 15.8, 0, 48, 22, 8, 002D410C0D4EE3D000F608FF000A4EC945C328BC
2022-10-02 02:00:00, 45.104200, -65.707800, 0, 2022, 10, 2, 2, 0, 13.34, 1020.1, 0.3, 3, 15.8, 0, 44, 22, 10, 002D41080D4AE55020F60AFF000A4EC145C228BB
2022-10-02 01:00:00, 45.109000, -65.689000, 0, 2022, 10, 2, 1, 0, 13.37, 1020.3, 0.7, 3, 15.8, 0, 48, 22, 10, 002D41040D4EE5B060F60AFF000A4ED945C518BC
2022-10-02 00:00:00, 45.120600, -65.652600, 0, 2022, 10, 2, 0, 0, 13.18, 1020.2, 0.9, 2, 15.8, 0, 48, 28, 8, 002D41000D4CE35080B608FF000A4F1345CAC8EC
2022-10-01 23:00:00, 45.137000, -65.602800, 0, 2022, 10, 1, 23, 0, 13.19, 1019.9, 1.0, 3, 15.8, 0, 48, 52, 10, 002D40DC0D46E37090F60AFF000A4F6545D291AC
2022-10-01 22:00:00, 45.152800, -65.558200, 0, 2022, 10, 1, 22, 0, 13.20, 1019.6, 1.1, 3, 15.8, 0, 48, 26, 7, 002D40D80D40E390A0F607FF000A4FB445D988DC
2022-10-01 21:00:00, 45.163400, -65.528800, 0, 2022, 10, 1, 21, 0, 13.23, 1019.2, 0.6, 3, 15.8, 0, 48, 56, 6, 002D40D40D38E3F050F606FF000A4FE945DE21CC
2022-10-01 20:00:00, 45.168400, -65.519200, 0, 2022, 10, 1, 20, 0, 13.36, 1018.9, -1.1, 3, 15.8, 0, 48, 22, 8, 002D40D00D32E58F40F608FF000A500245DFA0BC
2022-10-01 19:00:00, 45.166400, -65.531400, 0, 2022, 10, 1, 19, 0, 13.29, 1018.5, -2.1, 3, 15.8, 0, 48, 52, 10, 002D40CC0D2AE4AEA0F60AFF000A4FF845DDB9AC
2022-10-01 18:00:00, 45.158600, -65.561600, 0, 2022, 10, 1, 18, 0, 13.36, 1018.6, -2.4, 3, 15.8, 0, 48, 56, 7, 002D40C80D2CE58E70F607FF000A4FD145D901CC
2022-10-01 17:00:00, 45.145200, -65.604400, 0, 2022, 10, 1, 17, 0, 13.31, 1020.0, -1.1, 3, 15.8, 0, 48, 20, 6, 002D40C40D48E4EF40F606FF000A4F8E45D250AC
2022-10-01 16:00:00, 45.129000, -65.653600, 0, 2022, 10, 1, 16, 0, 13.37, 1020.5, -0.6, 3, 15.8, 0, 48, 22, 9, 002D40C00D52E5AF90F609FF000A4F3D45CAA0BC
2022-10-01 15:00:00, 45.116400, -65.688800, 0, 2022, 10, 1, 15, 0, 13.30, 1021.0, -0.1, 3, 15.8, 0, 44, 22, 8, 002D40BC0D5CE4CFE0F608FF000A4EFE45C520BB
2022-10-01 14:00:00, 45.109800, -65.705200, 0, 2022, 10, 1, 14, 0, 13.32, 1021.1, 0.3, 3, 15.8, 0, 44, 46, 7, 002D40B80D5EE51020F607FF000A4EDD45C2917B
2022-10-01 13:00:00, 45.110800, -65.699600, 0, 2022, 10, 1, 13, 0, 13.61, 1021.1, 1.0, 2, 15.8, 0, 44, 82, 27, 002D40B40D5EE8B090B61BFF000A4EE245C3729B
2022-10-01 12:00:00, 45.119200, -65.672600, 0, 2022, 10, 1, 12, 0, 13.29, 1021.2, 1.1, 3, 15.8, 0, 48, 22, 11, 002D40B00D60E4B0A0F60BFF000A4F0C45C7A8BC
2022-10-01 11:00:00, 45.132400, -65.632400, 0, 2022, 10, 1, 11, 0, 13.23, 1020.8, 0.8, 3, 15.8, 0, 48, 44, 17, 002D40AC0D58E3F070F611FF000A4F4E45CDF16C
2022-10-01 10:00:00, 45.149000, -65.585600, 0, 2022, 10, 1, 10, 0, 13.25, 1020.0, 0.0, 3, 15.8, 0, 48, 22, 10, 002D40A80D48E42FF0F60AFF000A4FA145D540BC
2022-10-01 09:00:00, 45.162200, -65.549000, 0, 2022, 10, 1, 9, 0, 13.21, 1020.0, -0.7, 2, 15.8, 0, 44, 74, 10, 002D40A40D48E3AF80B60AFF000A4FE345DAFA5B
2022-10-01 08:00:00, 45.170200, -65.528000, 0, 2022, 10, 1, 8, 0, 13.20, 1019.9, -1.3, 3, 15.8, 0, 48, 50, 6, 002D40A00D46E38F20F606FF000A500B45DE419C
2022-10-01 07:00:00, 45.170800, -65.526800, 0, 2022, 10, 1, 7, 0, 13.20, 1020.1, -1.8, 3, 15.8, 0, 44, 70, 6, 002D409C0D4AE38ED0F606FF000A500E45DE723B
2022-10-01 06:00:00, 45.163600, -65.545200, 0, 2022, 10, 1, 6, 0, 13.20, 1020.7, -1.3, 3, 15.8, 0, 48, 22, 8, 002D40980D56E38F20F608FF000A4FEA45DB90BC
2022-10-01 05:00:00, 45.151400, -65.578800, 0, 2022, 10, 1, 5, 0, 13.18, 1021.3, -1.2, 4, 15.8, 0, 44, 52, 10, 002D40940D62E34F31360AFF000A4FAD45D651AB
2022-10-01 04:00:00, 45.133800, -65.625400, 0, 2022, 10, 1, 4, 0, 13.16, 1021.8, -0.8, 3, 15.8, 0, 48, 26, 10, 002D40900D6CE30F70F60AFF000A4F5545CF08DC
2022-10-01 03:00:00, 45.115400, -65.666600, 0, 2022, 10, 1, 3, 0, 13.16, 1022.0, -1.1, 3, 15.8, 0, 48, 40, 11, 002D408C0D70E30F40F60BFF000A4EF945C8994C
2022-10-01 02:00:00, 45.102400, -65.690200, 0, 2022, 10, 1, 2, 0, 13.15, 1022.5, -0.5, 3, 15.8, 0, 44, 26, 11, 002D40880D7AE2EFA0F60BFF000A4EB845C4E8DB
2022-10-01 01:00:00, 45.097000, -65.693000, 0, 2022, 10, 1, 1, 0, 13.14, 1022.6, -0.3, 3, 15.8, 0, 48, 22, 9, 002D40840D7CE2CFC0F609FF000A4E9D45C478BC
2022-10-01 00:00:00, 45.099600, -65.674600, 0, 2022, 10, 1, 0, 0, 13.15, 1023.1, 0.1, 4, 15.8, 0, 48, 82, 7, 002D40800D86E2F0013607FF000A4EAA45C75A9C
2022-09-30 23:00:00, 45.110000, -65.635600, 0, 2022, 9, 30, 23, 0, 13.18, 1023.0, -0.4, 4, 15.8, 0, 48, 22, 7, 002D2F5C0D84E34FB13607FF000A4EDE45CD70BC
2022-09-30 22:00:00, 45.127000, -65.585200, 0, 2022, 9, 30, 22, 0, 13.21, 1022.9, -0.9, 3, 15.8, 0, 48, 28, 22, 002D2F580D82E3AF60F616FF000A4F3345D550EC
2022-09-30 21:00:00, 45.143000, -65.541400, 0, 2022, 9, 30, 21, 0, 13.22, 1023.0, -1.5, 3, 15.8, 0, 48, 26, 10, 002D2F540D84E3CF00F60AFF000A4F8345DC28DC
2022-09-30 20:00:00, 45.154000, -65.515800, 0, 2022, 9, 30, 20, 0, 13.18, 1023.3, -1.9, 4, 15.8, 0, 48, 22, 7, 002D2F500D8AE34EC13607FF000A4FBA45E028BC
2022-09-30 19:00:00, 45.157800, -65.510200, 0, 2022, 9, 30, 19, 0, 13.33, 1023.8, -2.4, 2, 15.8, 0, 48, 26, 9, 002D2F4C0D94E52E70B609FF000A4FCD45E108DC
2022-09-30 18:00:00, 45.153600, -65.527000, 0, 2022, 9, 30, 18, 0, 13.35, 1024.5, -2.4, 2, 15.8, 0, 48, 22, 7, 002D2F480DA2E56E70B607FF000A4FB845DE68BC
2022-09-30 17:00:00, 45.142400, -65.563200, 0, 2022, 9, 30, 17, 0, 13.26, 1025.3, -2.4, 2, 15.8, 0, 44, 22, 7, 002D2F440DB2E44E70B607FF000A4F8045D8C0BB
2022-09-30 16:00:00, 45.125000, -65.615000, 0, 2022, 9, 30, 16, 0, 13.31, 1026.2, -1.9, 2, 15.8, 0, 48, 22, 14, 002D2F400DC4E4EEC0B60EFF000A4F2945D0A8BC
2022-09-30 15:00:00, 45.107000, -65.663600, 0, 2022, 9, 30, 15, 0, 13.14, 1026.9, -0.7, 2, 15.8, 0, 48, 20, 9, 002D2F3C0DD2E2CF80B609FF000A4ECF45C910AC
2022-09-30 14:00:00, 45.093400, -65.697000, 0, 2022, 9, 30, 14, 0, 13.13, 1027.6, 0.2, 2, 15.8, 0, 48, 22, 7, 002D2F380DE0E2B010B607FF000A4E8B45C3D8BC
2022-09-30 13:00:00, 45.086800, -65.708400, 0, 2022, 9, 30, 13, 0, 13.11, 1028.1, 0.7, 3, 15.8, 0, 44, 22, 6, 002D2F340DEAE27060F606FF000A4E6A45C210BB
2022-09-30 12:00:00, 45.088600, -65.695800, 0, 2022, 9, 30, 12, 0, 13.10, 1027.6, 0.4, 3, 15.8, 0, 48, 22, 9, 002D2F300DE0E25030F609FF000A4E7345C408BC
2022-09-30 11:00:00, 45.098400, -65.663800, 0, 2022, 9, 30, 11, 0, 13.13, 1027.4, 0.8, 2, 15.8, 0, 48, 24, 15, 002D2F2C0DDCE2B070B60FFF000A4EA445C908CC
2022-09-30 10:00:00, 45.115800, -65.616200, 0, 2022, 9, 30, 10, 0, 13.16, 1027.4, 0.8, 3, 15.8, 0, 48, 22, 10, 002D2F280DDCE31070F60AFF000A4EFB45D078BC
2022-09-30 09:00:00, 45.137200, -65.569600, 0, 2022, 9, 30, 9, 0, 13.20, 1027.2, 0.4, 2, 15.8, 0, 48, 26, 8, 002D2F240DD8E39030B608FF000A4F6645D7C0DC
2022-09-30 08:00:00, 45.153200, -65.538800, 0, 2022, 9, 30, 8, 0, 13.22, 1026.6, 0.0, 2, 15.8, 0, 44, 22, 10, 002D2F200DCCE3CFF0B60AFF000A4FB645DC90BB
2022-09-30 07:00:00, 45.162800, -65.528600, 0, 2022, 9, 30, 7, 0, 13.25, 1026.6, 0.0, 2, 15.8, 0, 48, 22, 14, 002D2F1C0DCCE42FF0B60EFF000A4FE645DE28BC
2022-09-30 06:00:00, 45.164200, -65.541200, 0, 2022, 9, 30, 6, 0, 13.28, 1026.7, 0.3, 3, 15.8, 0, 48, 22, 7, 002D2F180DCEE49020F607FF000A4FED45DC30BC
2022-09-30 05:00:00, 45.158200, -65.575000, 0, 2022, 9, 30, 5, 0, 13.29, 1026.6, 0.1, 3, 15.8, 0, 44, 22, 10, 002D2F140DCCE4B000F60AFF000A4FCF45D6E8BB
2022-09-30 04:00:00, 45.146800, -65.625000, 0, 2022, 9, 30, 4, 0, 13.33, 1026.6, 0.4, 3, 15.8, 0, 48, 22, 7, 002D2F100DCCE53030F607FF000A4F9645CF18BC
2022-09-30 03:00:00, 45.131800, -65.676600, 0, 2022, 9, 30, 3, 0, 13.35, 1026.5, 0.6, 3, 15.8, 0, 48, 26, 20, 002D2F0C0DCAE57050F614FF000A4F4B45C708DC
2022-09-30 02:00:00, 45.119800, -65.718000, 0, 2022, 9, 30, 2, 0, 13.33, 1026.5, 1.2, 3, 15.8, 0, 44, 22, 11, 002D2F080DCAE530B0F60BFF000A4F0F45C090BB
2022-09-30 01:00:00, 45.113400, -65.739200, 0, 2022, 9, 30, 1, 0, 13.35, 1026.3, 1.8, 3, 15.8, 0, 48, 22, 10, 002D2F040DC6E57110F60AFF000A4EEF45BD40BC
2022-09-30 00:00:00, 45.113600, -65.733000, 0, 2022, 9, 30, 0, 0, 13.40, 1025.9, 2.1, 3, 15.8, 0, 48, 22, 20, 002D2F000DBEE61140F614FF000A4EF045BE38BC
2022-09-29 23:00:00, 45.122000, -65.700600, 0, 2022, 9, 29, 23, 0, 13.53, 1025.2, 2.1, 3, 15.8, 0, 48, 76, 11, 002D2EDC0DB0E7B140F60BFF000A4F1A45C34A6C
2022-09-29 22:00:00, 45.137800, -65.649000, 0, 2022, 9, 29, 22, 0, 14.16, 1024.5, 1.9, 2, 15.8, 0, 44, 38, 9, 002D2ED80DA2EF9120B609FF000A4F6945CB593B
2022-09-29 21:00:00, 45.158600, -65.590400, 0, 2022, 9, 29, 21, 0, 14.14, 1023.8, 1.3, 3, 15.8, 0, 52, 22, 9, 002D2ED40D94EF50C0F609FF000A4FD145D480BD
2022-09-29 20:00:00, 45.175400, -65.544200, 0, 2022, 9, 29, 20, 0, 13.56, 1023.1, 0.3, 3, 15.8, 0, 48, 22, 7, 002D2ED00D86E81020F607FF000A502545DBB8BC
2022-09-29 19:00:00, 45.184800, -65.516400, 0, 2022, 9, 29, 19, 0, 13.40, 1022.6, -0.5, 3, 15.8, 0, 48, 22, 10, 002D2ECC0D7CE60FA0F60AFF000A505445E010BC
2022-09-29 18:00:00, 45.184800, -65.512400, 0, 2022, 9, 29, 18, 0, 13.31, 1022.5, -0.7, 2, 15.8, 0, 48, 22, 9, 002D2EC80D7AE4EF80B609FF000A505445E0B0BC
2022-09-29 17:00:00, 45.176400, -65.531800, 0, 2022, 9, 29, 17, 0, 13.26, 1022.9, -0.6, 3, 15.8, 0, 44, 22, 14, 002D2EC40D82E44F90F60EFF000A502A45DDA8BB
2022-09-29 16:00:00, 45.161600, -65.566000, 0, 2022, 9, 29, 16, 0, 13.29, 1023.1, -0.1, 2, 15.8, 0, 48, 22, 10, 002D2EC00D86E4AFE0B60AFF000A4FE045D850BC
2022-09-29 15:00:00, 45.144400, -65.617400, 0, 2022, 9, 29, 15, 0, 13.30, 1023.2, 0.4, 2, 15.8, 0, 48, 22, 9, 002D2EBC0D88E4D030B609FF000A4F8A45D048BC
2022-09-29 14:00:00, 45.126200, -65.666400, 0, 2022, 9, 29, 14, 0, 13.18, 1023.4, 1.3, 3, 15.8, 0, 44, 22, 11, 002D2EB80D8CE350C0F60BFF000A4F2F45C8A0BB
2022-09-29 13:00:00, 45.113200, -65.698000, 0, 2022, 9, 29, 13, 0, 13.14, 1023.2, 1.9, 2, 15.8, 0, 44, 22, 11, 002D2EB40D88E2D120B60BFF000A4EEE45C3B0BB
2022-09-29 12:00:00, 45.108600, -65.706800, 0, 2022, 9, 29, 12, 0, 13.18, 1022.9, 2.7, 3, 15.8, 0, 48, 22, 7, 002D2EB00D82E351A0F607FF000A4ED745C250BC
2022-09-29 11:00:00, 45.112400, -65.692000, 0, 2022, 9, 29, 11, 0, 13.17, 1022.1, 2.4, 3, 15.8, 0, 48, 22, 12, 002D2EAC0D72E33170F60CFF000A4EEA45C4A0BC
2022-09-29 10:00:00, 45.123800, -65.655000, 0, 2022, 9, 29, 10, 0, 13.17, 1021.3, 2.1, 3, 15.8, 0, 48, 28, 6, 002D2EA80D62E33140F606FF000A4F2345CA68EC
2022-09-29 09:00:00, 45.142400, -65.603000, 0, 2022, 9, 29, 9, 0, 13.20, 1020.2, 1.3, 3, 15.8, 0, 48, 26, 17, 002D2EA40D4CE390C0F611FF000A4F8045D288DC
2022-09-29 08:00:00, 45.160200, -65.558400, 0, 2022, 9, 29, 8, 0, 13.23, 1019.7, 1.3, 2, 15.8, 0, 44, 26, 7, 002D2EA00D42E3F0C0B607FF000A4FD945D980DB
2022-09-29 07:00:00, 45.172600, -65.528800, 0, 2022, 9, 29, 7, 0, 13.25, 1019.2, 1.0, 3, 15.8, 0, 48, 22, 11, 002D2E9C0D38E43090F60BFF000A501745DE20BC
2022-09-29 06:00:00, 45.177600, -65.520800, 0, 2022, 9, 29, 6, 0, 13.26, 1018.8, 0.8, 2, 15.8, 0, 44, 22, 6, 002D2E980D30E45070B606FF000A503045DF60BB
2022-09-29 05:00:00, 45.174200, -65.536200, 0, 2022, 9, 29, 5, 0, 13.21, 1018.4, 0.7, 3, 15.8, 0, 44, 22, 9, 002D2E940D28E3B060F609FF000A501F45DCF8BB
2022-09-29 04:00:00, 45.163600, -65.572600, 0, 2022, 9, 29, 4, 0, 13.22, 1018.2, 0.7, 3, 15.8, 0, 48, 44, 11, 002D2E900D24E3D060F60BFF000A4FEA45D7496C
2022-09-29 03:00:00, 45.146000, -65.624800, 0, 2022, 9, 29, 3, 0, 13.19, 1018.1, 0.9, 3, 15.8, 0, 48, 52, 10, 002D2E8C0D22E37080F60AFF000A4F9245CF21AC
2022-09-29 02:00:00, 45.126400, -65.674600, 0, 2022, 9, 29, 2, 0, 13.18, 1017.7, 1.4, 3, 15.8, 0, 48, 52, 8, 002D2E880D1AE350D0F608FF000A4F3045C759AC
2022-09-29 01:00:00, 45.111000, -65.709400, 0, 2022, 9, 29, 1, 0, 13.20, 1017.5, 2.3, 3, 15.8, 0, 48, 50, 10, 002D2E840D16E39160F60AFF000A4EE345C1E99C
2022-09-29 00:00:00, 45.103400, -65.721200, 0, 2022, 9, 29, 0, 0, 13.18, 1017.2, 2.7, 3, 15.8, 0, 48, 70, 11, 002D2E800D10E351A0F60BFF000A4EBD45C0123C
2022-09-28 23:00:00, 45.104200, -65.708200, 0, 2022, 9, 28, 23, 0, 13.23, 1016.3, 2.8, 4, 15.8, 0, 44, 52, 10, 002D2E5C0CFEE3F1B1360AFF000A4EC145C219AB
2022-09-28 22:00:00, 45.113600, -65.673400, 0, 2022, 9, 28, 22, 0, 13.30, 1015.2, 2.3, 4, 15.8, 0, 48, 44, 7, 002D2E580CE8E4D1613607FF000A4EF045C7896C
2022-09-28 21:00:00, 45.131800, -65.620200, 0, 2022, 9, 28, 21, 0, 13.48, 1014.4, 1.7, 3, 15.8, 0, 48, 26, 7, 002D2E540CD8E71100F607FF000A4F4B45CFD8DC
2022-09-28 20:00:00, 45.153000, -65.569400, 0, 2022, 9, 28, 20, 0, 13.55, 1013.5, 0.7, 3, 15.8, 0, 48, 46, 9, 002D2E500CC6E7F060F609FF000A4FB545D7C97C
2022-09-28 19:00:00, 45.170400, -65.534400, 0, 2022, 9, 28, 19, 0, 13.68, 1012.9, -0.2, 3, 15.8, 0, 48, 44, 10, 002D2E4C0CBAE98FD0F60AFF000A500C45DD416C
2022-09-28 18:00:00, 45.182600, -65.520200, 0, 2022, 9, 28, 18, 0, 13.81, 1012.7, -0.6, 3, 15.8, 0, 48, 26, 6, 002D2E480CB6EB2F90F606FF000A504945DF78DC
2022-09-28 17:00:00, 45.187000, -65.531000, 0, 2022, 9, 28, 17, 0, 13.86, 1012.8, -0.7, 2, 15.8, 0, 44, 22, 6, 002D2E440CB8EBCF80B606FF000A505F45DDC8BB
2022-09-28 16:00:00, 45.183800, -65.564400, 0, 2022, 9, 28, 16, 0, 13.75, 1013.1, -0.4, 3, 15.8, 0, 48, 22, 10, 002D2E400CBEEA6FB0F60AFF000A504F45D890BC
2022-09-28 15:00:00, 45.174800, -65.612400, 0, 2022, 9, 28, 15, 0, 13.78, 1013.3, -0.3, 2, 15.8, 0, 48, 22, 7, 002D2E3C0CC2EACFC0B607FF000A502245D110BC
2022-09-28 14:00:00, 45.161800, -65.668600, 0, 2022, 9, 28, 14, 0, 13.74, 1013.5, 0.2, 2, 15.8, 0, 48, 20, 12, 002D2E380CC6EA5010B60CFF000A4FE145C848AC
2022-09-28 13:00:00, 45.150000, -65.712000, 0, 2022, 9, 28, 13, 0, 13.66, 1013.5, 0.5, 2, 15.8, 0, 44, 22, 13, 002D2E340CC6E95040B60DFF000A4FA645C180BB
2022-09-28 12:00:00, 45.142600, -65.735200, 0, 2022, 9, 28, 12, 0, 13.59, 1013.6, 0.8, 2, 15.8, 0, 48, 22, 7, 002D2E300CC8E87070B607FF000A4F8145BDE0BC
2022-09-28 11:00:00, 45.141800, -65.733000, 0, 2022, 9, 28, 11, 0, 13.60, 1013.3, 0.7, 3, 15.8, 0, 48, 22, 6, 002D2E2C0CC2E89060F606FF000A4F7D45BE38BC
2022-09-28 10:00:00, 45.148400, -65.706400, 0, 2022, 9, 28, 10, 0, 13.69, 1013.0, 0.4, 3, 15.8, 0, 48, 22, 20, 002D2E280CBCE9B030F614FF000A4F9E45C260BC
2022-09-28 09:00:00, 45.163600, -65.652000, 0, 2022, 9, 28, 9, 0, 13.95, 1012.8, -0.1, 3, 15.8, 0, 48, 22, 6, 002D2E240CB8ECEFE0F606FF000A4FEA45CAE0BC
2022-09-28 08:00:00, 45.185800, -65.590600, 0, 2022, 9, 28, 8, 0, 13.98, 1012.6, 0.1, 2, 15.8, 0, 48, 26, 7, 002D2E200CB4ED5000B607FF000A505945D478DC
2022-09-28 07:00:00, 45.208600, -65.541400, 0, 2022, 9, 28, 7, 0, 13.96, 1012.6, 0.6, 3, 15.8, 0, 48, 22, 8, 002D2E1C0CB4ED1050F608FF000A50CB45DC28BC
2022-09-28 06:00:00, 45.225800, -65.511600, 0, 2022, 9, 28, 6, 0, 13.90, 1012.8, 1.0, 3, 15.8, 0, 44, 22, 6, 002D2E180CB8EC5090F606FF000A512145E0D0BB
2022-09-28 05:00:00, 45.233400, -65.505800, 0, 2022, 9, 28, 5, 0, 13.92, 1012.5, 0.7, 3, 15.8, 0, 44, 22, 9, 002D2E140CB2EC9060F609FF000A514745E1B8BB
2022-09-28 04:00:00, 45.229800, -65.522200, 0, 2022, 9, 28, 4, 0, 13.93, 1011.9, 0.0, 2, 15.8, 0, 48, 26, 11, 002D2E100CA6ECAFF0B60BFF000A513545DF28DC
2022-09-28 03:00:00, 45.218200, -65.554400, 0, 2022, 9, 28, 3, 0, 13.93, 1011.8, 0.0, 2, 15.8, 0, 48, 22, 9, 002D2E0C0CA4ECAFF0B609FF000A50FB45DA20BC
2022-09-28 02:00:00, 45.202200, -65.595000, 0, 2022, 9, 28, 2, 0, 13.97, 1011.8, 0.3, 2, 15.8, 0, 48, 22, 11, 002D2E080CA4ED3020B60BFF000A50AB45D3C8BC
2022-09-28 01:00:00, 45.186000, -65.636000, 0, 2022, 9, 28, 1, 0, 14.08, 1012.0, 1.0, 2, 15.8, 0, 48, 22, 11, 002D2E040CA8EE9090B60BFF000A505A45CD60BC
2022-09-28 00:00:00, 45.174600, -65.659800, 0, 2022, 9, 28, 0, 0, 14.09, 1011.8, 1.6, 2, 15.8, 0, 48, 22, 7, 002D2E000CA4EEB0F0B607FF000A502145C9A8BC
2022-09-27 23:00:00, 45.171000, -65.656600, 0, 2022, 9, 27, 23, 0, 14.13, 1011.5, 1.8, 2, 15.8, 0, 48, 22, 6, 002D2DDC0C9EEF3110B606FF000A500F45CA28BC
2022-09-27 22:00:00, 45.177200, -65.625800, 0, 2022, 9, 27, 22, 0, 14.26, 1011.0, 1.3, 3, 15.8, 0, 48, 22, 12, 002D2DD80C94F0D0C0F60CFF000A502E45CEF8BC
2022-09-27 21:00:00, 45.193000, -65.576800, 0, 2022, 9, 27, 21, 0, 14.46, 1010.2, 0.0, 3, 15.8, 0, 48, 26, 8, 002D2DD40C84F34FF0F608FF000A507D45D6A0DC
2022-09-27 20:00:00, 45.215600, -65.519000, 0, 2022, 9, 27, 20, 0, 14.89, 1009.7, -1.2, 2, 15.8, 0, 52, 22, 7, 002D2DD00C7AF8AF30B607FF000A50EE45DFA8BD
2022-09-27 19:00:00, 45.240400, -65.463600, 0, 2022, 9, 27, 19, 0, 14.94, 1009.7, -2.0, 2, 15.8, 0, 48, 26, 8, 002D2DCC0C7AF94EB0B608FF000A516A45E850DC
2022-09-27 18:00:00, 45.259800, -65.426200, 0, 2022, 9, 27, 18, 0, 14.58, 1010.2, -1.6, 2, 15.8, 0, 48, 22, 10, 002D2DC80C84F4CEF0B60AFF000A51CB45EE28BC
2022-09-27 17:00:00, 45.267400, -65.416200, 0, 2022, 9, 27, 17, 0, 14.23, 1010.9, -1.6, 3, 15.8, 0, 48, 22, 8, 002D2DC40C92F06EF0F608FF000A51F145EFB8BC
2022-09-27 16:00:00, 45.262200, -65.427200, 0, 2022, 9, 27, 16, 0, 14.12, 1011.6, -0.8, 3, 15.8, 0, 48, 26, 10, 002D2DC00CA0EF0F70F60AFF000A51D745EE00DC
2022-09-27 15:00:00, 45.246600, -65.460000, 0, 2022, 9, 27, 15, 0, 14.01, 1011.8, -0.2, 3, 15.8, 0, 48, 22, 14, 002D2DBC0CA4EDAFD0F60EFF000A518945E8E0BC
2022-09-27 14:00:00, 45.224400, -65.504800, 0, 2022, 9, 27, 14, 0, 14.11, 1012.5, 0.4, 3, 15.8, 0, 48, 46, 7, 002D2DB80CB2EEF030F607FF000A511A45E1E17C
2022-09-27 13:00:00, 45.203000, -65.546800, 0, 2022, 9, 27, 13, 0, 14.08, 1012.4, 0.9, 4, 15.8, 0, 44, 22, 9, 002D2DB40CB0EE90813609FF000A50AF45DB50BB
2022-09-27 12:00:00, 45.188200, -65.573600, 0, 2022, 9, 27, 12, 0, 14.03, 1012.0, 1.0, 4, 15.8, 0, 48, 52, 9, 002D2DB00CA8EDF0913609FF000A506545D721AC
2022-09-27 11:00:00, 45.182200, -65.578800, 0, 2022, 9, 27, 11, 0, 14.06, 1012.1, 1.6, 4, 15.8, 0, 48, 70, 14, 002D2DAC0CAAEE50F1360EFF000A504745D6523C
2022-09-27 10:00:00, 45.186400, -65.560400, 0, 2022, 9, 27, 10, 0, 14.07, 1011.4, 1.7, 4, 15.8, 0, 48, 40, 8, 002D2DA80C9CEE71013608FF000A505C45D9314C
2022-09-27 09:00:00, 45.199800, -65.520400, 0, 2022, 9, 27, 9, 0, 14.10, 1011.0, 1.2, 4, 15.8, 0, 48, 56, 7, 002D2DA40C94EED0B13607FF000A509F45DF71CC
2022-09-27 08:00:00, 45.222000, -65.466200, 0, 2022, 9, 27, 8, 0, 14.20, 1010.5, 1.3, 4, 15.8, 0, 48, 52, 7, 002D2DA00C8AF010C13607FF000A510E45E7E9AC
2022-09-27 07:00:00, 45.251600, -65.411000, 0, 2022, 9, 27, 7, 0, 14.19, 1009.8, 0.6, 3, 15.8, 0, 48, 28, 19, 002D2D9C0C7CEFF050F613FF000A51A245F088EC
2022-09-27 06:00:00, 45.272400, -65.377200, 0, 2022, 9, 27, 6, 0, 14.23, 1009.8, 0.6, 3, 15.8, 0, 44, 44, 10, 002D2D980C7CF07050F60AFF000A520A45F5D16B
2022-09-27 05:00:00, 45.280000, -65.365400, 0, 2022, 9, 27, 5, 0, 14.07, 1009.2, 0.3, 3, 15.8, 0, 48, 22, 9, 002D2D940C70EE7020F609FF000A523045F7A8BC
2022-09-27 04:00:00, 45.275400, -65.374400, 0, 2022, 9, 27, 4, 0, 14.05, 1009.1, 0.2, 3, 15.8, 0, 48, 82, 7, 002D2D900C6EEE3010F607FF000A521945F6429C
2022-09-27 03:00:00, 45.260400, -65.402200, 0, 2022, 9, 27, 3, 0, 14.06, 1009.2, 0.6, 4, 15.8, 0, 48, 46, 9, 002D2D8C0C70EE50513609FF000A51CE45F1E97C
2022-09-27 02:00:00, 45.237800, -65.449200, 0, 2022, 9, 27, 2, 0, 14.05, 1008.9, 1.1, 4, 15.8, 0, 44, 56, 7, 002D2D880C6AEE30A13607FF000A515D45EA91CB
2022-09-27 01:00:00, 45.213200, -65.499000, 0, 2022, 9, 27, 1, 0, 14.10, 1009.0, 1.9, 4, 15.8, 0, 48, 52, 6, 002D2D840C6CEED1213606FF000A50E245E2C9AC
2022-09-27 00:00:00, 45.194800, -65.536000, 0, 2022, 9, 27, 0, 0, 14.09, 1008.6, 2.0, 7, 15.8, 0, 44, 52, 9, 002D2D800C64EEB131F609FF000A508645DD01AB
2022-09-26 23:00:00, 45.185000, -65.552200, 0, 2022, 9, 26, 23, 0, 14.18, 1007.8, 2.2, 4, 15.8, 0, 48, 70, 10, 002D2D5C0C54EFD151360AFF000A505545DA7A3C
2022-09-26 22:00:00, 45.186600, -65.543800, 0, 2022, 9, 26, 22, 0, 14.16, 1007.1, 2.7, 6, 15.8, 0, 48, 40, 7, 002D2D580C46EF91A1B607FF000A505D45DBC94C
2022-09-26 21:00:00, 45.198600, -65.514400, 0, 2022, 9, 26, 21, 0, 14.29, 1006.5, 2.9, 4, 15.8, 0, 48, 190, 6, 002D2D540C3AF131C13606FF000A509945E065FC
2022-09-26 20:00:00, 45.221200, -65.466600, 0, 2022, 9, 26, 20, 0, 14.42, 1005.6, 1.9, 5, 15.8, 0, 48, 192, 9, 002D2D500C28F2D1217609FF000A510A45E7DE0C
2022-09-26 19:00:00, 45.254000, -65.406200, 0, 2022, 9, 26, 19, 0, 14.47, 1004.4, 1.0, 5, 15.8, 0, 48, 40, 11, 002D2D4C0C10F37091760BFF000A51AE45F1494C
2022-09-26 18:00:00, 45.276200, -65.364200, 0, 2022, 9, 26, 18, 0, 14.39, 1003.7, 0.0, 3, 15.8, 0, 44, 52, 10, 002D2D480C02F26FF0F60AFF000A521D45F7D9AB
2022-09-26 17:00:00, 45.288000, -65.344600, 0, 2022, 9, 26, 17, 0, 14.43, 1003.7, -0.6, 3, 15.8, 0, 48, 22, 12, 002D2D440C02F2EF90F60CFF000A525845FAE8BC
2022-09-26 16:00:00, 45.289800, -65.347600, 0, 2022, 9, 26, 16, 0, 14.31, 1003.4, -1.3, 3, 15.8, 0, 48, 22, 10, 002D2D400BFCF16F20F60AFF000A526145FA70BC
2022-09-26 15:00:00, 45.281000, -65.371800, 0, 2022, 9, 26, 15, 0, 14.09, 1003.7, -1.1, 3, 15.8, 0, 48, 22, 8, 002D2D3C0C02EEAF40F608FF000A523545F6A8BC
2022-09-26 14:00:00, 45.262200, -65.411000, 0, 2022, 9, 26, 14, 0, 14.10, 1004.3, -0.5, 4, 15.8, 0, 44, 40, 13, 002D2D380C0EEECFA1360DFF000A51D745F0894B
2022-09-26 13:00:00, 45.239600, -65.461200, 0, 2022, 9, 26, 13, 0, 14.16, 1004.7, -0.3, 3, 15.8, 0, 48, 22, 7, 002D2D340C16EF8FC0F607FF000A516645E8B0BC
2022-09-26 12:00:00, 45.219000, -65.503400, 0, 2022, 9, 26, 12, 0, 14.16, 1004.7, 0.3, 4, 15.8, 0, 48, 22, 9, 002D2D300C16EF90213609FF000A50FF45E218BC
2022-09-26 11:00:00, 45.206400, -65.524200, 0, 2022, 9, 26, 11, 0, 14.19, 1004.8, 0.2, 3, 15.8, 0, 48, 46, 7, 002D2D2C0C18EFF010F607FF000A50C045DED97C
2022-09-26 10:00:00, 45.203800, -65.520600, 0, 2022, 9, 26, 10, 0, 14.21, 1005.0, -0.9, 4, 15.8, 0, 48, 26, 11, 002D2D280C1CF02F61360BFF000A50B345DF68DC
2022-09-26 09:00:00, 45.213200, -65.493400, 0, 2022, 9, 26, 9, 0, 14.39, 1004.4, -1.6, 3, 15.8, 0, 48, 70, 9, 002D2D240C10F26EF0F609FF000A50E245E3AA3C
2022-09-26 08:00:00, 45.235600, -65.446000, 0, 2022, 9, 26, 8, 0, 14.47, 1004.6, -2.0, 3, 15.8, 0, 44, 22, 7, 002D2D200C14F36EB0F607FF000A515245EB10BB
2022-09-26 07:00:00, 45.262400, -65.394600, 0, 2022, 9, 26, 7, 0, 14.46, 1005.9, -0.9, 2, 15.8, 0, 48, 52, 9, 002D2D1C0C2EF34F60B609FF000A51D845F319AC
2022-09-26 06:00:00, 45.283600, -65.353600, 0, 2022, 9, 26, 6, 0, 14.32, 1006.0, -1.4, 3, 15.8, 0, 44, 46, 6, 002D2D180C30F18F10F606FF000A524245F9817B
2022-09-26 05:00:00, 45.296200, -65.331600, 0, 2022, 9, 26, 5, 0, 14.22, 1006.6, -0.8, 4, 15.8, 0, 48, 50, 6, 002D2D140C3CF04F713606FF000A528145FCF19C
2022-09-26 04:00:00, 45.299200, -65.329400, 0, 2022, 9, 26, 4, 0, 14.26, 1006.8, -0.6, 3, 15.8, 0, 48, 22, 10, 002D2D100C40F0CF90F60AFF000A529045FD48BC
2022-09-26 03:00:00, 45.290200, -65.349400, 0, 2022, 9, 26, 3, 0, 14.12, 1007.4, -0.5, 3, 15.8, 0, 48, 26, 11, 002D2D0C0C4CEF0FA0F60BFF000A526345FA28DC
2022-09-26 02:00:00, 45.273000, -65.386400, 0, 2022, 9, 26, 2, 0, 14.28, 1007.4, -0.4, 4, 15.8, 0, 44, 50, 10, 002D2D080C4CF10FB1360AFF000A520D45F4619B
2022-09-26 01:00:00, 45.246600, -65.435600, 0, 2022, 9, 26, 1, 0, 14.44, 1007.5, -0.4, 6, 15.8, 0, 48, 40, 11, 002D2D040C4EF30FB1B60BFF000A518945ECB14C
2022-09-26 00:00:00, 45.221000, -65.484200, 0, 2022, 9, 26, 0, 0, 14.38, 1007.8, 0.1, 4, 15.8, 0, 48, 112, 10, 002D2D000C54F25001360AFF000A510945E51B8C
2022-09-25 23:00:00, 45.203200, -65.514000, 0, 2022, 9, 25, 23, 0, 14.30, 1007.9, 0.3, 4, 15.8, 0, 48, 26, 10, 002D2CDC0C56F15021360AFF000A50B045E070DC
2022-09-25 22:00:00, 45.196400, -65.521600, 0, 2022, 9, 25, 22, 0, 14.41, 1007.9, 0.8, 3, 15.8, 0, 48, 70, 12, 002D2CD80C56F2B070F60CFF000A508E45DF423C
2022-09-25 21:00:00, 45.201000, -65.504400, 0, 2022, 9, 25, 21, 0, 14.51, 1007.7, 0.7, 6, 15.8, 0, 52, 82, 9, 002D2CD40C52F3F061B609FF000A50A545E1F29D
2022-09-25 20:00:00, 45.218000, -65.464400, 0, 2022, 9, 25, 20, 0, 14.56, 1007.6, 0.9, 5, 15.8, 0, 48, 32, 18, 002D2CD00C50F490817612FF000A50FA45E8310C
2022-09-25 19:00:00, 45.247000, -65.410600, 0, 2022, 9, 25, 19, 0, 14.62, 1007.1, 0.6, 4, 15.8, 0, 48, 70, 9, 002D2CCC0C46F550513609FF000A518B45F09A3C
2022-09-25 18:00:00, 45.271000, -65.361600, 0, 2022, 9, 25, 18, 0, 14.62, 1006.9, 0.5, 3, 15.8, 0, 44, 52, 10, 002D2CC80C42F55040F60AFF000A520345F841AB
2022-09-25 17:00:00, 45.287600, -65.333800, 0, 2022, 9, 25, 17, 0, 14.59, 1006.7, 0.0, 3, 15.8, 0, 48, 76, 7, 002D2CC40C3EF4EFF0F607FF000A525645FC9A6C
2022-09-25 16:00:00, 45.296800, -65.327800, 0, 2022, 9, 25, 16, 0, 14.64, 1006.5, -0.3, 5, 15.8, 0, 48, 22, 10, 002D2CC00C3AF58FC1760AFF000A528445FD88BC
2022-09-25 15:00:00, 45.295400, -65.343600, 0, 2022, 9, 25, 15, 0, 14.71, 1006.5, -0.1, 4, 15.8, 0, 44, 56, 11, 002D2CBC0C3AF66FE1360BFF000A527D45FB11CB
2022-09-25 14:00:00, 45.283000, -65.377200, 0, 2022, 9, 25, 14, 0, 14.52, 1006.7, 0.2, 4, 15.8, 0, 44, 70, 11, 002D2CB80C3EF41011360BFF000A523F45F5D23B
2022-09-25 13:00:00, 45.261400, -65.420600, 0, 2022, 9, 25, 13, 0, 14.57, 1006.8, 0.4, 4, 15.8, 0, 48, 46, 9, 002D2CB40C40F4B0313609FF000A51D345EF097C
2022-09-25 12:00:00, 45.237800, -65.469000, 0, 2022, 9, 25, 12, 0, 14.66, 1006.6, 0.7, 4, 15.8, 0, 44, 56, 11, 002D2CB00C3CF5D061360BFF000A515D45E779CB
2022-09-25 11:00:00, 45.217400, -65.500200, 0, 2022, 9, 25, 11, 0, 14.66, 1006.5, 1.0, 4, 15.8, 0, 48, 76, 10, 002D2CAC0C3AF5D091360AFF000A50F745E29A6C
2022-09-25 10:00:00, 45.206400, -65.505400, 0, 2022, 9, 25, 10, 0, 14.66, 1006.4, 1.7, 5, 15.8, 0, 48, 112, 10, 002D2CA80C38F5D101760AFF000A50C045E1CB8C
2022-09-25 09:00:00, 45.208800, -65.487600, 0, 2022, 9, 25, 9, 0, 14.67, 1005.9, 2.0, 4, 15.8, 0, 44, 142, 10, 002D2CA40C2EF5F131360AFF000A50CC45E4947B
2022-09-25 08:00:00, 45.223800, -65.450800, 0, 2022, 9, 25, 8, 0, 14.65, 1005.5, 2.1, 6, 15.8, 0, 44, 100, 9, 002D2CA00C26F5B141B609FF000A511745EA532B
2022-09-25 07:00:00, 45.249800, -65.402800, 0, 2022, 9, 25, 7, 0, 14.65, 1004.7, 2.2, 6, 15.8, 0, 44, 80, 11, 002D2C9C0C16F5B151B60BFF000A519945F1D28B
2022-09-25 06:00:00, 45.273000, -65.357400, 0, 2022, 9, 25, 6, 0, 14.75, 1003.9, 2.0, 4, 15.8, 0, 44, 22, 9, 002D2C980C06F6F1313609FF000A520D45F8E8BB
2022-09-25 05:00:00, 45.289600, -65.329800, 0, 2022, 9, 25, 5, 0, 14.75, 1003.4, 2.1, 4, 15.8, 0, 48, 92, 15, 002D2C940BFCF6F141360FFF000A526045FD3AEC
2022-09-25 04:00:00, 45.301000, -65.319000, 0, 2022, 9, 25, 4, 0, 14.60, 1002.5, 1.7, 4, 15.8, 0, 48, 76, 10, 002D2C900BEAF51101360AFF000A529945FEEA6C
2022-09-25 03:00:00, 45.302600, -65.328600, 0, 2022, 9, 25, 3, 0, 14.61, 1001.9, 2.0, 4, 15.8, 0, 44, 46, 12, 002D2C8C0BDEF53131360CFF000A52A145FD697B
2022-09-25 02:00:00, 45.294400, -65.357600, 0, 2022, 9, 25, 2, 0, 14.57, 1001.3, 2.2, 4, 15.8, 0, 44, 106, 6, 002D2C880BD2F4B1513606FF000A527845F8E35B
2022-09-25 01:00:00, 45.277000, -65.399800, 0, 2022, 9, 25, 1, 0, 14.55, 1000.8, 3.1, 4, 15.8, 0, 48, 56, 10, 002D2C840BC8F471E1360AFF000A522145F249CC
2022-09-25 00:00:00, 45.255000, -65.444200, 0, 2022, 9, 25, 0, 0, 14.52, 1000.0, 3.5, 4, 15.8, 0, 44, 140, 18, 002D2C800BB8F412213612FF000A51B345EB5C6B
2022-09-24 23:00:00, 45.232000, -65.484800, 0, 2022, 9, 24, 23, 0, 14.64, 999.1, 3.4, 4, 16.0, 0, 48, 44, 10, 002D2C5C0BA6F59211370AFF000A514045E5016C
2022-09-24 22:00:00, 45.217800, -65.497600, 0, 2022, 9, 24, 22, 0, 14.69, 997.8, 2.9, 5, 16.0, 0, 48, 90, 7, 002D2C580B8CF631C17707FF000A50F945E302DC
2022-09-24 21:00:00, 45.216400, -65.489400, 0, 2022, 9, 24, 21, 0, 14.76, 996.4, 3.2, 4, 16.0, 0, 48, 230, 10, 002D2C540B70F711F1370AFF000A50F245E44F3C
2022-09-24 20:00:00, 45.229000, -65.459600, 0, 2022, 9, 24, 20, 0, 14.76, 995.7, 2.9, 6, 16.0, 0, 48, 84, 10, 002D2C500B62F711C1B70AFF000A513145E8F2AC
2022-09-24 19:00:00, 45.252000, -65.415400, 0, 2022, 9, 24, 19, 0, 14.84, 994.9, 2.9, 4, 16.0, 0, 44, 162, 6, 002D2C4C0B52F811C13706FF000A51A445EFDD1B
2022-09-24 18:00:00, 45.303600, -65.333000, 0, 2022, 9, 24, 18, 0, 14.84, 993.3, 2.9, 5, 16.0, 61, 44, 254, 9, 002D2C480B32F811C17709FF03DA52A645FCBFFB
2022-09-24 17:00:00, 45.303600, -65.333000, 0, 2022, 9, 24, 17, 0, 14.83, 992.8, 3.4, 6, 16.0, 0, 48, 140, 10, 002D2C440B28F7F211B70AFF000A52A645FCBC6C
2022-09-24 16:00:00, 45.322800, -65.310600, 0, 2022, 9, 24, 16, 0, 14.88, 991.9, 3.3, 4, 16.0, 0, 48, 112, 25, 002D2C400B16F892013719FF000A530646003B8C
2022-09-24 15:00:00, 45.335200, -65.308000, 0, 2022, 9, 24, 15, 0, 14.97, 990.3, 2.2, 5, 16.0, 0, 48, 52, 15, 002D2C3C0AF6F9B151770FFF000A53444600A1AC
2022-09-24 14:00:00, 45.339600, -65.324000, 0, 2022, 9, 24, 14, 0, 15.04, 989.3, 1.4, 6, 16.0, 0, 44, 116, 19, 002D2C380AE2FA90D1B713FF000A535A45FE23AB
2022-09-24 13:00:00, 45.335600, -65.353800, 0, 2022, 9, 24, 13, 0, 15.02, 988.6, 1.3, 5, 16.0, 0, 44, 56, 10, 002D2C340AD4FA50C1770AFF000A534645F979CB
2022-09-24 12:00:00, 45.324800, -65.387200, 0, 2022, 9, 24, 12, 0, 15.07, 988.1, 0.9, 5, 16.0, 0, 40, 164, 11, 002D2C300ACAFAF081770BFF000A531045F4452A
2022-09-24 11:00:00, 45.311200, -65.422600, 0, 2022, 9, 24, 11, 0, 15.10, 987.9, 1.6, 4, 16.0, 0, 48, 112, 9, 002D2C2C0AC6FB50F13709FF000A52CC45EEBB8C
2022-09-24 10:00:00, 45.299000, -65.452800, 0, 2022, 9, 24, 10, 0, 15.13, 987.3, 1.3, 4, 16.0, 0, 48, 128, 8, 002D2C280ABAFBB0C13708FF000A528F45EA040C
2022-09-24 09:00:00, 45.293600, -65.465000, 0, 2022, 9, 24, 9, 0, 15.21, 987.2, 3.7, 4, 16.0, 0, 48, 40, 11, 002D2C240AB8FCB241370BFF000A527445E8194C
2022-09-24 08:00:00, 45.300400, -65.453800, 0, 2022, 9, 24, 8, 0, 15.21, 986.4, 1.2, 4, 16.0, 0, 48, 52, 23, 002D2C200AA8FCB0B13717FF000A529645E9D9AC
2022-09-24 07:00:00, 45.316200, -65.423800, 0, 2022, 9, 24, 7, 0, 15.31, 986.0, -1.8, 4, 16.0, 0, 48, 62, 9, 002D2C1C0AA0FDEED13709FF000A52E545EE89FC
2022-09-24 06:00:00, 45.337600, -65.387000, 0, 2022, 9, 24, 6, 0, 15.34, 983.5, -5.8, 5, 16.0, 0, 44, 76, 7, 002D2C180A6EFE4C517707FF000A535045F44A6B
2022-09-24 05:00:00, 45.359200, -65.352200, 0, 2022, 9, 24, 5, 0, 15.45, 985.2, -6.1, 5, 16.0, 0, 44, 110, 7, 002D2C140A90FFAC217707FF000A53BC45F9BB7B
2022-09-24 04:00:00, 45.377000, -65.327000, 0, 2022, 9, 24, 4, 0, 15.51, 987.8, -6.4, 4, 16.0, 0, 44, 106, 8, 002D2C100AC5006BF13708FF000A541545FDAB5B
2022-09-24 03:00:00, 45.389800, -65.316600, 0, 2022, 9, 24, 3, 0, 15.66, 989.2, -6.5, 4, 16.0, 0, 48, 82, 9, 002D2C0C0AE1024BE13709FF000A545545FF4A9C
2022-09-24 02:00:00, 45.395200, -65.323400, 0, 2022, 9, 24, 2, 0, 15.66, 991.3, -5.6, 4, 16.0, 0, 44, 146, 12, 002D2C080B0B024C71370CFF000A547045FE3C9B
2022-09-24 01:00:00, 45.391800, -65.345600, 0, 2022, 9, 24, 1, 0, 15.73, 994.2, -4.6, 3, 16.0, 0, 48, 74, 7, 002D2C040B45032D10F707FF000A545F45FAC25C
2022-09-24 00:00:00, 45.383600, -65.372000, 0, 2022, 9, 24, 0, 0, 15.73, 995.7, -4.6, 5, 16.0, 0, 44, 152, 9, 002D2C000B63032D117709FF000A543645F6A4CB
2022-09-23 23:00:00, 45.372200, -65.400800, 0, 2022, 9, 23, 23, 0, 15.84, 996.8, -4.4, 3, 16.0, 0, 48, 70, 10, 002D2BDC0B79048D30F70AFF000A53FD45F2223C
2022-09-23 22:00:00, 45.360200, -65.422800, 0, 2022, 9, 23, 22, 0, 15.91, 998.8, -2.6, 3, 16.0, 0, 48, 114, 7, 002D2BD80BA1056E50F707FF000A53C145EEB39C
2022-09-23 21:00:00, 45.352800, -65.434000, 0, 2022, 9, 23, 21, 0, 15.92, 1000.3, -1.3, 2, 16.0, 0, 48, 26, 10, 002D2BD40BBF058F20B70AFF000A539C45ECF0DC
2022-09-23 20:00:00, 45.353400, -65.430000, 0, 2022, 9, 23, 20, 0, 15.94, 1001.2, -0.6, 2, 16.0, 0, 48, 26, 9, 002D2BD00BD105CF90B709FF000A539F45ED90DC
2022-09-23 19:00:00, 45.362000, -65.409200, 0, 2022, 9, 23, 19, 0, 15.91, 1001.4, -0.9, 2, 16.0, 0, 48, 26, 11, 002D2BCC0BD5056F60B70BFF000A53CA45F0D0DC
2022-09-23 18:00:00, 45.375800, -65.375400, 0, 2022, 9, 23, 18, 0, 15.94, 1001.6, 0.6, 2, 16.0, 0, 44, 22, 9, 002D2BC80BD905D050B709FF000A540F45F618BB
2022-09-23 17:00:00, 45.392600, -65.340600, 0, 2022, 9, 23, 17, 0, 15.89, 1001.8, 0.5, 2, 16.0, 0, 48, 22, 10, 002D2BC40BDD053040B70AFF000A546345FB88BC
2022-09-23 16:00:00, 45.407800, -65.312200, 0, 2022, 9, 23, 16, 0, 15.92, 1002.3, 0.7, 2, 16.0, 0, 44, 22, 7, 002D2BC00BE7059060B707FF000A54AF45FFF8BB
2022-09-23 15:00:00, 45.418000, -65.294400, 0, 2022, 9, 23, 15, 0, 15.91, 1001.0, -0.1, 2, 16.0, 0, 48, 22, 7, 002D2BBC0BCD056FE0B707FF000A54E24602C0BC
2022-09-23 14:00:00, 45.421200, -65.289000, 0, 2022, 9, 23, 14, 0, 15.88, 1001.3, 0.6, 3, 16.0, 0, 44, 22, 10, 002D2BB80BD3051050F70AFF000A54F2460398BB
2022-09-23 13:00:00, 45.417600, -65.298400, 0, 2022, 9, 23, 13, 0, 15.88, 1001.7, 2.3, 2, 16.0, 0, 48, 22, 8, 002D2BB40BDB051160B708FF000A54E0460220BC
2022-09-23 12:00:00, 45.407800, -65.318400, 0, 2022, 9, 23, 12, 0, 15.92, 1001.1, 2.9, 3, 16.0, 0, 48, 22, 9, 002D2BB00BCF0591C0F709FF000A54AF45FF00BC
2022-09-23 11:00:00, 45.394000, -65.342200, 0, 2022, 9, 23, 11, 0, 15.88, 1000.7, 2.9, 3, 16.0, 0, 48, 22, 10, 002D2BAC0BC70511C0F70AFF000A546A45FB48BC
2022-09-23 10:00:00, 45.380800, -65.361000, 0, 2022, 9, 23, 10, 0, 15.99, 999.4, 2.7, 4, 16.0, 0, 48, 22, 12, 002D2BA80BAD0671A1370CFF000A542845F858BC
2022-09-23 09:00:00, 45.371600, -65.369000, 0, 2022, 9, 23, 9, 0, 16.01, 998.2, 2.9, 3, 16.0, 0, 48, 44, 6, 002D2BA40B9506B1C0F706FF000A53FA45F7196C
2022-09-23 08:00:00, 45.369800, -65.360600, 0, 2022, 9, 23, 8, 0, 15.96, 997.8, 2.3, 3, 16.0, 0, 48, 62, 12, 002D2BA00B8D061160F70CFF000A53F145F869FC
2022-09-23 07:00:00, 45.375800, -65.338400, 0, 2022, 9, 23, 7, 0, 15.98, 996.6, 2.5, 3, 16.0, 0, 48, 22, 9, 002D2B9C0B75065180F709FF000A540F45FBE0BC
2022-09-23 06:00:00, 45.386600, -65.304400, 0, 2022, 9, 23, 6, 0, 16.01, 995.3, 2.0, 4, 16.0, 0, 44, 86, 10, 002D2B980B5B06B131370AFF000A5445460132BB
2022-09-23 05:00:00, 45.401800, -65.263200, 0, 2022, 9, 23, 5, 0, 15.93, 995.5, 2.8, 3, 16.0, 0, 48, 44, 13, 002D2B940B5F05B1B0F70DFF000A54914607A16C
2022-09-23 04:00:00, 45.419200, -65.225400, 0, 2022, 9, 23, 4, 0, 15.95, 994.2, -0.5, 5, 16.0, 0, 48, 52, 11, 002D2B900B4505EFA1770BFF000A54E8460D89AC
2022-09-23 03:00:00, 45.434000, -65.198400, 0, 2022, 9, 23, 3, 0, 15.90, 993.3, -2.7, 5, 16.0, 0, 48, 58, 8, 002D2B8C0B33054E417708FF000A55324611C1DC
2022-09-23 02:00:00, 45.442000, -65.187400, 0, 2022, 9, 23, 2, 0, 15.94, 992.7, -4.2, 4, 16.0, 0, 44, 26, 6, 002D2B880B2705CD513706FF000A555A461378DB
2022-09-23 01:00:00, 45.442000, -65.192000, 0, 2022, 9, 23, 1, 0, 16.00, 994.6, -3.2, 4, 16.0, 0, 48, 58, 20, 002D2B840B4D068DF13714FF000A555A4612C1DC
2022-09-23 00:00:00, 45.435000, -65.210800, 0, 2022, 9, 23, 0, 0, 15.92, 996.0, -2.6, 4, 16.0, 0, 44, 104, 9, 002D2B800B69058E513709FF000A5537460FD34B
2022-09-22 23:00:00, 45.424600, -65.237200, 0, 2022, 9, 22, 23, 0, 15.96, 997.0, -2.1, 4, 16.0, 0, 48, 86, 10, 002D2B5C0B7D060EA1370AFF000A5503460BB2BC
2022-09-22 22:00:00, 45.414600, -65.260800, 0, 2022, 9, 22, 22, 0, 15.96, 997.8, -3.4, 4, 16.0, 0, 48, 46, 13, 002D2B580B8D060DD1370DFF000A54D14608017C
2022-09-22 21:00:00, 45.407800, -65.274600, 0, 2022, 9, 22, 21, 0, 16.05, 998.5, -3.6, 3, 16.0, 0, 48, 38, 9, 002D2B540B9B072DB0F709FF000A54AF4605D93C
2022-09-22 20:00:00, 45.407200, -65.275800, 0, 2022, 9, 22, 20, 0, 16.12, 999.0, -4.2, 4, 16.0, 0, 52, 26, 10, 002D2B500BA5080D51370AFF000A54AC4605A8DD
2022-09-22 19:00:00, 45.412800, -65.263200, 0, 2022, 9, 22, 19, 0, 16.09, 1001.2, -2.8, 3, 16.0, 0, 48, 26, 10, 002D2B4C0BD107AE30F70AFF000A54C84607A0DC
2022-09-22 18:00:00, 45.422000, -65.242600, 0, 2022, 9, 22, 18, 0, 16.09, 1002.1, -2.4, 3, 16.0, 0, 44, 26, 11, 002D2B480BE307AE70F70BFF000A54F6460AD8DB
2022-09-22 17:00:00, 45.435000, -65.217200, 0, 2022, 9, 22, 17, 0, 16.17, 1003.2, -2.2, 3, 16.0, 0, 48, 22, 8, 002D2B440BF908AE90F708FF000A5537460ED0BC
2022-09-22 16:00:00, 45.448200, -65.190000, 0, 2022, 9, 22, 16, 0, 16.10, 1004.0, -1.4, 3, 16.0, 0, 48, 22, 8, 002D2B400C0907CF10F708FF000A5579461310BC
2022-09-22 15:00:00, 45.460800, -65.163200, 0, 2022, 9, 22, 15, 0, 16.11, 1004.5, -1.4, 3, 16.0, 0, 48, 40, 10, 002D2B3C0C1307EF10F70AFF000A55B84617414C
2022-09-22 14:00:00, 45.468000, -65.147400, 0, 2022, 9, 22, 14, 0, 16.15, 1005.4, -1.2, 3, 16.0, 0, 44, 82, 15, 002D2B380C25086F30F70FFF000A55DC4619BA9B
2022-09-22 13:00:00, 45.469400, -65.146600, 0, 2022, 9, 22, 13, 0, 16.15, 1005.5, -1.0, 3, 16.0, 0, 48, 26, 10, 002D2B340C27086F50F70AFF000A55E34619D8DC
2022-09-22 12:00:00, 45.466800, -65.159800, 0, 2022, 9, 22, 12, 0, 16.12, 1005.9, -0.8, 5, 16.0, 0, 48, 82, 9, 002D2B300C2F080F717709FF000A55D64617CA9C
2022-09-22 11:00:00, 45.459400, -65.182400, 0, 2022, 9, 22, 11, 0, 16.04, 1006.6, -0.8, 4, 16.0, 0, 48, 76, 7, 002D2B2C0C3D070F713707FF000A55B14614426C
2022-09-22 10:00:00, 45.449000, -65.207600, 0, 2022, 9, 22, 10, 0, 16.13, 1006.4, -1.1, 6, 16.0, 0, 48, 26, 10, 002D2B280C39082F41B70AFF000A557D461050DC
2022-09-22 09:00:00, 45.437800, -65.229400, 0, 2022, 9, 22, 9, 0, 16.12, 1006.7, -0.9, 3, 16.0, 0, 48, 82, 8, 002D2B240C3F080F60F708FF000A5545460CEA9C
2022-09-22 08:00:00, 45.430400, -65.247400, 0, 2022, 9, 22, 8, 0, 16.17, 1007.5, -0.3, 3, 16.0, 0, 44, 74, 14, 002D2B200C4F08AFC0F70EFF000A5520460A1A5B
2022-09-22 07:00:00, 45.428800, -65.249600, 0, 2022, 9, 22, 7, 0, 16.15, 1007.5, 0.0, 2, 16.0, 0, 48, 22, 9, 002D2B1C0C4F086FF0B709FF000A55184609C0BC
2022-09-22 06:00:00, 45.434600, -65.237200, 0, 2022, 9, 22, 6, 0, 16.18, 1007.6, -0.5, 2, 16.0, 0, 44, 22, 8, 002D2B180C5108CFA0B708FF000A5535460BB0BB
2022-09-22 05:00:00, 45.446000, -65.217200, 0, 2022, 9, 22, 5, 0, 16.17, 1007.8, -0.3, 2, 16.0, 0, 48, 26, 15, 002D2B140C5508AFC0B70FFF000A556E460ED0DC
2022-09-22 04:00:00, 45.459600, -65.189800, 0, 2022, 9, 22, 4, 0, 16.42, 1007.6, -0.8, 2, 16.0, 0, 48, 22, 10, 002D2B100C510BCF70B70AFF000A55B2461318BC
2022-09-22 03:00:00, 45.472800, -65.158800, 0, 2022, 9, 22, 3, 0, 16.44, 1008.1, -0.5, 2, 16.0, 0, 48, 22, 8, 002D2B0C0C5B0C0FA0B708FF000A55F44617F0BC
2022-09-22 02:00:00, 45.483000, -65.136400, 0, 2022, 9, 22, 2, 0, 16.23, 1008.0, -0.5, 2, 16.0, 0, 48, 22, 7, 002D2B080C59096FA0B707FF000A5627461B70BC
2022-09-22 01:00:00, 45.488200, -65.124800, 0, 2022, 9, 22, 1, 0, 16.20, 1008.4, 0.2, 2, 16.0, 0, 48, 22, 9, 002D2B040C61091010B709FF000A5641461D40BC
2022-09-22 00:00:00, 45.488400, -65.125800, 0, 2022, 9, 22, 0, 0, 16.20, 1008.6, 0.4, 2, 16.0, 0, 44, 22, 10, 002D2B000C65091030B70AFF000A5642461D18BB
2022-09-21 23:00:00, 45.484000, -65.137400, 0, 2022, 9, 21, 23, 0, 16.22, 1008.5, -0.1, 3, 16.0, 0, 48, 22, 6, 002D2ADC0C63094FE0F706FF000A562C461B48BC
2022-09-21 22:00:00, 45.476200, -65.156200, 0, 2022, 9, 21, 22, 0, 16.26, 1008.1, -0.8, 1, 16.0, 0, 52, 22, 8, 002D2AD80C5B09CF707708FF000A5605461858BD
2022-09-21 21:00:00, 45.465800, -65.179200, 0, 2022, 9, 21, 21, 0, 16.59, 1008.2, -0.9, 2, 16.0, 0, 48, 22, 9, 002D2AD40C5D0DEF60B709FF000A55D14614C0BC
2022-09-21 20:00:00, 45.457600, -65.199800, 0, 2022, 9, 21, 20, 0, 16.46, 1008.6, -0.4, 3, 16.0, 0, 48, 22, 8, 002D2AD00C650C4FB0F708FF000A55A8461188BC
2022-09-21 19:00:00, 45.452600, -65.208000, 0, 2022, 9, 21, 19, 0, 16.41, 1009.0, -0.4, 10, 16.0, 0, 48, 22, 9, 002D2ACC0C6D0BAFB2B709FF000A558F461040BC
2022-09-21 18:00:00, 45.454400, -65.202000, 0, 2022, 9, 21, 18, 0, 16.83, 1009.1, -0.8, 2, 16.0, 0, 44, 22, 10, 002D2AC80C6F10EF70B70AFF000A5598461130BB
2022-09-21 17:00:00, 45.462200, -65.183400, 0, 2022, 9, 21, 17, 0, 17.03, 1009.0, -1.0, 2, 16.0, 0, 48, 22, 6, 002D2AC40C6D136F50B706FF000A55BF461418BC
2022-09-21 16:00:00, 45.473400, -65.157200, 0, 2022, 9, 21, 16, 0, 16.47, 1009.4, -0.4, 2, 16.0, 0, 48, 22, 7, 002D2AC00C750C6FB0B707FF000A55F7461830BC
2022-09-21 15:00:00, 45.484000, -65.128600, 0, 2022, 9, 21, 15, 0, 16.32, 1009.9, 0.4, 2, 16.0, 0, 48, 22, 10, 002D2ABC0C7F0A9030B70AFF000A562C461CA8BC
2022-09-21 14:00:00, 45.493200, -65.100400, 0, 2022, 9, 21, 14, 0, 16.27, 1010.0, 0.2, 2, 16.0, 0, 44, 22, 11, 002D2AB80C8109F010B70BFF000A565A462110BB
2022-09-21 13:00:00, 45.499600, -65.080600, 0, 2022, 9, 21, 13, 0, 16.24, 1009.8, 0.0, 3, 16.0, 0, 48, 22, 7, 002D2AB40C7D098FF0F707FF000A567A462428BC
2022-09-21 12:00:00, 45.500800, -65.073400, 0, 2022, 9, 21, 12, 0, 16.18, 1009.4, -0.5, 3, 16.0, 0, 48, 22, 8, 002D2AB00C7508CFA0F708FF000A5680462548BC
2022-09-21 11:00:00, 45.496400, -65.078200, 0, 2022, 9, 21, 11, 0, 16.20, 1009.7, -0.7, 4, 16.0, 0, 48, 52, 9, 002D2AAC0C7B090F813709FF000A566A462489AC
2022-09-21 10:00:00, 45.487000, -65.091400, 0, 2022, 9, 21, 10, 0, 16.27, 1009.7, -1.1, 3, 16.0, 0, 48, 52, 7, 002D2AA80C7B09EF40F707FF000A563B462279AC
2022-09-21 09:00:00, 45.475600, -65.107400, 0, 2022, 9, 21, 9, 0, 16.32, 1010.0, -1.4, 3, 16.0, 0, 48, 52, 10, 002D2AA40C810A8F10F70AFF000A5602461FF9AC
2022-09-21 08:00:00, 45.464600, -65.120800, 0, 2022, 9, 21, 8, 0, 16.29, 1010.4, -1.3, 3, 16.0, 0, 44, 28, 10, 002D2AA00C890A2F20F70AFF000A55CB461DE0EB
2022-09-21 07:00:00, 45.456600, -65.125200, 0, 2022, 9, 21, 7, 0, 16.34, 1010.8, -1.3, 3, 16.0, 0, 48, 26, 13, 002D2A9C0C910ACF20F70DFF000A55A3461D30DC
2022-09-21 06:00:00, 45.454600, -65.118800, 0, 2022, 9, 21, 6, 0, 16.36, 1011.3, -1.1, 3, 16.0, 0, 44, 28, 10, 002D2A980C9B0B0F40F70AFF000A5599461E30EB
2022-09-21 05:00:00, 45.459000, -65.099400, 0, 2022, 9, 21, 5, 0, 16.26, 1011.7, -1.0, 3, 16.0, 0, 48, 50, 10, 002D2A940CA309CF50F70AFF000A55AF4621399C
2022-09-21 04:00:00, 45.468200, -65.072200, 0, 2022, 9, 21, 4, 0, 16.28, 1012.1, -1.1, 4, 16.0, 0, 48, 24, 8, 002D2A900CAB0A0F413708FF000A55DD462578CC
2022-09-21 03:00:00, 45.479600, -65.041600, 0, 2022, 9, 21, 3, 0, 16.24, 1012.4, -1.0, 3, 16.0, 0, 48, 26, 16, 002D2A8C0CB1098F50F710FF000A5616462A40DC
2022-09-21 02:00:00, 45.489800, -65.014400, 0, 2022, 9, 21, 2, 0, 16.24, 1012.7, -0.7, 2, 16.0, 0, 44, 50, 11, 002D2A880CB7098F80B70BFF000A5649462E819B
2022-09-21 01:00:00, 45.497600, -64.993400, 0, 2022, 9, 21, 1, 0, 16.23, 1013.2, -0.5, 3, 16.0, 0, 48, 22, 7, 002D2A840CC1096FA0F707FF000A56704631C8BC
2022-09-21 00:00:00, 45.500200, -64.985600, 0, 2022, 9, 21, 0, 0, 16.25, 1013.5, -0.2, 3, 16.0, 0, 44, 52, 7, 002D2A800CC709AFD0F707FF000A567D463301AB
2022-09-20 23:00:00, 45.496800, -64.991200, 0, 2022, 9, 20, 23, 0, 16.25, 1013.4, 0.0, 4, 16.0, 0, 48, 56, 22, 002D2A5C0CC509AFF13716FF000A566C463221CC
2022-09-20 22:00:00, 45.487400, -65.007800, 0, 2022, 9, 20, 22, 0, 16.23, 1013.7, 0.0, 4, 16.0, 0, 48, 44, 8, 002D2A580CCB096FF13708FF000A563D462F896C
2022-09-20 21:00:00, 45.474000, -65.030400, 0, 2022, 9, 20, 21, 0, 16.31, 1013.7, 0.0, 3, 16.0, 0, 48, 22, 9, 002D2A540CCB0A6FF0F709FF000A55FA462C00BC
2022-09-20 20:18:00, 45.463200, -65.042800, 0, 2022, 9, 20, 20, 18, 13.13, 1013.5, 0.0, 63, 16.0, 0, 52, 62, 0, 002D2A512CC6E2AFFFF700FF000A55C4462A11FD
